latitude,longitude,brightness,scan,track,acq_date,acq_time,satellite,instrument,confidence,version,bright_t31,frp,daynight,type
-16.144,136.7135,367.6,1.4,1.2,1/8/2019,0058,Terra,MODIS,100,6.3,307.8,162.2,D,0
-34.1465,116.3881,401.5,1.5,1.2,1/8/2019,0241,Terra,MODIS,100,6.3,295.7,461.8,D,0
-34.1486,116.3819,402.3,1.5,1.2,1/8/2019,0241,Terra,MODIS,100,6.3,295.1,470.3,D,0
-14.8508,144.3189,387.4,1.7,1.3,1/8/2019,0346,Aqua,MODIS,100,6.3,306.6,405.8,D,0
-14.8462,144.3233,386.6,1.7,1.3,1/8/2019,0346,Aqua,MODIS,100,6.3,302.5,395.1,D,0
-14.8481,144.307,365.4,1.8,1.3,1/8/2019,0346,Aqua,MODIS,100,6.3,299.9,214.6,D,0
-16.0782,125.8966,369.2,1,1,1/8/2019,0524,Aqua,MODIS,100,6.3,314.4,103.1,D,0
-14.6462,130.5895,374,1.9,1.3,1/8/2019,0524,Aqua,MODIS,100,6.3,309.8,298.1,D,0
-14.7076,126.7537,366.3,1.1,1,1/8/2019,0524,Aqua,MODIS,100,6.3,313.2,95.5,D,0
-11.4028,130.8109,365.4,2.3,1.5,1/8/2019,0525,Aqua,MODIS,100,6.3,297.5,318.8,D,0
-11.3993,130.832,367.4,2.3,1.5,1/8/2019,0525,Aqua,MODIS,100,6.3,295.3,344.2,D,0
-14.7895,144.2807,364.3,1.1,1.1,1/8/2019,1311,Terra,MODIS,100,6.3,294.6,120.3,N,0
-14.7879,144.2913,364.8,1.1,1.1,1/8/2019,1311,Terra,MODIS,100,6.3,295.1,121.9,N,0
-14.7991,144.2823,321,1.1,1.1,1/8/2019,1311,Terra,MODIS,100,6.3,291.7,22.3,N,0
-14.7974,144.2929,340.5,1.1,1.1,1/8/2019,1311,Terra,MODIS,100,6.3,293.8,53.2,N,0
-14.7958,144.3035,323.8,1.2,1.1,1/8/2019,1311,Terra,MODIS,100,6.3,291.9,25,N,0
-14.7942,144.3141,322.2,1.2,1.1,1/8/2019,1311,Terra,MODIS,100,6.3,291.1,23.1,N,0
-15.7712,136.9987,326.7,1,1,1/8/2019,1615,Aqua,MODIS,100,6.3,290.9,26.4,N,0
-11.3928,130.8015,371.4,1,1,2/8/2019,0140,Terra,MODIS,100,6.3,306.3,112.7,D,0
-11.5029,130.2408,362.6,1,1,2/8/2019,0140,Terra,MODIS,100,6.3,303.4,92.2,D,3
-14.1901,130.6676,382.3,1,1,2/8/2019,0140,Terra,MODIS,100,6.3,307.8,156,D,0
-14.2018,130.6847,367.1,1,1,2/8/2019,0140,Terra,MODIS,100,6.3,309.4,99.1,D,0
-14.2239,130.7098,384.1,1,1,2/8/2019,0140,Terra,MODIS,100,6.3,311.8,162.1,D,0
-15.1929,129.9125,393.9,1,1,2/8/2019,0141,Terra,MODIS,100,6.3,309.5,209.9,D,0
-33.6361,122.857,375.5,1.1,1.1,2/8/2019,0146,Terra,MODIS,100,6.3,292.5,163.7,D,0
-16.1198,136.6612,360.2,1.1,1.1,2/8/2019,0428,Aqua,MODIS,100,6.3,313.5,86.9,D,0
-14.1709,130.6659,366.1,2.8,1.6,2/8/2019,0429,Aqua,MODIS,100,6.3,304.5,422.6,D,0
-14.1738,130.6399,384.2,2.8,1.6,2/8/2019,0429,Aqua,MODIS,100,6.3,310.9,730.3,D,0
-14.1593,130.638,363.1,2.8,1.6,2/8/2019,0429,Aqua,MODIS,100,6.3,300.8,390.4,D,0
-14.1683,130.6586,373,2.8,1.6,2/8/2019,0429,Aqua,MODIS,100,6.3,306.5,526.8,D,0
-14.1714,130.6324,364.8,2.8,1.6,2/8/2019,0429,Aqua,MODIS,100,6.3,309.6,406.5,D,0
-11.3919,130.7899,369.5,2.5,1.5,2/8/2019,0430,Aqua,MODIS,100,6.3,305.9,405.6,D,0
-12.4591,131.1083,363,2.5,1.5,2/8/2019,0430,Aqua,MODIS,100,6.3,310.5,308.9,D,0
-21.2477,120.1822,361.6,1.5,1.2,2/8/2019,0606,Aqua,MODIS,100,6.3,310.8,149.1,D,0
-14.2055,130.7206,326.7,1,1,2/8/2019,1354,Terra,MODIS,100,6.3,287.8,24,N,0
-14.1966,130.7192,327.4,1,1,2/8/2019,1354,Terra,MODIS,100,6.3,287.8,25,N,0
-14.1626,130.6983,320.4,1,1,2/8/2019,1354,Terra,MODIS,100,6.3,288.6,18,N,0
-14.1639,130.6891,338.1,1,1,2/8/2019,1354,Terra,MODIS,100,6.3,291.6,40.1,N,0
-14.1549,130.6878,356.7,1,1,2/8/2019,1354,Terra,MODIS,100,6.3,292,77.5,N,0
-14.1396,130.6666,322,1,1,2/8/2019,1354,Terra,MODIS,100,6.3,289.7,18.4,N,0
-14.1409,130.6573,326.9,1,1,2/8/2019,1354,Terra,MODIS,100,6.3,289.8,23.7,N,0
-14.1735,130.6875,329,1,1,2/8/2019,1354,Terra,MODIS,100,6.3,288.4,25.6,N,0
-13.067,132.9034,326.6,1.1,1.1,2/8/2019,1355,Terra,MODIS,100,6.3,291.9,28.6,N,0
-12.8209,132.8982,335.7,1.1,1.1,2/8/2019,1355,Terra,MODIS,100,6.3,295.5,42.9,N,0
-13.0623,132.9053,325.4,1.9,1.3,2/8/2019,1658,Aqua,MODIS,100,6.3,287.3,60.2,N,0
-14.1234,130.6601,323.6,1.3,1.1,2/8/2019,1658,Aqua,MODIS,100,6.3,288.7,31.6,N,0
-14.1353,130.671,326,1.3,1.1,2/8/2019,1658,Aqua,MODIS,100,6.3,288.1,34.3,N,0
-14.1369,130.6835,347,1.3,1.1,2/8/2019,1658,Aqua,MODIS,100,6.3,291.5,84.1,N,0
-14.1472,130.6816,346,1.3,1.1,2/8/2019,1658,Aqua,MODIS,100,6.3,291.9,79.6,N,0
-14.1832,130.7148,325.5,1.3,1.2,2/8/2019,1658,Aqua,MODIS,100,6.3,286.5,35.1,N,0
-21.1951,120.082,325.1,1.7,1.3,2/8/2019,1700,Aqua,MODIS,100,6.3,289.5,54.9,N,0
-21.198,120.0984,320.5,1.7,1.3,2/8/2019,1700,Aqua,MODIS,100,6.3,288.8,43.9,N,0
-20.8188,119.4181,380.3,1.1,1,3/8/2019,0225,Terra,MODIS,100,6.3,305.9,157.6,D,0
-14.0907,130.6342,360.5,1.2,1.1,3/8/2019,0512,Aqua,MODIS,100,6.3,311.6,98.8,D,0
-14.1553,129.9632,369.7,1.1,1.1,3/8/2019,0512,Aqua,MODIS,100,6.3,304.4,124.4,D,0
-13.875,129.7667,374.6,1.1,1.1,3/8/2019,0512,Aqua,MODIS,100,6.3,306.6,142.5,D,0
-13.8766,129.7565,434.7,1.1,1.1,3/8/2019,0512,Aqua,MODIS,100,6.3,321.8,610.1,D,0
-13.2018,133.8301,370.2,2.1,1.4,3/8/2019,0512,Aqua,MODIS,100,6.3,297.1,320.1,D,0
-13.205,133.8112,382.7,2.1,1.4,3/8/2019,0512,Aqua,MODIS,100,6.3,298.1,459.9,D,0
-14.9204,131.7997,368.7,1.4,1.2,3/8/2019,0512,Aqua,MODIS,100,6.3,313.5,161.2,D,0
-15.211,129.8795,369.6,1.1,1,3/8/2019,0512,Aqua,MODIS,100,6.3,310.8,117.6,D,0
-11.6504,130.4061,361,1.3,1.1,3/8/2019,0513,Aqua,MODIS,100,6.3,313.1,109.4,D,0
-11.6403,130.4045,367.1,1.3,1.1,3/8/2019,0513,Aqua,MODIS,100,6.3,309.1,136.1,D,0
-12.4003,131.1603,363.9,1.4,1.2,3/8/2019,0513,Aqua,MODIS,100,6.3,307.3,137.3,D,0
-12.4744,130.6313,375.2,1.3,1.1,3/8/2019,0513,Aqua,MODIS,100,6.3,303.5,181.7,D,0
-15.4643,142.2336,321.2,1.2,1.1,3/8/2019,1258,Terra,MODIS,100,6.3,289.6,25,N,0
-15.4625,142.2239,329.8,1.1,1,3/8/2019,1603,Aqua,MODIS,100,6.3,286.9,31.9,N,0
-13.367,132.0272,361.5,1.1,1,4/8/2019,0128,Terra,MODIS,100,6.3,306.3,85,D,0
-14.7672,142.0961,378.3,3.3,1.7,4/8/2019,0128,Terra,MODIS,100,6.3,297.9,796.6,D,0
-14.1971,130.0029,374.1,1.3,1.1,4/8/2019,0128,Terra,MODIS,100,6.3,304.3,178,D,0
-15.215,129.8958,362.9,1.3,1.1,4/8/2019,0128,Terra,MODIS,100,6.3,306.5,121.6,D,0
-15.4962,131.3662,375.2,1.1,1,4/8/2019,0128,Terra,MODIS,100,6.3,310.6,138.2,D,0
-15.4977,131.3761,362,1.1,1,4/8/2019,0128,Terra,MODIS,100,6.3,310.6,89.7,D,0
-15.5033,131.3692,367.5,1.1,1,4/8/2019,0128,Terra,MODIS,100,6.3,307.6,109.8,D,0
-15.5002,130.4602,363.1,1.2,1.1,4/8/2019,0129,Terra,MODIS,100,6.3,308.4,104.2,D,0
-16.3622,137.0209,373.8,1.7,1.3,4/8/2019,0416,Aqua,MODIS,100,6.3,301.4,256.1,D,0
-16.3641,137.0049,442.5,1.7,1.3,4/8/2019,0416,Aqua,MODIS,100,6.3,309.5,1336.9,D,0
-16.3526,137.0034,382.3,1.7,1.3,4/8/2019,0416,Aqua,MODIS,100,6.3,307.2,332.5,D,0
-16.3545,136.9875,362.9,1.7,1.3,4/8/2019,0416,Aqua,MODIS,100,6.3,301.6,184.5,D,0
-15.0096,130.6093,320.1,1.3,1.1,4/8/2019,1342,Terra,MODIS,100,6.3,291.3,26.8,N,0
-14.043,130.6216,333.2,1.3,1.1,4/8/2019,1342,Terra,MODIS,100,6.3,295.7,45.9,N,0
-13.4002,132.0815,342.2,1.1,1,4/8/2019,1342,Terra,MODIS,100,6.3,295,51.4,N,0
-12.6785,132.653,329.2,1,1,4/8/2019,1342,Terra,MODIS,100,6.3,291.7,28.8,N,0
-11.3547,130.9222,326.2,1.2,1.1,4/8/2019,1343,Terra,MODIS,100,6.3,291.8,29.3,N,0
-14.5996,130.677,327.9,1,1,4/8/2019,1646,Aqua,MODIS,100,6.3,291.6,26.1,N,0
-15.523,131.3474,321.5,1.1,1,4/8/2019,1646,Aqua,MODIS,100,6.3,293,20.1,N,0
-15.5243,131.3571,326.5,1.1,1,4/8/2019,1646,Aqua,MODIS,100,6.3,293.2,25.8,N,0
-15.1703,129.8847,360.6,1,1,5/8/2019,0500,Aqua,MODIS,100,6.3,290.2,83.5,D,0
-14.4608,129.5638,389.8,1,1,5/8/2019,0500,Aqua,MODIS,100,6.3,310.8,198.4,D,0
-14.4516,129.5625,367.2,1,1,5/8/2019,0500,Aqua,MODIS,100,6.3,301.5,101.7,D,0
-14.4529,129.5528,400.1,1.1,1,5/8/2019,0500,Aqua,MODIS,100,6.3,311.1,260.3,D,0
-14.0615,130.6455,369.1,1,1,5/8/2019,0500,Aqua,MODIS,100,6.3,312.9,96.3,D,0
-14.0448,130.6336,370.9,1,1,5/8/2019,0500,Aqua,MODIS,100,6.3,311.5,101.4,D,0
-14.0177,130.633,370.3,1,1,5/8/2019,0500,Aqua,MODIS,100,6.3,312.4,101.1,D,0
-13.9382,130.0852,387.1,1,1,5/8/2019,0500,Aqua,MODIS,100,6.3,313.5,173.5,D,0
-13.9395,130.0759,365.5,1,1,5/8/2019,0500,Aqua,MODIS,100,6.3,311.3,88.4,D,0
-11.3393,130.8982,362.2,1,1,5/8/2019,0501,Aqua,MODIS,100,6.3,297.6,85.6,D,0
-11.3379,130.9074,390.8,1,1,5/8/2019,0501,Aqua,MODIS,100,6.3,302.4,195.3,D,0
-11.3366,130.9166,384,1,1,5/8/2019,0501,Aqua,MODIS,100,6.3,305.1,161.1,D,0
-11.3727,130.9221,391.9,1,1,5/8/2019,0501,Aqua,MODIS,100,6.3,307.2,197.5,D,0
-11.3713,130.9313,395.2,1,1,5/8/2019,0501,Aqua,MODIS,100,6.3,308,216,D,0
-11.3289,130.9061,360.2,1,1,5/8/2019,0501,Aqua,MODIS,100,6.3,295.3,77.9,D,0
-36.3607,149.4297,330,1.3,1.1,5/8/2019,1240,Terra,MODIS,100,6.3,274,50.5,N,0
-28.0246,148.1619,343.8,1.2,1.1,5/8/2019,1243,Terra,MODIS,100,6.3,281.4,71.3,N,0
-25.0819,148.2864,324.6,1.1,1,5/8/2019,1243,Terra,MODIS,100,6.3,282.6,29.3,N,0
-25.0805,148.2973,321.9,1.1,1,5/8/2019,1243,Terra,MODIS,100,6.3,282.2,25.7,N,0
-25.0914,148.2879,322,1.1,1,5/8/2019,1243,Terra,MODIS,100,6.3,282.7,26.1,N,0
-30.8625,121.4985,328.8,1.8,1.3,5/8/2019,1734,Aqua,MODIS,100,6.3,281.7,73.7,N,2
-15.5518,130.5959,375.3,1.8,1.3,6/8/2019,0116,Terra,MODIS,100,6.3,304.5,298.7,D,0
-15.5582,130.4891,364.3,1.9,1.3,6/8/2019,0116,Terra,MODIS,100,6.3,303.9,211.7,D,0
-15.5483,130.4672,364.2,1.9,1.3,6/8/2019,0116,Terra,MODIS,100,6.3,304.9,213,D,0
-12.7475,131.5956,387.1,1.7,1.3,6/8/2019,0116,Terra,MODIS,100,6.3,306.6,387.6,D,0
-12.7502,131.6113,361.3,1.7,1.3,6/8/2019,0116,Terra,MODIS,100,6.3,305.3,176.9,D,0
-12.7591,131.5937,362.9,1.7,1.3,6/8/2019,0116,Terra,MODIS,100,6.3,302.6,186.5,D,0
-15.2161,130.3945,368.1,1.9,1.3,6/8/2019,0116,Terra,MODIS,100,6.3,299.1,263.3,D,0
-15.183,130.4188,361.7,1.9,1.3,6/8/2019,0116,Terra,MODIS,100,6.3,306.2,199,D,0
-15.1861,130.4364,375.5,1.9,1.3,6/8/2019,0116,Terra,MODIS,100,6.3,305.8,316.3,D,0
-15.1951,130.4167,370,1.9,1.3,6/8/2019,0116,Terra,MODIS,100,6.3,301,264.8,D,0
-15.3097,131.0771,367.1,1.7,1.3,6/8/2019,0116,Terra,MODIS,100,6.3,304.6,210.3,D,0
-15.2041,130.3968,377.9,1.9,1.3,6/8/2019,0116,Terra,MODIS,100,6.3,299.2,346.6,D,0
-15.2131,130.3768,384.4,1.9,1.4,6/8/2019,0116,Terra,MODIS,100,6.3,300.6,427.6,D,0
-32.2238,149.3754,363,1,1,6/8/2019,0359,Aqua,MODIS,100,6.3,299.8,90.3,D,0
-14.5831,130.6885,335.7,2.2,1.4,6/8/2019,1330,Terra,MODIS,100,6.3,292.7,114.6,N,0
-14.5935,130.7108,337,2.2,1.4,6/8/2019,1330,Terra,MODIS,100,6.3,292.4,118.2,N,0
-13.5036,132.1205,326.9,1.6,1.3,6/8/2019,1330,Terra,MODIS,100,6.3,294.4,48.8,N,0
-13.4904,132.1341,344.1,1.6,1.3,6/8/2019,1330,Terra,MODIS,100,6.3,296,101.3,N,0
-13.4923,132.119,326.3,1.6,1.3,6/8/2019,1330,Terra,MODIS,100,6.3,294.4,46.9,N,0
-13.5034,132.13,324.1,1.6,1.3,6/8/2019,1330,Terra,MODIS,100,6.3,294.5,41.7,N,0
-13.492,132.1286,344.7,1.6,1.3,6/8/2019,1330,Terra,MODIS,100,6.3,296.1,103.8,N,0
-13.4807,132.1271,340.6,1.6,1.3,6/8/2019,1330,Terra,MODIS,100,6.3,295.6,88.5,N,0
-13.4029,132.1106,320.1,1.6,1.3,6/8/2019,1330,Terra,MODIS,100,6.3,293.4,33.9,N,0
-12.6608,130.8882,337,2,1.4,6/8/2019,1330,Terra,MODIS,100,6.3,293.4,103.9,N,0
-12.663,130.8701,321.7,2,1.4,6/8/2019,1330,Terra,MODIS,100,6.3,292.3,51.6,N,0
-12.6582,130.8814,330.6,2,1.4,6/8/2019,1330,Terra,MODIS,100,6.3,293.1,79.2,N,0
-14.5816,130.6939,340.8,2.2,1.4,6/8/2019,1330,Terra,MODIS,100,6.3,292.8,138.6,N,0
-14.5945,130.6959,356.3,2.2,1.4,6/8/2019,1330,Terra,MODIS,100,6.3,294.3,235.8,N,0
-14.6203,130.6996,331.8,2.2,1.4,6/8/2019,1330,Terra,MODIS,100,6.3,286.1,92.9,N,0
-14.6179,130.7198,337.3,2.2,1.4,6/8/2019,1330,Terra,MODIS,100,6.3,291,117.3,N,0
-14.6332,130.7012,351.1,2.2,1.4,6/8/2019,1330,Terra,MODIS,100,6.3,291.7,197,N,0
-14.6308,130.7214,369.3,2.2,1.4,6/8/2019,1330,Terra,MODIS,100,6.3,294.8,351,N,0
-14.6461,130.7028,336.6,2.2,1.4,6/8/2019,1330,Terra,MODIS,100,6.3,292.4,114.1,N,0
-14.7481,130.7214,322.5,2.2,1.4,6/8/2019,1330,Terra,MODIS,100,6.3,292.3,60.3,N,0
-14.7457,130.7414,320.3,2.2,1.4,6/8/2019,1330,Terra,MODIS,100,6.3,292.1,55,N,0
-14.7764,130.7043,320.5,2.2,1.4,6/8/2019,1330,Terra,MODIS,100,6.3,292.8,52.4,N,0
-14.7466,130.7266,331.8,2.2,1.4,6/8/2019,1330,Terra,MODIS,100,6.3,292.9,91.9,N,0
-14.8007,130.7114,355.6,2.2,1.4,6/8/2019,1330,Terra,MODIS,100,6.3,295.5,232.3,N,0
-14.7984,130.7319,363.6,2.2,1.4,6/8/2019,1330,Terra,MODIS,100,6.3,294.1,298.4,N,0
-15.1697,130.4594,322.7,2.3,1.5,6/8/2019,1330,Terra,MODIS,100,6.3,291,65.1,N,0
-15.1672,130.4805,327.2,2.3,1.5,6/8/2019,1330,Terra,MODIS,100,6.3,292.9,81.4,N,0
-15.1657,130.4643,341.3,2.3,1.5,6/8/2019,1330,Terra,MODIS,100,6.3,292.6,152.5,N,0
-15.1634,130.4849,322.7,2.3,1.5,6/8/2019,1330,Terra,MODIS,100,6.3,293.5,65,N,0
-15.1814,130.4444,333.7,2.3,1.5,6/8/2019,1330,Terra,MODIS,100,6.3,290.9,108.6,N,0
-15.1972,130.4245,324.7,2.3,1.5,6/8/2019,1330,Terra,MODIS,100,6.3,287.3,70.3,N,0
-15.213,130.4042,326.9,2.3,1.5,6/8/2019,1330,Terra,MODIS,100,6.3,290,82,N,0
-14.596,130.6906,340.6,2.2,1.4,6/8/2019,1330,Terra,MODIS,100,6.3,293.3,136.7,N,0
-13.5038,132.1376,350.4,1,1,6/8/2019,1633,Aqua,MODIS,100,6.3,294.6,65.2,N,0
-13.4855,132.1405,340.7,1,1,6/8/2019,1633,Aqua,MODIS,100,6.3,292.6,46.3,N,0
-14.5923,130.7118,329.8,1.2,1.1,6/8/2019,1634,Aqua,MODIS,100,6.3,294.4,33.1,N,0
-14.6115,130.7088,341.8,1.2,1.1,6/8/2019,1634,Aqua,MODIS,100,6.3,293.8,54.7,N,0
-14.6132,130.7195,351.2,1.2,1.1,6/8/2019,1634,Aqua,MODIS,100,6.3,296.9,75.5,N,0
-14.6341,130.727,352.8,1.2,1.1,6/8/2019,1634,Aqua,MODIS,100,6.3,295.9,81.4,N,0
-14.6358,130.7199,327.5,1.2,1.1,6/8/2019,1634,Aqua,MODIS,100,6.3,293.4,31.1,N,0
-14.6375,130.7306,332.8,1.2,1.1,6/8/2019,1634,Aqua,MODIS,100,6.3,294.9,39.2,N,0
-15.1967,130.457,322.8,1.2,1.1,6/8/2019,1634,Aqua,MODIS,100,6.3,289.7,24.6,N,0
-15.2064,130.4554,320.6,1.2,1.1,6/8/2019,1634,Aqua,MODIS,100,6.3,291.6,21.8,N,0
-15.3164,130.8123,327.5,1.1,1.1,6/8/2019,1634,Aqua,MODIS,100,6.3,293.8,29.2,N,0
-15.3544,130.8061,327,1.1,1.1,6/8/2019,1634,Aqua,MODIS,100,6.3,290.7,28.2,N,0
-15.356,130.8165,335.2,1.1,1.1,6/8/2019,1634,Aqua,MODIS,100,6.3,292.4,40.3,N,0
-15.3655,130.815,324.6,1.1,1.1,6/8/2019,1634,Aqua,MODIS,100,6.3,292.2,24.4,N,0
-15.3671,130.8255,363.4,1.1,1.1,6/8/2019,1634,Aqua,MODIS,100,6.3,295.5,112,N,0
-15.4079,130.8122,361.5,1.1,1.1,6/8/2019,1634,Aqua,MODIS,100,6.3,296.7,104.4,N,0
-15.4174,130.8106,368.5,1.1,1.1,6/8/2019,1634,Aqua,MODIS,100,6.3,298.9,129.2,N,0
-15.4442,130.7956,350.3,1.1,1.1,6/8/2019,1634,Aqua,MODIS,100,6.3,296.7,71.8,N,0
-15.4537,130.7941,341.5,1.1,1.1,6/8/2019,1634,Aqua,MODIS,100,6.3,292,52.3,N,0
-15.4615,130.7821,337.6,1.1,1.1,6/8/2019,1634,Aqua,MODIS,100,6.3,293.5,45.5,N,0
-15.4632,130.7925,322.2,1.1,1.1,6/8/2019,1634,Aqua,MODIS,100,6.3,291.1,21.5,N,0
-15.5191,130.6808,321.9,1.1,1.1,6/8/2019,1634,Aqua,MODIS,100,6.3,294.2,21.8,N,0
-15.527,130.6688,335.8,1.1,1.1,6/8/2019,1634,Aqua,MODIS,100,6.3,294.1,42.8,N,0
-15.5286,130.6792,340.5,1.1,1.1,6/8/2019,1634,Aqua,MODIS,100,6.3,294.4,51.7,N,0
-13.9663,130.5055,326.2,1.2,1.1,6/8/2019,1634,Aqua,MODIS,100,6.3,294.1,31,N,0
-14.581,130.7026,336.1,1.2,1.1,6/8/2019,1634,Aqua,MODIS,100,6.3,294.3,45.8,N,0
-14.5827,130.7133,329.9,1.2,1.1,6/8/2019,1634,Aqua,MODIS,100,6.3,294.8,34.6,N,0
-15.3806,130.8323,373.9,1.8,1.3,7/8/2019,0159,Terra,MODIS,100,6.3,307.2,276.7,D,0
-15.3924,130.8307,375.2,1.8,1.3,7/8/2019,0159,Terra,MODIS,100,6.3,300.8,293.3,D,0
-16.0859,126.0973,373,1,1,7/8/2019,0159,Terra,MODIS,100,6.3,310,120.6,D,0
-16.095,126.0959,375.4,1,1,7/8/2019,0159,Terra,MODIS,100,6.3,308.6,129.1,D,0
-14.6117,130.712,365.6,1.7,1.3,7/8/2019,0159,Terra,MODIS,100,6.3,304,199,D,0
-17.6181,123.2227,385.8,1.1,1,7/8/2019,0200,Terra,MODIS,100,6.3,315.9,181.3,D,0
-16.3198,136.9251,371,1.2,1.1,7/8/2019,0447,Aqua,MODIS,100,6.3,312.5,129.6,D,0
-15.3239,130.8155,361.4,1.3,1.1,7/8/2019,0447,Aqua,MODIS,100,6.3,313.5,105.7,D,0
-15.4375,130.8001,379.5,1.3,1.1,7/8/2019,0447,Aqua,MODIS,100,6.3,308.4,203.5,D,0
-11.4226,132.4792,374.1,1,1,7/8/2019,0448,Aqua,MODIS,100,6.3,307.1,123.8,D,0
-11.4276,130.7777,381.9,1.2,1.1,7/8/2019,0448,Aqua,MODIS,100,6.3,302.8,191.1,D,0
-11.4262,130.7883,362.5,1.2,1.1,7/8/2019,0448,Aqua,MODIS,100,6.3,300.1,103.6,D,0
-11.6357,132.7964,365.5,1,1,7/8/2019,0448,Aqua,MODIS,100,6.3,310.5,90,D,0
-15.6366,130.5266,324.3,1.4,1.2,7/8/2019,1412,Terra,MODIS,100,6.3,294.1,34.6,N,0
-15.5842,130.5846,322.8,1.4,1.2,7/8/2019,1412,Terra,MODIS,100,6.3,293.7,32.1,N,0
-15.5333,130.6972,324.8,1.4,1.2,7/8/2019,1412,Terra,MODIS,100,6.3,292.8,38.1,N,0
-16.1095,126.1091,326.7,1,1,7/8/2019,1412,Terra,MODIS,100,6.3,293.9,24.3,N,0
-15.3539,131.0764,320.3,1.5,1.2,7/8/2019,1412,Terra,MODIS,100,6.3,289.6,32.8,N,0
-15.3659,130.8635,349.4,1.5,1.2,7/8/2019,1412,Terra,MODIS,100,6.3,294.4,107,N,0
-15.3681,130.8499,356.3,1.5,1.2,7/8/2019,1412,Terra,MODIS,100,6.3,295,135,N,0
-15.301,130.8327,325.3,1.5,1.2,7/8/2019,1412,Terra,MODIS,100,6.3,293.2,41.7,N,0
-14.6245,130.7537,322.1,1.5,1.2,7/8/2019,1413,Terra,MODIS,100,6.3,292.4,35.2,N,0
-13.4609,132.1405,328.8,2,1.4,7/8/2019,1413,Terra,MODIS,100,6.3,293.4,71.7,N,0
-14.5836,130.7127,331.6,1.5,1.2,7/8/2019,1413,Terra,MODIS,100,6.3,293.3,52.2,N,0
-14.5814,130.7264,344,1.5,1.2,7/8/2019,1413,Terra,MODIS,100,6.3,292.7,88,N,0
-14.5857,130.7188,349.6,1.5,1.2,7/8/2019,1413,Terra,MODIS,100,6.3,294.1,108.2,N,0
-14.5834,130.7327,333.3,1.5,1.2,7/8/2019,1413,Terra,MODIS,100,6.3,291.6,56.9,N,0
-31.3092,152.5704,363.9,1,1,8/8/2019,0347,Aqua,MODIS,100,6.3,288.7,96.4,D,0
-29.9253,152.8394,376.4,1,1,8/8/2019,0347,Aqua,MODIS,100,6.3,303.5,140.2,D,0
-29.9237,152.85,379.7,1,1,8/8/2019,0347,Aqua,MODIS,100,6.3,300.9,153.2,D,0
-31.3063,151.3387,322,2,1.4,8/8/2019,1312,Terra,MODIS,100,6.3,277.6,68,N,0
-15.3969,131.0508,322.8,3.6,1.8,8/8/2019,1317,Terra,MODIS,100,6.3,290.5,126.8,N,0
-12.8835,132.5933,322.6,2.5,1.5,8/8/2019,1318,Terra,MODIS,100,6.3,291.9,74.1,N,0
-13.4497,132.1499,329,2.8,1.6,8/8/2019,1318,Terra,MODIS,100,6.3,291.7,120,N,0
-31.3054,152.5863,330.5,1.4,1.2,8/8/2019,1447,Aqua,MODIS,100,6.3,288.9,51.3,N,0
-31.306,151.3511,329.9,1.6,1.3,8/8/2019,1447,Aqua,MODIS,100,6.3,277.7,70.1,N,0
-16.3051,137.0766,332.6,1,1,8/8/2019,1622,Aqua,MODIS,100,6.3,290.3,35.4,N,0
-28.6254,152.5141,392.2,1.1,1.1,9/8/2019,0012,Terra,MODIS,100,6.3,298.8,250.5,D,0
-28.627,152.5264,407.7,1.1,1.1,9/8/2019,0012,Terra,MODIS,100,6.3,305.9,362.3,D,0
-28.6366,152.5247,361,1.1,1.1,9/8/2019,0012,Terra,MODIS,100,6.3,292.4,105.5,D,0
-15.5901,130.3969,382.2,1.1,1,9/8/2019,0147,Terra,MODIS,100,6.3,307.7,174.9,D,0
-15.5915,130.4071,365.2,1.1,1,9/8/2019,0147,Terra,MODIS,100,6.3,307.6,102.7,D,0
-14.844,141.682,363.5,1.5,1.2,9/8/2019,0435,Aqua,MODIS,100,6.3,302.3,153.2,D,0
-14.6333,131.6135,365.2,1.8,1.3,9/8/2019,0435,Aqua,MODIS,100,6.3,304.5,222.9,D,0
-14.6283,131.6077,385.3,1.8,1.3,9/8/2019,0435,Aqua,MODIS,100,6.3,307.7,402.6,D,0
-14.6304,131.5907,364.4,1.8,1.3,9/8/2019,0435,Aqua,MODIS,100,6.3,301.5,220.3,D,0
-14.6185,131.5892,417.7,1.8,1.3,9/8/2019,0435,Aqua,MODIS,100,6.3,309.4,894.3,D,0
-16.3036,137.0334,368.9,1,1,9/8/2019,0435,Aqua,MODIS,100,6.3,313.6,97.8,D,0
-16.2959,137.0226,365.6,1,1,9/8/2019,0435,Aqua,MODIS,100,6.3,308.9,88.7,D,0
-11.4697,130.8334,413.1,1.9,1.3,9/8/2019,0436,Aqua,MODIS,100,6.3,304.6,835,D,0
-30.8977,152.4297,323.3,1.7,1.3,9/8/2019,1217,Terra,MODIS,100,6.3,286.8,46.5,N,0
-31.3122,152.5865,323.2,1.7,1.3,9/8/2019,1217,Terra,MODIS,100,6.3,287.3,48,N,0
-16.9367,123.088,320.5,2.3,1.5,9/8/2019,1400,Terra,MODIS,100,6.3,291.6,58.9,N,0
-15.4157,131.0495,320.2,1,1,9/8/2019,1400,Terra,MODIS,100,6.3,294.9,16.5,N,0
-14.5592,131.5337,321.5,1.1,1.1,9/8/2019,1400,Terra,MODIS,100,6.3,291.6,22,N,0
-12.6714,132.4955,325.8,1.3,1.1,9/8/2019,1401,Terra,MODIS,100,6.3,291.6,34,N,0
-12.6696,132.5075,338.2,1.3,1.1,9/8/2019,1401,Terra,MODIS,100,6.3,292,59.4,N,0
-12.6816,132.4972,337.6,1.3,1.1,9/8/2019,1401,Terra,MODIS,100,6.3,292,57.8,N,0
-12.6798,132.5092,363.2,1.3,1.1,9/8/2019,1401,Terra,MODIS,100,6.3,293.7,141.3,N,0
-12.825,132.966,326.4,1.4,1.2,9/8/2019,1401,Terra,MODIS,100,6.3,292.9,37.4,N,0
-14.55,131.6172,339.7,2,1.4,9/8/2019,1704,Aqua,MODIS,100,6.3,290.1,124.8,N,0
-15.3983,130.8839,324.3,1.9,1.3,9/8/2019,1705,Aqua,MODIS,100,6.3,292.7,52.1,N,0
-16.2004,126.1233,320.3,1,1,9/8/2019,1705,Aqua,MODIS,100,6.3,285.7,20.8,N,0
-14.1276,143.4456,362.6,1,1,10/8/2019,0051,Terra,MODIS,100,6.3,300.1,85.7,D,0
-29.3244,153.0549,401.9,1,1,10/8/2019,0335,Aqua,MODIS,100,6.3,305.9,280,D,0
-31.1405,152.9602,368,1.1,1,10/8/2019,0335,Aqua,MODIS,100,6.3,297.6,118.4,D,0
-29.9086,152.9082,364.1,1.1,1,10/8/2019,0335,Aqua,MODIS,100,6.3,299,103.8,D,0
-29.9025,152.9129,385.1,1.1,1,10/8/2019,0335,Aqua,MODIS,100,6.3,303.1,189.8,D,0
-29.3258,153.0441,381.2,1,1,10/8/2019,0335,Aqua,MODIS,100,6.3,304.5,165.9,D,0
-29.3545,152.8274,361.7,1.1,1,10/8/2019,0335,Aqua,MODIS,100,6.3,295.5,96.4,D,0
-29.3152,153.0533,415.4,1,1,10/8/2019,0335,Aqua,MODIS,100,6.3,310,380.3,D,0
-29.3166,153.0424,385.2,1,1,10/8/2019,0335,Aqua,MODIS,100,6.3,311.5,184.5,D,0
-29.0769,152.6261,379.4,1.1,1,10/8/2019,0335,Aqua,MODIS,100,6.3,303.6,165,D,0
-25.5909,152.8419,375.7,1,1,10/8/2019,0336,Aqua,MODIS,100,6.3,302.3,135.8,D,0
-25.5923,152.8318,382.1,1,1,10/8/2019,0336,Aqua,MODIS,100,6.3,305.7,162.1,D,0
-16.9381,123.0332,361.8,1.4,1.2,10/8/2019,0518,Aqua,MODIS,100,6.3,314.9,119.2,D,0
-16.9276,123.0318,374.7,1.4,1.2,10/8/2019,0518,Aqua,MODIS,100,6.3,316.7,188.6,D,0
-16.9171,123.0304,373.6,1.4,1.2,10/8/2019,0518,Aqua,MODIS,100,6.3,311.7,185.2,D,0
-16.9187,123.0175,412.4,1.4,1.2,10/8/2019,0518,Aqua,MODIS,100,6.3,320.2,519.4,D,0
-16.8742,123.0714,370.4,1.4,1.2,10/8/2019,0518,Aqua,MODIS,100,6.3,311.7,165.5,D,0
-16.2162,126.1168,410.2,1,1,10/8/2019,0518,Aqua,MODIS,100,6.3,316.9,307.8,D,0
-16.2149,126.1262,388.2,1,1,10/8/2019,0518,Aqua,MODIS,100,6.3,313.3,175.7,D,0
-14.5924,133.1673,368.9,2.3,1.5,10/8/2019,0518,Aqua,MODIS,100,6.3,308.3,330.3,D,0
-15.4252,131.0248,363.1,1.5,1.2,10/8/2019,0518,Aqua,MODIS,100,6.3,309.9,149.4,D,0
-12.663,131.2995,367.5,1.8,1.3,10/8/2019,0519,Aqua,MODIS,100,6.3,305.5,221.4,D,0
-31.313,152.5987,339.2,1.5,1.2,10/8/2019,1300,Terra,MODIS,100,6.3,284.6,86,N,0
-31.3099,152.6091,322.2,1.5,1.2,10/8/2019,1300,Terra,MODIS,100,6.3,283.2,44.1,N,0
-31.3129,152.5928,329.2,1.5,1.2,10/8/2019,1300,Terra,MODIS,100,6.3,283.6,59,N,0
-29.9194,152.9815,330.7,1.7,1.3,10/8/2019,1300,Terra,MODIS,100,6.3,284.9,73.2,N,0
-29.9078,152.9786,350.8,1.7,1.3,10/8/2019,1300,Terra,MODIS,100,6.3,287.5,149.2,N,0
-29.7354,152.72,329.2,1.7,1.3,10/8/2019,1300,Terra,MODIS,100,6.3,284.4,64.9,N,0
-29.3087,153.0734,333.7,1.8,1.3,10/8/2019,1300,Terra,MODIS,100,6.3,286.4,86.2,N,0
-29.3122,153.0552,325,1.8,1.3,10/8/2019,1300,Terra,MODIS,100,6.3,285.6,59.8,N,0
-29.1702,152.8921,328,1.8,1.3,10/8/2019,1300,Terra,MODIS,100,6.3,285.3,67.5,N,0
-29.1481,152.9438,358.4,1.8,1.3,10/8/2019,1300,Terra,MODIS,100,6.3,288.9,198.9,N,0
-29.1516,152.9256,324.2,1.8,1.3,10/8/2019,1300,Terra,MODIS,100,6.3,284.6,56.5,N,0
-29.1551,152.9073,322.3,1.8,1.3,10/8/2019,1300,Terra,MODIS,100,6.3,284.2,51.2,N,0
-29.1585,152.8892,337.2,1.8,1.3,10/8/2019,1300,Terra,MODIS,100,6.3,285,96.3,N,0
-29.1423,152.8469,338.7,1.8,1.3,10/8/2019,1300,Terra,MODIS,100,6.3,285.6,100.7,N,0
-29.1458,152.8287,332.1,1.8,1.3,10/8/2019,1300,Terra,MODIS,100,6.3,284.9,78.3,N,0
-29.1478,152.8414,336.9,1.8,1.3,10/8/2019,1300,Terra,MODIS,100,6.3,286.3,94.8,N,0
-29.0774,152.6374,336.6,1.7,1.3,10/8/2019,1300,Terra,MODIS,100,6.3,286.3,88.5,N,0
-29.0808,152.62,323.5,1.7,1.3,10/8/2019,1300,Terra,MODIS,100,6.3,284.2,51.7,N,0
-29.0818,152.6329,321.5,1.7,1.3,10/8/2019,1300,Terra,MODIS,100,6.3,284.5,48.8,N,0
-29.067,152.6478,334.5,1.7,1.3,10/8/2019,1300,Terra,MODIS,100,6.3,284.9,82.8,N,0
-16.7199,142.0498,324.5,1.1,1,10/8/2019,1304,Terra,MODIS,100,6.3,288.6,23.6,N,0
-29.1425,152.8438,322.4,2.3,1.5,10/8/2019,1434,Aqua,MODIS,100,6.3,284.5,80.1,N,0
-29.1569,152.9137,328.8,2.3,1.5,10/8/2019,1434,Aqua,MODIS,100,6.3,284.5,100.8,N,0
-29.1487,152.9403,323.8,2.3,1.5,10/8/2019,1434,Aqua,MODIS,100,6.3,283.2,80.6,N,0
-29.9002,152.9753,398.7,2.2,1.4,10/8/2019,1435,Aqua,MODIS,100,6.3,294.8,778.4,N,0
-29.8956,152.9529,335.2,2.2,1.4,10/8/2019,1435,Aqua,MODIS,100,6.3,283.7,119.8,N,0
-29.9048,152.9978,368,2.2,1.4,10/8/2019,1435,Aqua,MODIS,100,6.3,290.2,351.5,N,0
-14.6534,131.6565,332.2,2.7,1.6,10/8/2019,1609,Aqua,MODIS,100,6.3,290.8,129.3,N,0
-14.6448,131.6534,331.1,2.7,1.6,10/8/2019,1609,Aqua,MODIS,100,6.3,290.8,124.5,N,0
-14.6632,131.6747,327.4,2.7,1.6,10/8/2019,1609,Aqua,MODIS,100,6.3,290,105.3,N,0
-16.3542,136.9573,338.5,1.1,1,10/8/2019,1609,Aqua,MODIS,100,6.3,289.7,48.3,N,0
-12.2465,133.5193,379.7,1,1,11/8/2019,0134,Terra,MODIS,100,6.3,307,151.3,D,0
-12.2479,133.5289,367.3,1,1,11/8/2019,0134,Terra,MODIS,100,6.3,306.3,102.6,D,0
-12.2571,133.5276,369.2,1,1,11/8/2019,0134,Terra,MODIS,100,6.3,307.8,109.5,D,0
-12.7835,132.9622,377.7,1,1,11/8/2019,0134,Terra,MODIS,100,6.3,307.5,137.7,D,0
-14.3354,129.9129,366.7,1.1,1,11/8/2019,0134,Terra,MODIS,100,6.3,310.2,105.4,D,0
-14.6489,131.5591,379,1,1,11/8/2019,0134,Terra,MODIS,100,6.3,302.6,138,D,0
-14.6503,131.5683,397.3,1,1,11/8/2019,0134,Terra,MODIS,100,6.3,308.6,226.2,D,0
-14.6517,131.5776,388.5,1,1,11/8/2019,0134,Terra,MODIS,100,6.3,312.5,178.7,D,0
-14.653,131.5868,360.7,1,1,11/8/2019,0134,Terra,MODIS,100,6.3,310.8,73.5,D,0
-14.6895,131.6472,360.7,1,1,11/8/2019,0134,Terra,MODIS,100,6.3,309.3,73.4,D,0
-14.6909,131.6564,375.8,1,1,11/8/2019,0134,Terra,MODIS,100,6.3,311.9,121.8,D,0
-15.4332,131.0125,388.9,1,1,11/8/2019,0135,Terra,MODIS,100,6.3,309.2,183.5,D,0
-15.4346,131.0219,416.5,1,1,11/8/2019,0135,Terra,MODIS,100,6.3,316.9,358,D,0
-29.1813,152.9261,374.8,2.9,1.6,11/8/2019,0418,Aqua,MODIS,100,6.3,297.6,620.9,D,0
-29.1805,152.9181,376.6,2.9,1.6,11/8/2019,0418,Aqua,MODIS,100,6.3,298.7,644.5,D,0
-29.1741,152.9476,360.7,2.9,1.6,11/8/2019,0418,Aqua,MODIS,100,6.3,293.3,409.1,D,0
-16.7076,142.027,380.1,1,1,11/8/2019,0422,Aqua,MODIS,100,6.3,312.4,146.3,D,0
-16.6863,142.0434,367.1,1,1,11/8/2019,0422,Aqua,MODIS,100,6.3,313,91.7,D,0
-16.1317,136.3708,368.1,1.5,1.2,11/8/2019,0422,Aqua,MODIS,100,6.3,312.5,170.1,D,0
-15.0361,141.699,360.8,1,1,11/8/2019,0422,Aqua,MODIS,100,6.3,311.4,82.4,D,0
-14.7764,142.0165,371.8,1.1,1,11/8/2019,0422,Aqua,MODIS,100,6.3,314.6,120,D,0
-13.0353,141.9583,368.5,1.1,1.1,11/8/2019,0423,Aqua,MODIS,100,6.3,305.7,118,D,0
-12.923,141.6706,367.8,1.1,1,11/8/2019,0423,Aqua,MODIS,100,6.3,307.4,113,D,2
-12.9302,141.6682,377.2,1.1,1,11/8/2019,0423,Aqua,MODIS,100,6.3,309.9,147.9,D,2
-12.9286,141.6781,366.4,1.1,1,11/8/2019,0423,Aqua,MODIS,100,6.3,305.3,105.9,D,2
-15.3621,130.8855,323.2,1.1,1,11/8/2019,1348,Terra,MODIS,100,6.3,294.4,23,N,0
-14.0436,129.7521,361.5,1.2,1.1,11/8/2019,1348,Terra,MODIS,100,6.3,291.1,119,N,0
-14.041,129.7572,365.5,1.2,1.1,11/8/2019,1348,Terra,MODIS,100,6.3,291.2,134,N,0
-14.0425,129.7462,347.3,1.2,1.1,11/8/2019,1348,Terra,MODIS,100,6.3,289.7,75.1,N,0
-14.0312,129.7558,338,1.2,1.1,11/8/2019,1348,Terra,MODIS,100,6.3,286,54.1,N,0
-14.0327,129.7448,361.8,1.2,1.1,11/8/2019,1348,Terra,MODIS,100,6.3,289.6,120.3,N,0
-14.0422,129.7631,323.9,1.2,1.1,11/8/2019,1348,Terra,MODIS,100,6.3,285.5,30,N,0
-14.5288,131.6184,357.1,1,1,11/8/2019,1348,Terra,MODIS,100,6.3,294.8,81.3,N,0
-14.5379,131.6197,329.5,1,1,11/8/2019,1348,Terra,MODIS,100,6.3,293,28.6,N,0
-15.0942,129.8087,320.3,1.2,1.1,11/8/2019,1348,Terra,MODIS,100,6.3,295.6,20.1,N,0
-15.0894,129.9214,336.7,1.2,1.1,11/8/2019,1348,Terra,MODIS,100,6.3,296.1,47.2,N,0
-15.088,129.9323,321.4,1.2,1.1,11/8/2019,1348,Terra,MODIS,100,6.3,294.9,22.1,N,0
-15.297,130.3569,321.3,1.1,1.1,11/8/2019,1348,Terra,MODIS,100,6.3,295.2,22.7,N,0
-12.1493,134.0353,320.3,1.1,1,11/8/2019,1349,Terra,MODIS,100,6.3,292.6,20.7,N,0
-12.1399,134.0338,322.2,1.1,1,11/8/2019,1349,Terra,MODIS,100,6.3,292,22.4,N,0
-12.1414,134.0237,327.9,1.1,1,11/8/2019,1349,Terra,MODIS,100,6.3,292.5,29.8,N,0
-12.2694,131.1543,327.8,1,1,11/8/2019,1349,Terra,MODIS,100,6.3,291.9,27.3,N,0
-29.0618,152.6134,326.4,1.2,1.1,11/8/2019,1517,Aqua,MODIS,100,6.3,282.5,34.9,N,0
-29.5605,152.8656,327.7,1.2,1.1,11/8/2019,1517,Aqua,MODIS,100,6.3,285,38.2,N,0
-14.038,129.7557,323.3,1,1,11/8/2019,1652,Aqua,MODIS,100,6.3,283.1,24.4,N,0
-14.0485,129.7638,334,1,1,11/8/2019,1652,Aqua,MODIS,100,6.3,283.8,37.4,N,0
-14.3048,130.7973,323.3,1.1,1.1,11/8/2019,1652,Aqua,MODIS,100,6.3,291.6,24.4,N,0
-15.0913,129.9161,322.4,1.1,1,11/8/2019,1652,Aqua,MODIS,100,6.3,294.5,20.1,N,0
-15.0868,129.8174,328.8,1,1,11/8/2019,1652,Aqua,MODIS,100,6.3,295.8,26.5,N,0
-15.1001,129.8452,324.8,1.1,1,11/8/2019,1652,Aqua,MODIS,100,6.3,295.9,22.7,N,0
-15.2855,130.3797,326.1,1.1,1,11/8/2019,1652,Aqua,MODIS,100,6.3,289.9,29.2,N,0
-15.2879,130.3529,323.4,1.1,1,11/8/2019,1652,Aqua,MODIS,100,6.3,293,24.7,N,0
-15.2907,130.3734,328,1.1,1,11/8/2019,1652,Aqua,MODIS,100,6.3,292.9,31.7,N,0
-15.2973,130.3515,332.3,1.1,1,11/8/2019,1652,Aqua,MODIS,100,6.3,294.1,37.6,N,0
-16.5908,142.0789,368.8,1.2,1.1,12/8/2019,0039,Terra,MODIS,100,6.3,305.2,143.3,D,0
-16.6026,142.0887,381.9,1.2,1.1,12/8/2019,0039,Terra,MODIS,100,6.3,311.4,210.1,D,0
-16.6144,142.0986,363.7,1.2,1.1,12/8/2019,0039,Terra,MODIS,100,6.3,304.8,120.1,D,0
-16.7453,142.0219,376.6,1.2,1.1,12/8/2019,0039,Terra,MODIS,100,6.3,305.1,181,D,0
-16.7471,142.0335,371.1,1.2,1.1,12/8/2019,0039,Terra,MODIS,100,6.3,309.6,151.5,D,0
-16.7589,142.0434,374.5,1.2,1.1,12/8/2019,0039,Terra,MODIS,100,6.3,307.8,167.7,D,0
-16.7583,142.0374,361.3,1.2,1.1,12/8/2019,0039,Terra,MODIS,100,6.3,305,110.4,D,0
-13.7184,131.054,361.7,4.1,1.9,12/8/2019,0217,Terra,MODIS,100,6.3,300.5,635.8,D,0
-34.3229,116.977,360.5,1,1,12/8/2019,0223,Terra,MODIS,100,6.3,295.1,89.8,D,0
-34.332,116.9752,363.9,1,1,12/8/2019,0223,Terra,MODIS,100,6.3,290.4,98,D,0
-15.4468,131.0047,381.1,1,1,12/8/2019,0506,Aqua,MODIS,100,6.3,316.6,152.5,D,0
-15.4483,130.9948,365.7,1,1,12/8/2019,0506,Aqua,MODIS,100,6.3,314,93.6,D,0
-15.4399,130.9968,369,1,1,12/8/2019,0506,Aqua,MODIS,100,6.3,315.6,106.2,D,0
-15.4414,130.987,373.5,1,1,12/8/2019,0506,Aqua,MODIS,100,6.3,317.6,122.6,D,0
-15.2909,130.3168,367.4,1,1,12/8/2019,0506,Aqua,MODIS,100,6.3,312.6,92.4,D,0
-15.2923,130.3073,387.1,1,1,12/8/2019,0506,Aqua,MODIS,100,6.3,314.5,171.4,D,0
-15.0773,129.8932,371.1,1,1,12/8/2019,0506,Aqua,MODIS,100,6.3,313.5,104.4,D,0
-15.0714,129.807,370.9,1,1,12/8/2019,0506,Aqua,MODIS,100,6.3,312.9,102,D,0
-15.0727,129.7978,377.6,1,1,12/8/2019,0506,Aqua,MODIS,100,6.3,316.9,127.2,D,0
-15.055,129.7885,393.2,1,1,12/8/2019,0506,Aqua,MODIS,100,6.3,320.8,201.2,D,0
-15.0577,129.77,373.6,1,1,12/8/2019,0506,Aqua,MODIS,100,6.3,312.9,115.8,D,0
-15.0461,129.7871,422.1,1,1,12/8/2019,0506,Aqua,MODIS,100,6.3,317.1,402.8,D,0
-15.0474,129.7779,424.6,1,1,12/8/2019,0506,Aqua,MODIS,100,6.3,326.8,425.4,D,0
-15.0487,129.7686,367.8,1,1,12/8/2019,0506,Aqua,MODIS,100,6.3,311.6,99.9,D,0
-14.6949,131.6121,375.2,1.1,1.1,12/8/2019,0506,Aqua,MODIS,100,6.3,315.8,138.9,D,0
-14.6649,131.5541,366.4,1.1,1.1,12/8/2019,0506,Aqua,MODIS,100,6.3,311,108,D,0
-14.6429,131.5082,368.5,1.1,1.1,12/8/2019,0506,Aqua,MODIS,100,6.3,312.7,114.7,D,0
-14.591,131.4304,366.1,1.1,1,12/8/2019,0506,Aqua,MODIS,100,6.3,309.9,105.4,D,0
-14.0473,129.764,381,1,1,12/8/2019,0506,Aqua,MODIS,100,6.3,319,144.8,D,0
-14.0383,129.7626,419.8,1,1,12/8/2019,0506,Aqua,MODIS,100,6.3,319.7,381.6,D,0
-14.0293,129.7612,372.1,1,1,12/8/2019,0506,Aqua,MODIS,100,6.3,308.4,109.3,D,0
-14.014,129.74,361.7,1,1,12/8/2019,0506,Aqua,MODIS,100,6.3,312.1,78.5,D,0
-13.7256,131.0639,364.9,1.1,1,12/8/2019,0506,Aqua,MODIS,100,6.3,315.4,95.6,D,0
-13.7006,131.0395,385.6,1.1,1,12/8/2019,0506,Aqua,MODIS,100,6.3,317.2,183.1,D,0
-13.7021,131.0295,371.3,1.1,1,12/8/2019,0506,Aqua,MODIS,100,6.3,315.5,119.3,D,0
-13.7037,131.0195,373.6,1.1,1,12/8/2019,0506,Aqua,MODIS,100,6.3,316.2,127.7,D,0
-13.6943,131.0181,377.1,1.1,1,12/8/2019,0506,Aqua,MODIS,100,6.3,314.1,144.8,D,0
-13.8763,129.7971,373.4,1,1,12/8/2019,0506,Aqua,MODIS,100,6.3,311,115.2,D,0
-13.6884,131.0215,385.8,1.1,1,12/8/2019,0506,Aqua,MODIS,100,6.3,311,185.7,D,0
-13.6899,131.0116,391.6,1.1,1,12/8/2019,0506,Aqua,MODIS,100,6.3,318.9,217.9,D,0
-13.8715,129.7718,360.5,1,1,12/8/2019,0506,Aqua,MODIS,100,6.3,310.9,75.2,D,0
-13.6805,131.01,404,1.1,1,12/8/2019,0506,Aqua,MODIS,100,6.3,313.8,299.7,D,0
-13.8611,129.7797,426.6,1,1,12/8/2019,0506,Aqua,MODIS,100,6.3,320.2,444.5,D,0
-13.8625,129.7704,450.4,1,1,12/8/2019,0506,Aqua,MODIS,100,6.3,336.5,710.8,D,0
-13.8638,129.7612,363.8,1,1,12/8/2019,0506,Aqua,MODIS,100,6.3,310.8,85.8,D,0
-13.8521,129.7783,368.4,1,1,12/8/2019,0506,Aqua,MODIS,100,6.3,307.1,99.5,D,0
-13.8535,129.769,438.6,1,1,12/8/2019,0506,Aqua,MODIS,100,6.3,320.1,568.2,D,0
-13.4638,131.384,363.1,1.1,1.1,12/8/2019,0506,Aqua,MODIS,100,6.3,312.1,90.7,D,0
-12.7746,132.774,366.7,1.4,1.2,12/8/2019,0506,Aqua,MODIS,100,6.3,312.3,142.9,D,0
-12.7666,132.7787,364.9,1.4,1.2,12/8/2019,0506,Aqua,MODIS,100,6.3,310.1,137.8,D,0
-12.7685,132.7661,368.2,1.4,1.2,12/8/2019,0506,Aqua,MODIS,100,6.3,310.6,153.6,D,0
-12.7975,131.6565,364.9,1.2,1.1,12/8/2019,0506,Aqua,MODIS,100,6.3,310.9,109.2,D,0
-12.7992,131.6457,373,1.2,1.1,12/8/2019,0506,Aqua,MODIS,100,6.3,312.7,139.2,D,0
-12.8042,131.6133,376.2,1.2,1.1,12/8/2019,0506,Aqua,MODIS,100,6.3,314.2,155.2,D,0
-12.7895,131.6441,383.5,1.2,1.1,12/8/2019,0506,Aqua,MODIS,100,6.3,312,194.5,D,0
-12.6526,131.2731,376.3,1.1,1.1,12/8/2019,0506,Aqua,MODIS,100,6.3,314.2,144.1,D,0
-11.6405,130.4245,366.3,1.1,1,12/8/2019,0507,Aqua,MODIS,100,6.3,311.3,98.8,D,0
-34.1331,116.3773,367.4,1.9,1.3,12/8/2019,0639,Aqua,MODIS,100,6.3,296.1,275.4,D,0
-31.3106,152.6152,322,1.1,1,12/8/2019,1248,Terra,MODIS,100,6.3,281.5,25.8,N,0
-31.3124,152.6038,328.9,1.1,1,12/8/2019,1248,Terra,MODIS,100,6.3,283.1,34.5,N,0
-28.0274,148.1705,332.9,1,1,12/8/2019,1249,Terra,MODIS,100,6.3,279.1,40.5,N,0
-26.4424,147.485,328.7,1.1,1,12/8/2019,1249,Terra,MODIS,100,6.3,278.3,35.1,N,0
-13.6364,130.9559,338.5,3.6,1.8,12/8/2019,1431,Terra,MODIS,100,6.3,290,269.6,N,0
-15.0031,129.772,327.7,2.8,1.6,12/8/2019,1431,Terra,MODIS,100,6.3,293.6,111.1,N,0
-14.9984,129.799,341,2.8,1.6,12/8/2019,1431,Terra,MODIS,100,6.3,294.8,196.2,N,0
-15.0058,129.778,337.7,2.8,1.6,12/8/2019,1431,Terra,MODIS,100,6.3,294.8,167.7,N,0
-15.0009,129.805,339.4,2.8,1.6,12/8/2019,1431,Terra,MODIS,100,6.3,294.5,182.1,N,0
-15.0198,129.7817,321.8,2.8,1.6,12/8/2019,1431,Terra,MODIS,100,6.3,292.6,77.1,N,0
-15.0152,129.8071,326.2,2.8,1.6,12/8/2019,1431,Terra,MODIS,100,6.3,294.2,100.3,N,0
-13.6284,130.9489,327.2,3.6,1.8,12/8/2019,1431,Terra,MODIS,100,6.3,288.9,174.4,N,0
-13.6224,130.9818,339.9,3.6,1.8,12/8/2019,1431,Terra,MODIS,100,6.3,290.1,294,N,0
-13.6443,130.9521,331.6,3.6,1.8,12/8/2019,1431,Terra,MODIS,100,6.3,289.3,207.2,N,0
-13.6541,130.9886,322.1,3.6,1.8,12/8/2019,1431,Terra,MODIS,100,6.3,288,140.6,N,0
-16.5354,141.9447,342.5,1,1,12/8/2019,1557,Aqua,MODIS,100,6.3,289.5,47.4,N,0
-16.5367,141.954,330.8,1,1,12/8/2019,1557,Aqua,MODIS,100,6.3,289.2,29.7,N,0
-16.5457,141.9527,331,1,1,12/8/2019,1557,Aqua,MODIS,100,6.3,288.5,29.7,N,0
-16.5547,141.9512,321.2,1,1,12/8/2019,1557,Aqua,MODIS,100,6.3,286.8,19.5,N,0
-16.607,142.0573,321.1,1,1,12/8/2019,1557,Aqua,MODIS,100,6.3,287,19.7,N,0
-16.616,142.0559,322.7,1,1,12/8/2019,1557,Aqua,MODIS,100,6.3,286.2,21.6,N,0
-16.6384,141.8362,341.9,1,1,12/8/2019,1557,Aqua,MODIS,100,6.3,289,47.5,N,0
-16.6474,141.8348,333.4,1,1,12/8/2019,1557,Aqua,MODIS,100,6.3,286.4,33.5,N,0
-16.6487,141.8441,328.9,1,1,12/8/2019,1557,Aqua,MODIS,100,6.3,288,27.4,N,0
-16.6577,141.8427,323.4,1,1,12/8/2019,1557,Aqua,MODIS,100,6.3,286.9,21.8,N,0
-16.6812,141.8772,323.4,1,1,12/8/2019,1557,Aqua,MODIS,100,6.3,286.6,21.4,N,0
-12.5115,133.1038,374.9,1.1,1.1,13/8/2019,0121,Terra,MODIS,100,6.3,308.5,150.1,D,0
-12.8186,131.6172,394.4,1.3,1.1,13/8/2019,0122,Terra,MODIS,100,6.3,312,324.8,D,0
-12.8205,131.6295,394.9,1.3,1.1,13/8/2019,0122,Terra,MODIS,100,6.3,312.8,326.5,D,0
-12.8166,131.6235,380,1.3,1.1,13/8/2019,0122,Terra,MODIS,100,6.3,313.1,218.8,D,0
-12.8269,131.6218,383.6,1.3,1.1,13/8/2019,0122,Terra,MODIS,100,6.3,310.5,245.6,D,0
-13.6121,130.9514,375.7,1.4,1.2,13/8/2019,0122,Terra,MODIS,100,6.3,308.6,217.7,D,0
-13.6163,130.9778,362.1,1.4,1.2,13/8/2019,0122,Terra,MODIS,100,6.3,310.1,136,D,0
-13.6433,130.9799,365.1,1.4,1.2,13/8/2019,0122,Terra,MODIS,100,6.3,305.4,145.1,D,0
-13.6626,131.0304,404.2,1.4,1.2,13/8/2019,0122,Terra,MODIS,100,6.3,309.2,448,D,0
-13.6648,131.0433,408.1,1.4,1.2,13/8/2019,0122,Terra,MODIS,100,6.3,314.7,493.4,D,0
-14.5565,131.3517,364.3,1.3,1.1,13/8/2019,0122,Terra,MODIS,100,6.3,304.3,136.8,D,0
-16.0221,136.2949,360.9,1.1,1,13/8/2019,0122,Terra,MODIS,100,6.3,309.7,88,D,0
-36.361,149.4281,376.1,1,1,13/8/2019,0404,Aqua,MODIS,100,6.3,292.3,139.4,D,0
-27.5118,150.814,363.9,1.4,1.2,13/8/2019,0406,Aqua,MODIS,100,6.3,300.2,157.3,D,0
-27.5144,150.7997,379.5,1.4,1.2,13/8/2019,0406,Aqua,MODIS,100,6.3,304.4,245.9,D,0
-27.5769,149.1027,366.7,1.2,1.1,13/8/2019,0407,Aqua,MODIS,100,6.3,306.4,120,D,0
-22.8303,148.662,361.2,1.3,1.1,13/8/2019,0408,Aqua,MODIS,100,6.3,306.1,116.8,D,0
-16.7828,142.1735,369.3,1.1,1,13/8/2019,0410,Aqua,MODIS,100,6.3,310.2,111.7,D,0
-16.7841,142.1635,407.6,1.1,1,13/8/2019,0410,Aqua,MODIS,100,6.3,318.6,319.6,D,0
-16.7855,142.1535,396.1,1.1,1,13/8/2019,0410,Aqua,MODIS,100,6.3,311.7,243,D,0
-16.6966,142.2059,360.1,1.1,1,13/8/2019,0410,Aqua,MODIS,100,6.3,296.3,78,D,0
-16.698,142.196,361.8,1.1,1,13/8/2019,0410,Aqua,MODIS,100,6.3,310.9,82.7,D,0
-12.7339,132.944,375.4,4.1,1.9,13/8/2019,0411,Aqua,MODIS,100,6.3,306,968.7,D,0
-12.7304,132.939,378,4.1,1.9,13/8/2019,0411,Aqua,MODIS,100,6.3,305.5,1052.7,D,0
-33.8879,122.3904,370.4,1,1,13/8/2019,0544,Aqua,MODIS,100,6.3,298.8,118.4,D,0
-16.7726,142.1998,326.3,2,1.4,13/8/2019,1335,Terra,MODIS,100,6.3,290.5,67.4,N,0
-14.9415,129.7652,349.1,2,1.4,13/8/2019,1336,Terra,MODIS,100,6.3,295.2,163.6,N,0
-14.9393,129.7837,344.5,2,1.4,13/8/2019,1336,Terra,MODIS,100,6.3,294.7,137.9,N,0
-14.9538,129.767,339.4,2,1.4,13/8/2019,1336,Terra,MODIS,100,6.3,296.3,112.4,N,0
-14.9516,129.7858,340.4,2,1.4,13/8/2019,1336,Terra,MODIS,100,6.3,297.4,115.4,N,0
-14.6518,133.156,328.3,1.2,1.1,13/8/2019,1336,Terra,MODIS,100,6.3,290.3,35.2,N,0
-12.8376,131.629,333.3,1.4,1.2,13/8/2019,1336,Terra,MODIS,100,6.3,291.6,52.5,N,0
-12.836,131.6414,352.7,1.4,1.2,13/8/2019,1336,Terra,MODIS,100,6.3,294.8,107.7,N,0
-13.0229,132.9899,330.1,1.1,1.1,13/8/2019,1336,Terra,MODIS,100,6.3,294.7,34.6,N,0
-27.5276,150.797,341.5,1.1,1.1,13/8/2019,1505,Aqua,MODIS,100,6.3,291.2,52.2,N,0
-27.5295,150.8085,346.9,1.1,1.1,13/8/2019,1505,Aqua,MODIS,100,6.3,292.7,62.9,N,0
-31.2934,152.6096,325.5,1,1,13/8/2019,1506,Aqua,MODIS,100,6.3,282.6,26.2,N,0
-14.2996,130.8215,321,1,1,13/8/2019,1640,Aqua,MODIS,100,6.3,285.8,21.4,N,0
-14.5251,131.3444,323.1,1,1,13/8/2019,1640,Aqua,MODIS,100,6.3,284,22.9,N,0
-14.5264,131.3537,359.2,1,1,13/8/2019,1640,Aqua,MODIS,100,6.3,291.9,86.3,N,0
-14.7047,130.7564,320.1,1,1,13/8/2019,1640,Aqua,MODIS,100,6.3,286.2,19.9,N,0
-14.9297,129.7554,346.4,1.1,1,13/8/2019,1640,Aqua,MODIS,100,6.3,297,61.7,N,0
-14.939,129.7539,361.5,1.1,1,13/8/2019,1640,Aqua,MODIS,100,6.3,296.3,101.1,N,0
-14.9514,129.7724,327.2,1.1,1,13/8/2019,1640,Aqua,MODIS,100,6.3,292.2,26.1,N,0
-14.9838,129.8217,320.1,1.1,1,13/8/2019,1640,Aqua,MODIS,100,6.3,292.1,19.9,N,0
-15.0335,129.7114,322.6,1.1,1,13/8/2019,1640,Aqua,MODIS,100,6.3,292.8,23,N,0
-20.8927,130.3865,342.1,1,1,13/8/2019,1642,Aqua,MODIS,100,6.3,281.5,51.4,N,0
-14.9123,129.7274,373.4,1.2,1.1,14/8/2019,0453,Aqua,MODIS,100,6.3,311.3,154,D,0
-14.9138,129.716,368.9,1.2,1.1,14/8/2019,0453,Aqua,MODIS,100,6.3,312.2,133.5,D,0
-14.9125,129.7217,372.3,1.2,1.1,14/8/2019,0453,Aqua,MODIS,100,6.3,313.2,150.3,D,0
-11.4816,130.5686,363.9,1,1,14/8/2019,0454,Aqua,MODIS,100,6.3,307.6,91.2,D,0
-11.3887,130.9004,363.8,1,1,14/8/2019,0454,Aqua,MODIS,100,6.3,309.5,87.7,D,0
-14.7315,130.7735,364.1,1.1,1,14/8/2019,0454,Aqua,MODIS,100,6.3,313.9,91.6,D,0
-14.4113,129.586,393.1,1.2,1.1,14/8/2019,0454,Aqua,MODIS,100,6.3,316.4,269.6,D,0
-13.8294,129.9031,361.3,1.2,1.1,14/8/2019,0454,Aqua,MODIS,100,6.3,313.9,95.1,D,0
-13.8308,129.8924,381.2,1.2,1.1,14/8/2019,0454,Aqua,MODIS,100,6.3,317,181.9,D,0
-13.82,129.8254,360.1,1.2,1.1,14/8/2019,0454,Aqua,MODIS,100,6.3,309.5,95.2,D,0
-31.2968,152.6059,324.6,1,1,14/8/2019,1235,Terra,MODIS,100,6.3,284.9,25.9,N,0
-25.5348,150.0214,335.5,1.1,1,14/8/2019,1237,Terra,MODIS,100,6.3,288.1,45,N,0
-15.3198,130.3985,329.5,1.8,1.3,14/8/2019,1418,Terra,MODIS,100,6.3,287.6,69.8,N,0
-14.9305,129.828,328,1.6,1.3,14/8/2019,1419,Terra,MODIS,100,6.3,292.4,54.2,N,0
-14.933,129.8127,326.3,1.6,1.3,14/8/2019,1419,Terra,MODIS,100,6.3,293.1,50.2,N,0
-14.9105,129.8088,347.7,1.6,1.3,14/8/2019,1419,Terra,MODIS,100,6.3,297.7,117.1,N,0
-14.8992,129.8069,326,1.6,1.3,14/8/2019,1419,Terra,MODIS,100,6.3,292.9,48.7,N,0
-14.8956,129.7597,338.6,1.6,1.3,14/8/2019,1419,Terra,MODIS,100,6.3,295.5,80,N,0
-14.8982,129.7444,328.3,1.6,1.3,14/8/2019,1419,Terra,MODIS,100,6.3,296.2,51.7,N,0
-14.9007,129.8008,323.9,1.6,1.3,14/8/2019,1419,Terra,MODIS,100,6.3,292.7,44.2,N,0
-14.8969,129.7531,339.4,1.6,1.3,14/8/2019,1419,Terra,MODIS,100,6.3,297.4,83.8,N,0
-14.8857,129.7508,355.2,1.6,1.3,14/8/2019,1419,Terra,MODIS,100,6.3,300.9,148.6,N,0
-14.888,129.7364,328.9,1.6,1.3,14/8/2019,1419,Terra,MODIS,100,6.3,295,54.3,N,0
-14.8744,129.7492,343.8,1.6,1.3,14/8/2019,1419,Terra,MODIS,100,6.3,294.7,100.3,N,0
-14.8768,129.7348,329.2,1.6,1.3,14/8/2019,1419,Terra,MODIS,100,6.3,292.9,54.8,N,0
-12.7215,135.0519,360.1,1.3,1.1,15/8/2019,0109,Terra,MODIS,100,6.3,300.8,108.7,D,0
-12.7114,135.0535,363.9,1.3,1.1,15/8/2019,0109,Terra,MODIS,100,6.3,302.6,123.3,D,0
-14.7018,131.5131,386.5,2.1,1.4,15/8/2019,0110,Terra,MODIS,100,6.3,303.8,512.9,D,0
-14.705,131.5317,402.7,2.1,1.4,15/8/2019,0110,Terra,MODIS,100,6.3,307.6,768.1,D,0
-16.1338,136.4253,409.6,1,1,15/8/2019,0110,Terra,MODIS,100,6.3,313.4,317.6,D,0
-14.7624,130.7922,338,2.8,1.6,15/8/2019,1323,Terra,MODIS,100,6.3,295.6,180.3,N,0
-14.7479,130.7907,355.1,2.8,1.6,15/8/2019,1323,Terra,MODIS,100,6.3,296.4,333.5,N,0
-14.7461,130.7853,342.8,2.8,1.6,15/8/2019,1323,Terra,MODIS,100,6.3,295.8,218.8,N,0
-12.2027,131.082,324.7,2.5,1.5,15/8/2019,1324,Terra,MODIS,100,6.3,292,80.9,N,0
-21.6637,119.2493,321.7,1.3,1.1,15/8/2019,1500,Terra,MODIS,100,6.3,287.7,30.8,N,0
-14.2457,132.7923,322.4,1.1,1,15/8/2019,1627,Aqua,MODIS,100,6.3,292.5,24.1,N,0
-15.4528,130.9378,325.6,1.3,1.1,15/8/2019,1628,Aqua,MODIS,100,6.3,292.8,36.2,N,0
-15.4508,130.9254,330.5,1.3,1.1,15/8/2019,1628,Aqua,MODIS,100,6.3,293.2,45.5,N,0
-14.7122,130.7907,327.4,1.4,1.2,15/8/2019,1628,Aqua,MODIS,100,6.3,293.5,42.1,N,0
-27.4118,150.6611,361.2,1.1,1,16/8/2019,0017,Terra,MODIS,100,6.3,301.4,95.3,D,0
-16.19,126.1758,366.5,1,1,16/8/2019,0153,Terra,MODIS,100,6.3,309.8,93.2,D,0
-16.1914,126.1851,362.2,1,1,16/8/2019,0153,Terra,MODIS,100,6.3,308.9,81,D,0
-16.2649,126.0617,370.4,1,1,16/8/2019,0153,Terra,MODIS,100,6.3,310.7,107.1,D,0
-14.7249,131.5108,361.7,1.5,1.2,16/8/2019,0153,Terra,MODIS,100,6.3,309.1,147.4,D,0
-15.3312,130.22,375.5,1.3,1.1,16/8/2019,0153,Terra,MODIS,100,6.3,311.6,177.2,D,0
-15.3429,130.2303,388,1.3,1.1,16/8/2019,0153,Terra,MODIS,100,6.3,311.8,255.1,D,0
-15.3408,130.2243,385.1,1.3,1.1,16/8/2019,0153,Terra,MODIS,100,6.3,312.4,238.6,D,0
-32.1959,146.7316,382.8,1.9,1.4,16/8/2019,0436,Aqua,MODIS,100,6.3,306,420.5,D,0
-19.1644,138.3351,373.6,1.1,1,16/8/2019,0440,Aqua,MODIS,100,6.3,310.9,125.3,D,0
-19.1783,138.3064,381.9,1.1,1,16/8/2019,0440,Aqua,MODIS,100,6.3,313.2,161.4,D,0
-19.1767,138.3165,422.8,1.1,1,16/8/2019,0440,Aqua,MODIS,100,6.3,324.2,444.7,D,0
-19.1752,138.3266,424.1,1.1,1,16/8/2019,0440,Aqua,MODIS,100,6.3,317.7,458.7,D,0
-19.1659,138.325,434.9,1.1,1,16/8/2019,0440,Aqua,MODIS,100,6.3,327.4,573.7,D,0
-16.4833,136.7997,377,1,1,16/8/2019,0441,Aqua,MODIS,100,6.3,311.4,128.7,D,0
-16.4728,136.8077,373.6,1,1,16/8/2019,0441,Aqua,MODIS,100,6.3,314.6,112.7,D,0
-16.4742,136.7982,374.7,1,1,16/8/2019,0441,Aqua,MODIS,100,6.3,318.2,117,D,0
-16.4756,136.7887,368.3,1,1,16/8/2019,0441,Aqua,MODIS,100,6.3,312.6,95.3,D,0
-16.4498,136.8468,361.5,1,1,16/8/2019,0441,Aqua,MODIS,100,6.3,312.4,72.7,D,0
-16.4512,136.8373,367.1,1,1,16/8/2019,0441,Aqua,MODIS,100,6.3,316.3,89.3,D,0
-16.2036,136.3845,384.4,1,1,16/8/2019,0441,Aqua,MODIS,100,6.3,315,157.4,D,0
-15.7315,130.5894,367,1.7,1.3,16/8/2019,0441,Aqua,MODIS,100,6.3,311.6,208.3,D,0
-13.5436,142.8671,362.5,2.6,1.5,16/8/2019,0441,Aqua,MODIS,100,6.3,296.4,343,D,0
-15.3544,130.2238,413.4,1.8,1.3,16/8/2019,0441,Aqua,MODIS,100,6.3,320,801.4,D,0
-15.3564,130.2068,362,1.8,1.3,16/8/2019,0441,Aqua,MODIS,100,6.3,308,193.3,D,0
-15.3445,130.2045,389,1.8,1.3,16/8/2019,0441,Aqua,MODIS,100,6.3,313.2,438.6,D,0
-14.726,131.5478,364.5,1.4,1.2,16/8/2019,0441,Aqua,MODIS,100,6.3,313.1,141.6,D,0
-14.7253,131.4655,375.9,1.5,1.2,16/8/2019,0441,Aqua,MODIS,100,6.3,313.9,213.7,D,0
-15.5603,127.8442,322.4,1,1,16/8/2019,1406,Terra,MODIS,100,6.3,291.1,20.1,N,0
-15.5926,127.8111,342.4,1,1,16/8/2019,1406,Terra,MODIS,100,6.3,289.8,48.3,N,0
-15.6016,127.8125,325.8,1,1,16/8/2019,1406,Terra,MODIS,100,6.3,291.7,24.6,N,0
-15.3456,130.2022,320.1,1.1,1.1,16/8/2019,1406,Terra,MODIS,100,6.3,294.1,20.2,N,0
-15.3591,130.2105,352.1,1.1,1.1,16/8/2019,1406,Terra,MODIS,100,6.3,297.7,76,N,0
-15.3575,130.2209,361.9,1.1,1.1,16/8/2019,1406,Terra,MODIS,100,6.3,298.8,104.8,N,0
-15.3669,130.2224,355.9,1.1,1.1,16/8/2019,1406,Terra,MODIS,100,6.3,300.3,86.8,N,0
-15.3654,130.2327,346.7,1.1,1.1,16/8/2019,1406,Terra,MODIS,100,6.3,299.7,63.4,N,0
-15.3637,130.2433,322.2,1.1,1.1,16/8/2019,1406,Terra,MODIS,100,6.3,296.4,22,N,0
-15.4803,131.0024,331.6,1.2,1.1,16/8/2019,1406,Terra,MODIS,100,6.3,297,39,N,0
-15.4901,131.0043,334.3,1.2,1.1,16/8/2019,1406,Terra,MODIS,100,6.3,297.3,43.6,N,0
-15.7235,130.6184,392,1.2,1.1,16/8/2019,1406,Terra,MODIS,100,6.3,303,254.8,N,0
-15.7123,130.6276,338.1,1.2,1.1,16/8/2019,1406,Terra,MODIS,100,6.3,294.3,47.5,N,0
-16.2579,126.1011,364.3,1.1,1.1,16/8/2019,1406,Terra,MODIS,100,6.3,296.3,118.2,N,0
-16.2593,126.0906,352.7,1.1,1.1,16/8/2019,1406,Terra,MODIS,100,6.3,296.3,81.8,N,0
-16.2484,126.0997,372.3,1.1,1.1,16/8/2019,1406,Terra,MODIS,100,6.3,295.8,148.6,N,0
-15.5032,131.0582,338.6,1.2,1.1,16/8/2019,1406,Terra,MODIS,100,6.3,296,51.5,N,0
-15.505,131.0472,358.8,1.2,1.1,16/8/2019,1406,Terra,MODIS,100,6.3,298.6,107.6,N,0
-15.7219,130.6292,384.2,1.2,1.1,16/8/2019,1406,Terra,MODIS,100,6.3,301.4,209.6,N,0
-16.1967,126.1987,333.9,1.1,1.1,16/8/2019,1406,Terra,MODIS,100,6.3,290.3,39.9,N,0
-16.1981,126.1883,341.5,1.1,1.1,16/8/2019,1406,Terra,MODIS,100,6.3,290.4,54.2,N,0
-15.4884,131.0158,332.3,1.2,1.1,16/8/2019,1406,Terra,MODIS,100,6.3,295.8,39.6,N,0
-14.2284,132.7294,324.8,1.6,1.3,16/8/2019,1406,Terra,MODIS,100,6.3,293.6,43.4,N,0
-14.6844,130.7892,324.1,1.2,1.1,16/8/2019,1406,Terra,MODIS,100,6.3,293.7,26.6,N,0
-14.6827,130.8004,340.9,1.2,1.1,16/8/2019,1406,Terra,MODIS,100,6.3,294.7,57.2,N,0
-13.7849,131.9307,320.5,1.5,1.2,16/8/2019,1407,Terra,MODIS,100,6.3,292.3,30.3,N,0
-13.7904,131.9389,327.7,1.5,1.2,16/8/2019,1407,Terra,MODIS,100,6.3,293.5,44.1,N,0
-31.9167,148.5339,362.4,1.3,1.1,16/8/2019,1536,Aqua,MODIS,100,6.3,283,148,N,0
-14.6716,130.8103,328.1,2.3,1.5,16/8/2019,1710,Aqua,MODIS,100,6.3,291.5,93,N,0
-14.6691,130.7886,320.4,2.3,1.5,16/8/2019,1710,Aqua,MODIS,100,6.3,289.9,63.9,N,0
-12.4889,141.9303,384.4,1,1,17/8/2019,0057,Terra,MODIS,100,6.3,304.5,164.2,D,0
-29.834,152.7626,374.2,1,1,17/8/2019,0341,Aqua,MODIS,100,6.3,305.8,124.5,D,0
-15.518,127.8403,370.8,1.2,1.1,17/8/2019,0524,Aqua,MODIS,100,6.3,313.3,131.8,D,0
-28.0208,148.1677,321.7,1.2,1.1,17/8/2019,1307,Terra,MODIS,100,6.3,284.9,30.3,N,0
-16.804,142.2464,335,1,1,17/8/2019,1310,Terra,MODIS,100,6.3,296.6,33.2,N,0
-16.8148,142.2348,328.6,1,1,17/8/2019,1310,Terra,MODIS,100,6.3,296.6,24.2,N,0
-16.8135,142.2441,376.7,1,1,17/8/2019,1310,Terra,MODIS,100,6.3,300.7,137.3,N,0
-16.8251,142.2269,320.3,1,1,17/8/2019,1310,Terra,MODIS,100,6.3,295.2,15.6,N,0
-12.5334,141.9471,320.3,1,1,17/8/2019,1311,Terra,MODIS,100,6.3,293.1,17,N,0
-13.0264,141.846,331.4,1,1,17/8/2019,1311,Terra,MODIS,100,6.3,293.6,29.8,N,0
-13.0237,141.8644,348.4,1,1,17/8/2019,1311,Terra,MODIS,100,6.3,294.8,57.9,N,0
-13.025,141.8552,344,1,1,17/8/2019,1311,Terra,MODIS,100,6.3,294.6,49.3,N,0
-14.0284,143.4894,321,1.1,1,17/8/2019,1311,Terra,MODIS,100,6.3,291.6,21.2,N,0
-13.0224,141.8736,325,1,1,17/8/2019,1311,Terra,MODIS,100,6.3,293.4,21.5,N,0
-16.8111,142.2506,327.8,1.6,1.3,17/8/2019,1616,Aqua,MODIS,100,6.3,289.1,56.2,N,0
-15.6304,131.4769,323.1,2,1.4,17/8/2019,1616,Aqua,MODIS,100,6.3,292.7,55.9,N,0
-15.6428,131.4747,320.2,2,1.4,17/8/2019,1616,Aqua,MODIS,100,6.3,292.2,47.2,N,0
-15.6334,131.471,326.3,2,1.4,17/8/2019,1616,Aqua,MODIS,100,6.3,293.1,64.7,N,0
-15.6367,131.4894,321.5,2,1.4,17/8/2019,1616,Aqua,MODIS,100,6.3,291.4,51,N,0
-19.1579,138.3614,327.7,1.1,1,17/8/2019,1616,Aqua,MODIS,100,6.3,293.1,27.7,N,0
-12.6933,131.6989,365.4,1,1,18/8/2019,0140,Terra,MODIS,100,6.3,299.5,96.1,D,0
-15.6123,131.4678,377.5,1.1,1,18/8/2019,0141,Terra,MODIS,100,6.3,313.2,139.3,D,0
-15.6137,131.4776,393.8,1.1,1,18/8/2019,0141,Terra,MODIS,100,6.3,316.5,220.6,D,0
-15.6196,131.4703,374.5,1.1,1,18/8/2019,0141,Terra,MODIS,100,6.3,315.1,124.4,D,0
-14.8068,130.7917,379.1,1,1,18/8/2019,0141,Terra,MODIS,100,6.3,313.3,137,D,0
-14.8081,130.801,364.8,1,1,18/8/2019,0141,Terra,MODIS,100,6.3,311.7,87.3,D,0
-15.2577,130.4743,360.9,1,1,18/8/2019,0141,Terra,MODIS,100,6.3,311.4,77.6,D,0
-15.2667,130.473,361.8,1,1,18/8/2019,0141,Terra,MODIS,100,6.3,314.5,79,D,0
-32.0918,146.8875,365.2,1.3,1.1,18/8/2019,0424,Aqua,MODIS,100,6.3,306.7,137.9,D,0
-32.1019,146.89,374.7,1.3,1.1,18/8/2019,0424,Aqua,MODIS,100,6.3,308.1,184.6,D,0
-15.2338,130.4907,320.6,1,1,18/8/2019,1354,Terra,MODIS,100,6.3,297.8,16.7,N,0
-14.8184,130.7017,323.6,1,1,18/8/2019,1354,Terra,MODIS,100,6.3,292.9,21,N,0
-14.8509,130.7319,328.3,1,1,18/8/2019,1354,Terra,MODIS,100,6.3,292.8,25.7,N,0
-14.8573,130.7518,324.3,1,1,18/8/2019,1354,Terra,MODIS,100,6.3,292,21.3,N,0
-15.6325,130.6477,337.6,1.4,1.2,18/8/2019,1659,Aqua,MODIS,100,6.3,298.1,60.9,N,0
-15.6429,130.6459,328.1,1.4,1.2,18/8/2019,1659,Aqua,MODIS,100,6.3,298.2,37.8,N,0
-15.0661,141.6819,373.1,1.1,1.1,19/8/2019,0045,Terra,MODIS,100,6.3,300.3,142,D,0
-15.0677,141.6924,384.6,1.1,1.1,19/8/2019,0045,Terra,MODIS,100,6.3,305.8,196.4,D,0
-15.0694,141.7029,366.8,1.1,1.1,19/8/2019,0045,Terra,MODIS,100,6.3,307.5,113.8,D,0
-16.1786,136.3623,370.1,2.5,1.5,19/8/2019,0046,Terra,MODIS,100,6.3,301,407.1,D,0
-25.8887,150.9889,369,1.4,1.2,19/8/2019,0330,Aqua,MODIS,100,6.3,304.2,174.7,D,0
-24.5086,151.7639,374.9,1.2,1.1,19/8/2019,0331,Aqua,MODIS,100,6.3,305.9,170.7,D,0
-16.0366,136.4934,361.9,2.9,1.6,19/8/2019,0511,Aqua,MODIS,100,6.3,302.7,381.9,D,0
-16.4337,136.7446,369,3,1.6,19/8/2019,0511,Aqua,MODIS,100,6.3,302.8,499.1,D,0
-16.4488,136.7548,363.3,3,1.6,19/8/2019,0511,Aqua,MODIS,100,6.3,305.4,408,D,0
-16.0361,136.4981,368.3,2.9,1.6,19/8/2019,0511,Aqua,MODIS,100,6.3,302.9,462.9,D,0
-15.6665,130.5888,389.2,1.2,1.1,19/8/2019,0512,Aqua,MODIS,100,6.3,312.1,220.4,D,0
-15.6648,130.5994,370.8,1.2,1.1,19/8/2019,0512,Aqua,MODIS,100,6.3,304.4,125.6,D,0
-31.6577,152.1224,323.2,1.2,1.1,19/8/2019,1254,Terra,MODIS,100,6.3,281,31.8,N,0
-24.5045,151.773,323.5,1.5,1.2,19/8/2019,1256,Terra,MODIS,100,6.3,290.2,40.2,N,0
-16.3539,144.6488,335.2,1,1,19/8/2019,1258,Terra,MODIS,100,6.3,294.9,35.4,N,0
-16.3552,144.6394,324.7,1,1,19/8/2019,1258,Terra,MODIS,100,6.3,293.9,22.1,N,0
-16.3228,144.6731,330.6,1,1,19/8/2019,1258,Terra,MODIS,100,6.3,293.4,28.5,N,0
-16.3241,144.6637,323.5,1,1,19/8/2019,1258,Terra,MODIS,100,6.3,292.4,19.9,N,0
-16.3061,144.6609,327.1,1,1,19/8/2019,1258,Terra,MODIS,100,6.3,294,24.8,N,0
-16.3626,136.6958,330.7,3.1,1.7,19/8/2019,1258,Terra,MODIS,100,6.3,291.4,155.6,N,0
-16.365,136.6892,324.2,3.1,1.7,19/8/2019,1258,Terra,MODIS,100,6.3,290.8,114.1,N,0
-16.5608,136.7564,331.3,1.4,1.2,19/8/2019,1603,Aqua,MODIS,100,6.3,292,46,N,0
-16.566,136.7486,328.2,1.4,1.2,19/8/2019,1603,Aqua,MODIS,100,6.3,291.4,39.6,N,0
-16.0076,136.5931,323.5,1.4,1.2,19/8/2019,1603,Aqua,MODIS,100,6.3,291.8,35.2,N,0
-16.1481,136.4606,327.3,1.4,1.2,19/8/2019,1603,Aqua,MODIS,100,6.3,291,44,N,0
-16.1587,136.4587,335.3,1.4,1.2,19/8/2019,1603,Aqua,MODIS,100,6.3,291,61.5,N,0
-16.161,136.472,328,1.4,1.2,19/8/2019,1603,Aqua,MODIS,100,6.3,291.4,44.3,N,0
-12.5273,133.1824,369.2,1,1,20/8/2019,0128,Terra,MODIS,100,6.3,306,105,D,0
-12.6544,132.9236,376.8,1,1,20/8/2019,0128,Terra,MODIS,100,6.3,308.9,131.5,D,0
-12.6697,131.688,398.8,1.1,1,20/8/2019,0128,Terra,MODIS,100,6.3,312.5,273.7,D,0
-12.6713,131.698,366.4,1.1,1,20/8/2019,0128,Terra,MODIS,100,6.3,304.7,110.7,D,0
-12.6821,131.7684,365.1,1.1,1,20/8/2019,0128,Terra,MODIS,100,6.3,307.7,99.6,D,0
-12.6899,131.757,424.3,1.1,1,20/8/2019,0128,Terra,MODIS,100,6.3,320,485.1,D,0
-12.6914,131.767,396.4,1.1,1,20/8/2019,0128,Terra,MODIS,100,6.3,315,249.2,D,0
-12.6947,131.7503,391.7,1.1,1,20/8/2019,0128,Terra,MODIS,100,6.3,312.7,223.2,D,0
-12.6963,131.7603,378.5,1.1,1,20/8/2019,0128,Terra,MODIS,100,6.3,313.7,151.4,D,0
-12.7041,131.7488,408.8,1.1,1,20/8/2019,0128,Terra,MODIS,100,6.3,315.7,341.4,D,0
-12.7134,131.7473,377.3,1.1,1,20/8/2019,0128,Terra,MODIS,100,6.3,308.3,149.8,D,0
-15.9479,136.5637,400.7,1.3,1.1,20/8/2019,0128,Terra,MODIS,100,6.3,308.5,381.7,D,0
-15.9582,136.5623,373.8,1.3,1.1,20/8/2019,0128,Terra,MODIS,100,6.3,306.6,183.2,D,0
-15.9599,136.5748,385.9,1.3,1.1,20/8/2019,0128,Terra,MODIS,100,6.3,310.1,261,D,0
-15.9546,136.5569,363.6,1.3,1.1,20/8/2019,0128,Terra,MODIS,100,6.3,304.8,130.3,D,0
-15.9562,136.5693,404,1.3,1.1,20/8/2019,0128,Terra,MODIS,100,6.3,314.9,410.4,D,0
-27.6099,149.1032,370.7,1.4,1.2,20/8/2019,0413,Aqua,MODIS,100,6.3,304.9,182.6,D,0
-26.1348,150.3579,400.8,1.8,1.3,20/8/2019,0413,Aqua,MODIS,100,6.3,309.9,588.2,D,0
-26.138,150.3402,367.6,1.8,1.3,20/8/2019,0413,Aqua,MODIS,100,6.3,307.1,236.3,D,0
-26.1231,150.3551,450.3,1.8,1.3,20/8/2019,0413,Aqua,MODIS,100,6.3,319.1,1656.7,D,0
-26.1264,150.3374,418.6,1.8,1.3,20/8/2019,0413,Aqua,MODIS,100,6.3,321.4,879,D,0
-17.5158,145.2482,374.5,1.2,1.1,20/8/2019,0415,Aqua,MODIS,100,6.3,308.1,162.1,D,0
-17.5256,145.2499,361.2,1.2,1.1,20/8/2019,0415,Aqua,MODIS,100,6.3,305.5,106.6,D,0
-16.5098,136.7282,362.4,1.8,1.3,20/8/2019,0416,Aqua,MODIS,100,6.3,310.5,183.7,D,0
-13.4333,143.0619,369.5,1.1,1,20/8/2019,0417,Aqua,MODIS,100,6.3,311.7,112.2,D,0
-13.4348,143.0521,362.5,1.1,1,20/8/2019,0417,Aqua,MODIS,100,6.3,309.5,89.7,D,0
-12.3374,141.8872,365.2,1,1,20/8/2019,0417,Aqua,MODIS,100,6.3,310.5,91.3,D,0
-12.6834,131.7484,365.5,3.8,1.8,20/8/2019,0417,Aqua,MODIS,100,6.3,304.4,632.9,D,0
-12.6932,131.7428,363.4,3.8,1.8,20/8/2019,0417,Aqua,MODIS,100,6.3,305.5,581,D,0
-16.3632,136.7581,345.8,1.1,1.1,20/8/2019,1341,Terra,MODIS,100,6.3,293.9,63.9,N,0
-16.1796,136.9436,339.5,1.2,1.1,20/8/2019,1341,Terra,MODIS,100,6.3,294.8,51.5,N,0
-16.1683,136.9527,336.3,1.2,1.1,20/8/2019,1341,Terra,MODIS,100,6.3,292,46.6,N,0
-16.17,136.9419,366.9,1.2,1.1,20/8/2019,1341,Terra,MODIS,100,6.3,299.8,131,N,0
-16.1716,136.9312,333.5,1.2,1.1,20/8/2019,1341,Terra,MODIS,100,6.3,293.6,41.3,N,0
-16.3901,136.7733,327.4,1.1,1.1,20/8/2019,1341,Terra,MODIS,100,6.3,292.1,29.3,N,0
-16.3806,136.7717,330,1.1,1.1,20/8/2019,1341,Terra,MODIS,100,6.3,292.6,33.4,N,0
-16.3711,136.7702,349.2,1.1,1.1,20/8/2019,1341,Terra,MODIS,100,6.3,295.7,71.5,N,0
-16.3616,136.7686,370.6,1.1,1.1,20/8/2019,1341,Terra,MODIS,100,6.3,297.3,141,N,0
-12.7213,131.7837,323.7,1.1,1,20/8/2019,1342,Terra,MODIS,100,6.3,293.5,23.6,N,0
-12.9325,141.7819,325,2.8,1.6,20/8/2019,1342,Terra,MODIS,100,6.3,292.5,97.7,N,0
-15.6673,130.6798,328,1.4,1.2,20/8/2019,1342,Terra,MODIS,100,6.3,293.4,38.6,N,0
-12.6407,132.1395,330.1,1.1,1,20/8/2019,1645,Aqua,MODIS,100,6.3,292.8,33,N,0
-15.6439,130.679,324.5,1,1,20/8/2019,1646,Aqua,MODIS,100,6.3,293.8,22.1,N,0
-16.1791,136.9287,362.2,3.8,1.8,21/8/2019,0033,Terra,MODIS,100,6.3,301.9,595.7,D,0
-16.1852,136.9217,364.1,3.8,1.8,21/8/2019,0033,Terra,MODIS,100,6.3,301,627.2,D,0
-22.7874,150.5778,360.2,2.2,1.4,21/8/2019,0319,Aqua,MODIS,100,6.3,304.1,266.9,D,0
-16.5693,136.688,370.1,1.7,1.3,21/8/2019,0459,Aqua,MODIS,100,6.3,312.9,232.8,D,0
-16.5666,136.704,368.2,1.7,1.3,21/8/2019,0459,Aqua,MODIS,100,6.3,314.4,213.7,D,0
-16.5659,136.6942,373.5,1.7,1.3,21/8/2019,0459,Aqua,MODIS,100,6.3,312.4,255.1,D,0
-16.5774,136.6963,363.7,1.7,1.3,21/8/2019,0459,Aqua,MODIS,100,6.3,312.4,181.3,D,0
-16.6476,128.6713,393.9,1.2,1.1,21/8/2019,0459,Aqua,MODIS,100,6.3,317.1,264.1,D,0
-16.6491,128.6601,399.6,1.2,1.1,21/8/2019,0459,Aqua,MODIS,100,6.3,318.9,306.2,D,0
-13.9365,129.9103,457.3,1,1,21/8/2019,0500,Aqua,MODIS,100,6.3,339,813.3,D,0
-13.9378,129.9009,368.3,1,1,21/8/2019,0500,Aqua,MODIS,100,6.3,316.9,92.5,D,0
-13.9285,129.9027,393.6,1,1,21/8/2019,0500,Aqua,MODIS,100,6.3,324.9,209.9,D,0
-13.6718,130.6169,401.5,1,1,21/8/2019,0500,Aqua,MODIS,100,6.3,312.1,249.5,D,0
-13.6731,130.6077,405.4,1,1,21/8/2019,0500,Aqua,MODIS,100,6.3,312.4,274.3,D,0
-27.601,149.1034,347.3,1.1,1,21/8/2019,1243,Terra,MODIS,100,6.3,284.3,67.7,N,0
-26.9092,153.114,326.6,1.1,1,21/8/2019,1243,Terra,MODIS,100,6.3,290.4,29.3,N,0
-27.3051,148.0409,324.4,1.2,1.1,21/8/2019,1243,Terra,MODIS,100,6.3,281.9,33.5,N,0
-26.4023,153.0962,326.6,1.1,1.1,21/8/2019,1243,Terra,MODIS,100,6.3,287.3,31,N,2
-22.6437,150.5726,333,1,1,21/8/2019,1244,Terra,MODIS,100,6.3,286.2,35.9,N,0
-16.5369,124.091,343.8,1,1,21/8/2019,1424,Terra,MODIS,100,6.3,295.7,50.2,N,0
-16.5279,124.0896,335.4,1,1,21/8/2019,1424,Terra,MODIS,100,6.3,294.1,36.3,N,0
-16.5292,124.0803,326,1,1,21/8/2019,1424,Terra,MODIS,100,6.3,293,24,N,0
-16.5445,124.1018,332.1,1,1,21/8/2019,1424,Terra,MODIS,100,6.3,295.2,30.7,N,0
-16.5459,124.0925,333.9,1,1,21/8/2019,1424,Terra,MODIS,100,6.3,294.8,33.3,N,0
-12.9349,141.7012,330.6,1.2,1.1,21/8/2019,1550,Aqua,MODIS,100,6.3,292.8,36.4,N,0
-15.425,135.5175,389.1,1,1,22/8/2019,0116,Terra,MODIS,100,6.3,310.7,187.1,D,0
-15.4264,135.5269,372.9,1,1,22/8/2019,0116,Terra,MODIS,100,6.3,313.7,117.3,D,0
-15.4341,135.5161,373.1,1,1,22/8/2019,0116,Terra,MODIS,100,6.3,306.1,118.9,D,0
-15.4355,135.5255,434.3,1,1,22/8/2019,0116,Terra,MODIS,100,6.3,323.4,526.2,D,0
-15.4369,135.5348,393.1,1,1,22/8/2019,0116,Terra,MODIS,100,6.3,319.6,204.9,D,0
-15.4459,135.5334,429.5,1,1,22/8/2019,0116,Terra,MODIS,100,6.3,319.7,475.3,D,0
-15.4473,135.5427,378,1,1,22/8/2019,0116,Terra,MODIS,100,6.3,315.3,133.6,D,0
-16.0997,136.8492,360.3,1,1,22/8/2019,0116,Terra,MODIS,100,6.3,313.7,77.5,D,0
-16.1074,136.842,406.2,1,1,22/8/2019,0116,Terra,MODIS,100,6.3,321.6,289.4,D,0
-16.1087,136.8514,374.1,1,1,22/8/2019,0116,Terra,MODIS,100,6.3,316.3,122.8,D,0
-16.1164,136.8406,384.6,1,1,22/8/2019,0116,Terra,MODIS,100,6.3,310.4,166.6,D,0
-16.1178,136.8501,382.8,1,1,22/8/2019,0116,Terra,MODIS,100,6.3,315.5,158.4,D,0
-16.1282,136.8582,390.6,1,1,22/8/2019,0116,Terra,MODIS,100,6.3,316.7,194.1,D,0
-16.1373,136.8568,408,1,1,22/8/2019,0116,Terra,MODIS,100,6.3,318,300.8,D,0
-16.1386,136.8663,377.5,1,1,22/8/2019,0116,Terra,MODIS,100,6.3,316.1,133.1,D,0
-27.6899,149.9371,379.1,1.1,1,22/8/2019,0400,Aqua,MODIS,100,6.3,308,159.2,D,0
-27.6882,149.9481,412.4,1.1,1,22/8/2019,0400,Aqua,MODIS,100,6.3,311.9,369.4,D,0
-28.441,153.2916,370.9,1.6,1.2,22/8/2019,0400,Aqua,MODIS,100,6.3,303.5,226.2,D,0
-25.6343,148.5779,363.9,1,1,22/8/2019,0401,Aqua,MODIS,100,6.3,307.1,95.6,D,0
-21.3446,147.8482,360.6,1,1,22/8/2019,0402,Aqua,MODIS,100,6.3,313.1,79.3,D,0
-22.734,150.5766,386.1,1.3,1.2,22/8/2019,0402,Aqua,MODIS,100,6.3,309.4,267.9,D,0
-22.7237,150.5745,378.3,1.3,1.2,22/8/2019,0402,Aqua,MODIS,100,6.3,302.4,218.2,D,0
-22.7367,150.4972,364.2,1.3,1.1,22/8/2019,0402,Aqua,MODIS,100,6.3,305.7,131,D,0
-22.6773,150.5603,372,1.3,1.2,22/8/2019,0402,Aqua,MODIS,100,6.3,308.2,180.1,D,0
-18.2392,145.2369,368.7,1,1,22/8/2019,0403,Aqua,MODIS,100,6.3,312.1,106.1,D,0
-26.9803,153.1289,321.8,4.6,2,22/8/2019,1147,Terra,MODIS,100,6.3,287,181.8,N,0
-13.5195,130.3593,324.6,2.2,1.4,22/8/2019,1330,Terra,MODIS,100,6.3,289.4,75,N,0
-13.5171,130.3656,336,2.2,1.4,22/8/2019,1330,Terra,MODIS,100,6.3,290.3,120.6,N,0
-12.9522,141.7007,321.1,1.6,1.3,22/8/2019,1330,Terra,MODIS,100,6.3,292,35.4,N,0
-12.5519,131.3447,325.9,1.8,1.3,22/8/2019,1330,Terra,MODIS,100,6.3,291,58.7,N,0
-22.5087,150.3119,323.3,1.8,1.3,22/8/2019,1457,Aqua,MODIS,100,6.3,291.6,51.1,N,0
-22.5138,150.3162,337.8,1.8,1.3,22/8/2019,1457,Aqua,MODIS,100,6.3,293.2,95.4,N,0
-22.5204,150.3095,335.7,1.8,1.3,22/8/2019,1457,Aqua,MODIS,100,6.3,293.3,89.4,N,0
-22.6106,150.5373,329.7,1.7,1.3,22/8/2019,1457,Aqua,MODIS,100,6.3,289.3,65.8,N,0
-22.6167,150.5708,328.7,1.7,1.3,22/8/2019,1457,Aqua,MODIS,100,6.3,287.2,58.6,N,0
-26.973,153.1521,346.2,1.1,1,22/8/2019,1458,Aqua,MODIS,100,6.3,295,62.3,N,0
-26.9823,153.1503,320.9,1.1,1,22/8/2019,1458,Aqua,MODIS,100,6.3,289.5,21.7,N,0
-12.9212,132.0385,325.8,1.1,1,22/8/2019,1633,Aqua,MODIS,100,6.3,292.9,26.5,N,0
-12.9595,132.0424,354,1.1,1,22/8/2019,1633,Aqua,MODIS,100,6.3,297.7,77.8,N,0
-12.961,132.0521,326.9,1.1,1,22/8/2019,1633,Aqua,MODIS,100,6.3,294,27.2,N,0
-12.9687,132.0409,348.8,1.1,1,22/8/2019,1633,Aqua,MODIS,100,6.3,296.7,65.2,N,0
-22.5866,150.5178,374.5,1.1,1,23/8/2019,0022,Terra,MODIS,100,6.3,303.9,144.7,D,0
-22.6113,150.5578,364.5,1.1,1,23/8/2019,0022,Terra,MODIS,100,6.3,302.9,104.7,D,0
-28.1082,147.3789,368.4,1,1,23/8/2019,0024,Terra,MODIS,100,6.3,302.3,104.4,D,0
-15.2077,134.4001,369.7,1,1,23/8/2019,0447,Aqua,MODIS,100,6.3,319.1,95.5,D,0
-15.8369,137.072,361.2,1.2,1.1,23/8/2019,0447,Aqua,MODIS,100,6.3,306.9,112.5,D,3
-16.1037,136.8608,406.3,1.2,1.1,23/8/2019,0447,Aqua,MODIS,100,6.3,320,338.3,D,0
-16.1404,136.8947,366,1.2,1.1,23/8/2019,0447,Aqua,MODIS,100,6.3,316.5,102.9,D,0
-16.5334,136.8647,364.3,1.1,1.1,23/8/2019,0447,Aqua,MODIS,100,6.3,315.2,96.4,D,0
-13.9856,130.072,363.1,1.4,1.2,23/8/2019,0448,Aqua,MODIS,100,6.3,312,130.6,D,0
-13.485,130.3308,393.2,1.3,1.1,23/8/2019,0448,Aqua,MODIS,100,6.3,311.9,302.6,D,0
-13.4865,130.3186,367.9,1.3,1.1,23/8/2019,0448,Aqua,MODIS,100,6.3,309,142.9,D,0
-13.4881,130.3064,380.8,1.3,1.1,23/8/2019,0448,Aqua,MODIS,100,6.3,310.1,214.4,D,0
-12.6646,132.1004,364.8,1.1,1,23/8/2019,0448,Aqua,MODIS,100,6.3,312.4,88.5,D,0
-12.088,135.6989,362.4,1.1,1.1,23/8/2019,0448,Aqua,MODIS,100,6.3,311.2,97.4,D,0
-12.5382,131.3321,378.2,1.1,1.1,23/8/2019,0448,Aqua,MODIS,100,6.3,311,153.4,D,0
-31.3809,152.4859,323.3,1.1,1.1,23/8/2019,1229,Terra,MODIS,100,6.3,283.6,29.4,N,0
-29.1749,148.7043,324.4,1.8,1.3,23/8/2019,1230,Terra,MODIS,100,6.3,281.4,59.3,N,0
-27.0074,150.7123,321.1,1.2,1.1,23/8/2019,1230,Terra,MODIS,100,6.3,284.7,30.3,N,0
-26.9974,150.7107,334.7,1.2,1.1,23/8/2019,1230,Terra,MODIS,100,6.3,284.3,52.7,N,0
-15.2506,141.9152,320.4,3.6,1.8,23/8/2019,1234,Terra,MODIS,100,6.3,288.5,120.6,N,0
-29.5043,127.0535,322.6,1.2,1.1,23/8/2019,1409,Terra,MODIS,100,6.3,287.5,26.9,N,0
-12.6853,132.108,325.1,2,1.4,23/8/2019,1413,Terra,MODIS,100,6.3,293.6,63.7,N,0
-12.684,132.1013,320.7,2,1.4,23/8/2019,1413,Terra,MODIS,100,6.3,292.8,50.5,N,0
-15.2512,141.9282,349.3,1.7,1.3,23/8/2019,1538,Aqua,MODIS,100,6.3,294.9,128.9,N,0
-15.5297,131.5555,326,3.6,1.8,23/8/2019,1717,Aqua,MODIS,100,6.3,290.1,163.3,N,0
-16.8239,123.1528,381.5,1,1,23/8/2019,1717,Aqua,MODIS,100,6.3,299.5,169.8,N,0
-12.1647,141.8081,377.1,1.1,1,24/8/2019,0103,Terra,MODIS,100,6.3,304.8,149,D,0
-12.1661,141.818,394.3,1.1,1,24/8/2019,0103,Terra,MODIS,100,6.3,310.3,239.9,D,0
-12.9753,141.7596,371.7,1.1,1,24/8/2019,0103,Terra,MODIS,100,6.3,301.3,132.6,D,0
-12.9767,141.7697,367,1.1,1,24/8/2019,0103,Terra,MODIS,100,6.3,300,115.3,D,0
-26.2972,151.0901,389.2,1,1,24/8/2019,0348,Aqua,MODIS,100,6.3,306.5,187.8,D,0
-18.7638,126.5864,380.6,1.1,1.1,24/8/2019,0529,Aqua,MODIS,100,6.3,318.5,167.8,D,0
-18.7655,126.5757,378.5,1.1,1.1,24/8/2019,0529,Aqua,MODIS,100,6.3,319,157.5,D,0
-17.1366,142.5278,348.1,1.1,1,24/8/2019,1316,Terra,MODIS,100,6.3,292.7,63.7,N,0
-17.135,142.5377,396.9,1.1,1,24/8/2019,1316,Terra,MODIS,100,6.3,300.4,258.6,N,0
-17.1335,142.5477,363.9,1.1,1,24/8/2019,1316,Terra,MODIS,100,6.3,295.9,107,N,0
-17.1443,142.5393,392.3,1.1,1,24/8/2019,1316,Terra,MODIS,100,6.3,301.2,232.2,N,0
-17.1428,142.5493,408.1,1.1,1,24/8/2019,1316,Terra,MODIS,100,6.3,306,337.3,N,0
-17.0754,142.5113,338.4,1.1,1,24/8/2019,1316,Terra,MODIS,100,6.3,292.3,45.4,N,0
-17.1073,142.5331,325.3,1.1,1,24/8/2019,1316,Terra,MODIS,100,6.3,290.9,24.4,N,0
-17.1057,142.5431,368.7,1.1,1,24/8/2019,1316,Terra,MODIS,100,6.3,294.6,123,N,0
-17.115,142.5446,374.3,1.1,1,24/8/2019,1316,Terra,MODIS,100,6.3,299.7,143.5,N,0
-17.1135,142.5546,339.5,1.1,1,24/8/2019,1316,Terra,MODIS,100,6.3,293.6,46.3,N,0
-17.1288,142.5162,321.2,1.1,1,24/8/2019,1316,Terra,MODIS,100,6.3,289.3,20.4,N,0
-17.1273,142.5262,336.2,1.1,1,24/8/2019,1316,Terra,MODIS,100,6.3,290.9,40.1,N,0
-17.1381,142.5178,324.3,1.1,1,24/8/2019,1316,Terra,MODIS,100,6.3,289.4,24.3,N,0
-15.1716,141.9985,324.1,1.1,1,24/8/2019,1317,Terra,MODIS,100,6.3,293.5,22.5,N,0
-15.1701,142.0083,335.1,1.1,1,24/8/2019,1317,Terra,MODIS,100,6.3,294.7,38.2,N,0
-15.1823,141.9901,346.4,1.1,1,24/8/2019,1317,Terra,MODIS,100,6.3,295,58.9,N,0
-15.1809,142,335.3,1.1,1,24/8/2019,1317,Terra,MODIS,100,6.3,294.9,38,N,0
-15.1916,141.9916,331.1,1.1,1,24/8/2019,1317,Terra,MODIS,100,6.3,294.2,32.1,N,0
-33.4771,150.9128,402.3,1.1,1,25/8/2019,0013,Terra,MODIS,100,6.3,304,300.8,D,0
-33.4677,150.9146,361.3,1.1,1,25/8/2019,0013,Terra,MODIS,100,6.3,297.8,99.5,D,0
-13.0983,130.2212,363.8,1,1,25/8/2019,0146,Terra,MODIS,100,6.3,308.7,92.1,D,0
-13.161,130.2024,360.8,1,1,25/8/2019,0146,Terra,MODIS,100,6.3,310.2,80.2,D,0
-13.1715,130.2106,372.6,1,1,25/8/2019,0146,Terra,MODIS,100,6.3,309.6,118.3,D,0
-13.57,130.3081,369.2,1.1,1,25/8/2019,0146,Terra,MODIS,100,6.3,316,104.6,D,0
-13.5885,130.3054,382.1,1.1,1,25/8/2019,0146,Terra,MODIS,100,6.3,310.4,157.4,D,0
-13.5898,130.3151,367.8,1.1,1,25/8/2019,0146,Terra,MODIS,100,6.3,314.6,98.9,D,0
-15.4715,135.5707,365.6,1.1,1,25/8/2019,0435,Aqua,MODIS,100,6.3,313.5,95.8,D,0
-15.242,134.3584,366.2,1.2,1.1,25/8/2019,0435,Aqua,MODIS,100,6.3,313.7,116,D,0
-12.5529,135.1768,361.8,1.1,1,25/8/2019,0436,Aqua,MODIS,100,6.3,312.1,80.6,D,0
-12.0893,135.6676,361.9,1,1,25/8/2019,0436,Aqua,MODIS,100,6.3,310,80.5,D,0
-23.7712,151.2102,320.8,1.2,1.1,25/8/2019,1528,Aqua,MODIS,100,6.3,288.2,27.8,N,0
-26.3563,150.7502,323.1,1.2,1.1,25/8/2019,1529,Aqua,MODIS,100,6.3,286.2,32.3,N,0
-16.6074,124.1815,322.4,1,1,25/8/2019,1705,Aqua,MODIS,100,6.3,293.1,21.8,N,0
-14.814,142.3893,370.1,1,1,26/8/2019,0051,Terra,MODIS,100,6.3,308.9,105.7,D,0
-29.0042,150.7624,420.8,1.3,1.1,26/8/2019,0335,Aqua,MODIS,100,6.3,317.7,569.9,D,0
-12.7567,130.9922,382.3,1.7,1.3,26/8/2019,0518,Aqua,MODIS,100,6.3,311.8,315,D,0
-12.7593,130.9767,418,1.7,1.3,26/8/2019,0518,Aqua,MODIS,100,6.3,321.3,784.9,D,0
-12.7607,130.9873,372.1,1.7,1.3,26/8/2019,0518,Aqua,MODIS,100,6.3,313.2,230.6,D,0
-12.7492,130.9853,410.8,1.7,1.3,26/8/2019,0518,Aqua,MODIS,100,6.3,312,669.6,D,0
-12.7517,130.9698,419,1.7,1.3,26/8/2019,0518,Aqua,MODIS,100,6.3,316,805.7,D,0
-16.7129,124.1145,364.1,1.2,1.1,26/8/2019,0518,Aqua,MODIS,100,6.3,312,103,D,0
-33.6535,149.8149,328.5,1.1,1,26/8/2019,1259,Terra,MODIS,100,6.3,278.5,34.5,N,0
-17.106,142.6011,331.5,1,1,26/8/2019,1304,Terra,MODIS,100,6.3,292,33.3,N,0
-17.1152,142.6025,336.8,1,1,26/8/2019,1304,Terra,MODIS,100,6.3,294,41,N,0
-17.1257,142.594,333.7,1,1,26/8/2019,1304,Terra,MODIS,100,6.3,294,36.2,N,0
-17.1349,142.5954,327.7,1,1,26/8/2019,1304,Terra,MODIS,100,6.3,293.6,27.8,N,0
-17.1454,142.587,327.5,1,1,26/8/2019,1304,Terra,MODIS,100,6.3,292.5,27,N,0
-17.1546,142.5884,323.3,1,1,26/8/2019,1304,Terra,MODIS,100,6.3,291.9,22.7,N,0
-15.0816,142.031,323,1.1,1,26/8/2019,1305,Terra,MODIS,100,6.3,292.4,21.7,N,0
-15.151,142.0571,332.7,1.1,1,26/8/2019,1305,Terra,MODIS,100,6.3,294.8,33.9,N,0
-17.1385,142.6031,320.3,1.4,1.2,26/8/2019,1609,Aqua,MODIS,100,6.3,293,27.9,N,0
-17.149,142.6017,323.8,1.4,1.2,26/8/2019,1609,Aqua,MODIS,100,6.3,293.4,33.5,N,0
-17.1594,142.6003,329.7,1.4,1.2,26/8/2019,1609,Aqua,MODIS,100,6.3,293.1,44.7,N,0
-14.8359,142.3425,336.3,1.2,1.1,26/8/2019,1609,Aqua,MODIS,100,6.3,292.8,52.4,N,0
-16.8678,142.3885,320.5,1.3,1.1,26/8/2019,1609,Aqua,MODIS,100,6.3,292.4,25.6,N,0
-16.8694,142.4008,353.3,1.3,1.1,26/8/2019,1609,Aqua,MODIS,100,6.3,296,104.1,N,0
-16.8781,142.3871,345.9,1.3,1.1,26/8/2019,1609,Aqua,MODIS,100,6.3,295.3,79.6,N,0
-16.8797,142.3994,331.2,1.3,1.1,26/8/2019,1609,Aqua,MODIS,100,6.3,293.7,43.9,N,0
-16.9339,142.3486,327.6,1.3,1.1,26/8/2019,1609,Aqua,MODIS,100,6.3,294.6,36.6,N,0
-16.9355,142.3609,328.5,1.3,1.1,26/8/2019,1609,Aqua,MODIS,100,6.3,295,38.6,N,0
-16.9379,142.298,340,1.3,1.1,26/8/2019,1609,Aqua,MODIS,100,6.3,294.6,63.2,N,0
-16.9394,142.3103,376.3,1.3,1.1,26/8/2019,1609,Aqua,MODIS,100,6.3,301.3,204.8,N,0
-16.941,142.3226,389.2,1.3,1.1,26/8/2019,1609,Aqua,MODIS,100,6.3,303,288.5,N,0
-16.9426,142.3349,386.5,1.3,1.1,26/8/2019,1609,Aqua,MODIS,100,6.3,303.8,271,N,0
-16.9442,142.3472,344,1.3,1.1,26/8/2019,1609,Aqua,MODIS,100,6.3,297,74.3,N,0
-16.9497,142.3089,333.3,1.3,1.1,26/8/2019,1609,Aqua,MODIS,100,6.3,295.3,48.3,N,0
-12.5558,132.8385,365.3,1,1,27/8/2019,0134,Terra,MODIS,100,6.3,313,89.6,D,0
-12.5585,132.857,376.3,1,1,27/8/2019,0134,Terra,MODIS,100,6.3,314.3,127.5,D,0
-12.6286,131.0303,371.8,1,1,27/8/2019,0134,Terra,MODIS,100,6.3,312.9,111.5,D,0
-14.4661,133.867,384.6,1.1,1.1,27/8/2019,0134,Terra,MODIS,100,6.3,313,187.9,D,0
-14.4676,133.8772,400.7,1.1,1.1,27/8/2019,0134,Terra,MODIS,100,6.3,318.4,285.7,D,0
-14.477,133.8759,372.9,1.1,1.1,27/8/2019,0134,Terra,MODIS,100,6.3,316.1,131.3,D,0
-31.6751,146.5759,383.4,1.1,1,27/8/2019,0418,Aqua,MODIS,100,6.3,307.8,182.5,D,0
-28.0264,148.1546,364,1.5,1.2,27/8/2019,0419,Aqua,MODIS,100,6.3,308.2,154.4,D,0
-16.9537,142.3896,393.8,1.1,1,27/8/2019,0422,Aqua,MODIS,100,6.3,319.5,221.2,D,0
-16.9472,142.393,369.9,1.1,1,27/8/2019,0422,Aqua,MODIS,100,6.3,309.7,109.9,D,0
-16.9487,142.383,376.6,1.1,1,27/8/2019,0422,Aqua,MODIS,100,6.3,320,135.3,D,0
-16.9394,142.3815,392.2,1.1,1,27/8/2019,0422,Aqua,MODIS,100,6.3,312.7,211.4,D,0
-16.9409,142.3715,364.5,1.1,1,27/8/2019,0422,Aqua,MODIS,100,6.3,315.2,88.9,D,0
-16.8577,142.4191,369.1,1.1,1,27/8/2019,0422,Aqua,MODIS,100,6.3,310.1,109.1,D,0
-16.5923,136.8714,364.2,1.4,1.2,27/8/2019,0422,Aqua,MODIS,100,6.3,319.3,130.1,D,0
-15.2405,144.5994,374,1.5,1.2,27/8/2019,0422,Aqua,MODIS,100,6.3,303.6,210.1,D,0
-16.121,136.8927,361.7,1.4,1.2,27/8/2019,0422,Aqua,MODIS,100,6.3,320.2,109.5,D,0
-14.4532,133.8308,375.2,2.1,1.4,27/8/2019,0423,Aqua,MODIS,100,6.3,311.1,365.6,D,0
-14.4554,133.8113,374.9,2.1,1.4,27/8/2019,0423,Aqua,MODIS,100,6.3,310.2,368.8,D,0
-12.2491,134.8869,346.2,1.2,1.1,27/8/2019,1348,Terra,MODIS,100,6.3,300,72.8,N,0
-12.2469,134.8919,335.1,1.2,1.1,27/8/2019,1348,Terra,MODIS,100,6.3,297.9,47.2,N,0
-12.2486,134.8808,321.5,1.2,1.1,27/8/2019,1348,Terra,MODIS,100,6.3,295.5,25.2,N,0
-14.4391,133.816,347,1,1,27/8/2019,1348,Terra,MODIS,100,6.3,294.4,59.6,N,0
-14.4377,133.8256,347,1,1,27/8/2019,1348,Terra,MODIS,100,6.3,293.6,59.9,N,0
-16.8802,142.2527,361.3,1.2,1.1,28/8/2019,0039,Terra,MODIS,100,6.3,308.1,103.7,D,0
-16.9642,142.5894,360.2,1.2,1.1,28/8/2019,0039,Terra,MODIS,100,6.3,306.9,93.6,D,0
-16.9931,142.5845,384,1.2,1.1,28/8/2019,0039,Terra,MODIS,100,6.3,309.8,197.6,D,0
-16.9955,142.5782,361.1,1.2,1.1,28/8/2019,0039,Terra,MODIS,100,6.3,302.4,101.7,D,0
-16.9973,142.589,372.3,1.2,1.1,28/8/2019,0039,Terra,MODIS,100,6.3,308.8,141.5,D,0
-17.0069,142.5874,369.8,1.2,1.1,28/8/2019,0039,Terra,MODIS,100,6.3,304.6,131.4,D,0
-17.0086,142.5982,366.6,1.2,1.1,28/8/2019,0039,Terra,MODIS,100,6.3,307.7,114.7,D,0
-17.0409,142.6148,363.4,1.2,1.1,28/8/2019,0039,Terra,MODIS,100,6.3,306,95.7,D,0
-17.0426,142.6256,367.9,1.2,1.1,28/8/2019,0039,Terra,MODIS,100,6.3,311.4,113.5,D,0
-17.047,142.5917,384,1.2,1.1,28/8/2019,0039,Terra,MODIS,100,6.3,307.5,201.2,D,0
-17.0809,142.6191,378.9,1.2,1.1,28/8/2019,0039,Terra,MODIS,100,6.3,309.8,166.4,D,0
-17.0922,142.6282,382.2,1.2,1.1,28/8/2019,0039,Terra,MODIS,100,6.3,309.5,182.5,D,0
-17.0939,142.6389,366.4,1.1,1.1,28/8/2019,0039,Terra,MODIS,100,6.3,311.7,108.6,D,0
-17.0964,142.6319,374,1.1,1.1,28/8/2019,0039,Terra,MODIS,100,6.3,310.6,143.4,D,0
-16.0563,136.8686,361.3,2.4,1.5,28/8/2019,0505,Aqua,MODIS,100,6.3,310.7,266.8,D,0
-16.0697,136.8712,362.2,2.4,1.5,28/8/2019,0505,Aqua,MODIS,100,6.3,314.1,266.9,D,0
-16.0634,136.8751,365.1,2.4,1.5,28/8/2019,0505,Aqua,MODIS,100,6.3,311.2,294,D,0
-16.0768,136.8777,365.5,2.4,1.5,28/8/2019,0505,Aqua,MODIS,100,6.3,313.8,301.1,D,0
-14.4694,133.7813,416,1.5,1.2,28/8/2019,0506,Aqua,MODIS,100,6.3,325.8,630,D,0
-14.4585,133.7796,364.4,1.5,1.2,28/8/2019,0506,Aqua,MODIS,100,6.3,315.5,145.2,D,0
-14.4608,133.7657,365.3,1.5,1.2,28/8/2019,0506,Aqua,MODIS,100,6.3,316.5,151,D,0
-14.4631,133.752,368.1,1.5,1.2,28/8/2019,0506,Aqua,MODIS,100,6.3,317.9,170.5,D,0
-14.4648,133.7883,376.8,1.5,1.2,28/8/2019,0506,Aqua,MODIS,100,6.3,319,222.4,D,0
-14.4671,133.7742,395.1,1.5,1.2,28/8/2019,0506,Aqua,MODIS,100,6.3,325.2,376.7,D,0
-14.4606,133.7449,363.5,1.5,1.2,28/8/2019,0506,Aqua,MODIS,100,6.3,315.6,146.2,D,0
-14.4205,132.3079,400.6,1.2,1.1,28/8/2019,0506,Aqua,MODIS,100,6.3,326.7,318.9,D,0
-14.4223,132.2967,368.2,1.2,1.1,28/8/2019,0506,Aqua,MODIS,100,6.3,320.9,122.7,D,0
-14.4194,132.3137,369.5,1.2,1.1,28/8/2019,0506,Aqua,MODIS,100,6.3,319.5,129,D,0
-14.4212,132.3024,382,1.2,1.1,28/8/2019,0506,Aqua,MODIS,100,6.3,325,190,D,0
-14.4096,132.312,366.4,1.2,1.1,28/8/2019,0506,Aqua,MODIS,100,6.3,315.7,117.3,D,0
-14.4113,132.3007,454.2,1.2,1.1,28/8/2019,0506,Aqua,MODIS,100,6.3,334.3,1007.2,D,0
-14.413,132.2894,425.5,1.2,1.1,28/8/2019,0506,Aqua,MODIS,100,6.3,335.1,566.7,D,0
-14.4148,132.2782,362.5,1.2,1.1,28/8/2019,0506,Aqua,MODIS,100,6.3,319.8,98.8,D,0
-14.4032,132.2878,499.9,1.2,1.1,28/8/2019,0506,Aqua,MODIS,100,6.3,341.4,2129.7,D,0
-14.4049,132.2765,464,1.2,1.1,28/8/2019,0506,Aqua,MODIS,100,6.3,400.1,1195.6,D,0
-14.4066,132.2653,371.7,1.2,1.1,28/8/2019,0506,Aqua,MODIS,100,6.3,320.6,140.3,D,0
-14.3951,132.2749,364.7,1.2,1.1,28/8/2019,0506,Aqua,MODIS,100,6.3,312.8,109.7,D,0
-14.3968,132.2636,390.2,1.2,1.1,28/8/2019,0506,Aqua,MODIS,100,6.3,314.5,245,D,0
-14.1742,129.9415,365.3,1,1,28/8/2019,0506,Aqua,MODIS,100,6.3,320.2,83.3,D,0
-14.1319,129.7859,363.6,1,1,28/8/2019,0506,Aqua,MODIS,100,6.3,317.2,79.9,D,0
-13.8988,129.8702,401.4,1,1,28/8/2019,0506,Aqua,MODIS,100,6.3,325.1,244.5,D,0
-13.8884,129.8781,366.3,1,1,28/8/2019,0506,Aqua,MODIS,100,6.3,320.3,88.5,D,0
-13.8898,129.8688,362.5,1,1,28/8/2019,0506,Aqua,MODIS,100,6.3,324.2,75.1,D,0
-13.8911,129.8595,378.5,1,1,28/8/2019,0506,Aqua,MODIS,100,6.3,323,127.9,D,0
-13.8807,129.8674,380.8,1,1,28/8/2019,0506,Aqua,MODIS,100,6.3,322.8,143.6,D,0
-13.8821,129.8581,365.6,1,1,28/8/2019,0506,Aqua,MODIS,100,6.3,322.5,86.3,D,0
-13.8834,129.8488,436.9,1,1,28/8/2019,0506,Aqua,MODIS,100,6.3,333,543.1,D,0
-13.8848,129.8396,405.8,1,1,28/8/2019,0506,Aqua,MODIS,100,6.3,320,272.8,D,0
-13.8731,129.8568,393.1,1,1,28/8/2019,0506,Aqua,MODIS,100,6.3,319.1,202.2,D,0
-13.8744,129.8475,409.4,1,1,28/8/2019,0506,Aqua,MODIS,100,6.3,328.5,302.3,D,0
-13.8758,129.8382,439.3,1,1,28/8/2019,0506,Aqua,MODIS,100,6.3,336.1,572.6,D,0
-13.8771,129.8289,386.1,1,1,28/8/2019,0506,Aqua,MODIS,100,6.3,316.2,164.8,D,0
-13.8658,129.8501,369.2,1,1,28/8/2019,0506,Aqua,MODIS,100,6.3,310.6,99.4,D,0
-13.8671,129.8408,464.2,1,1,28/8/2019,0506,Aqua,MODIS,100,6.3,400.1,910.2,D,0
-13.8684,129.8315,425.3,1,1,28/8/2019,0506,Aqua,MODIS,100,6.3,338.7,431.7,D,0
-13.5359,130.4016,361,1,1,28/8/2019,0506,Aqua,MODIS,100,6.3,315.6,74.7,D,0
-13.5161,130.4083,374.7,1,1,28/8/2019,0506,Aqua,MODIS,100,6.3,317.1,127.3,D,0
-13.025,130.7356,364.1,1.1,1,28/8/2019,0506,Aqua,MODIS,100,6.3,320,82.7,D,0
-12.5008,133.9082,364.1,1.7,1.3,28/8/2019,0506,Aqua,MODIS,100,6.3,316.4,175.7,D,0
-12.1622,134.6532,363.8,1.9,1.4,28/8/2019,0506,Aqua,MODIS,100,6.3,312.3,222.3,D,0
-12.6554,131.2903,403.4,1.1,1.1,28/8/2019,0506,Aqua,MODIS,100,6.3,322.3,306.2,D,0
-11.5322,130.2574,389.4,1.1,1,28/8/2019,0507,Aqua,MODIS,100,6.3,314.6,0,D,3
-11.5414,130.2589,371.5,1.1,1,28/8/2019,0507,Aqua,MODIS,100,6.3,310,0,D,3
-31.389,150.0838,332.7,1,1,28/8/2019,1248,Terra,MODIS,100,6.3,281.2,36.8,N,0
-31.3799,150.082,328.4,1,1,28/8/2019,1248,Terra,MODIS,100,6.3,280.9,30.6,N,0
-30.0278,152.5845,331.2,1.1,1.1,28/8/2019,1248,Terra,MODIS,100,6.3,286.3,38.2,N,0
-16.9849,142.7104,325.2,1.5,1.2,28/8/2019,1252,Terra,MODIS,100,6.3,293.5,41.1,N,0
-16.9975,142.6979,340,1.5,1.2,28/8/2019,1252,Terra,MODIS,100,6.3,293.4,76.7,N,0
-16.9958,142.7118,343,1.5,1.2,28/8/2019,1252,Terra,MODIS,100,6.3,295.9,86,N,0
-17.0084,142.6993,326.7,1.5,1.2,28/8/2019,1252,Terra,MODIS,100,6.3,293.5,43.9,N,0
-16.9354,142.7077,344.6,1,1,28/8/2019,1557,Aqua,MODIS,100,6.3,294.6,51.3,N,0
-16.9987,142.6982,336.3,1,1,28/8/2019,1557,Aqua,MODIS,100,6.3,293.9,36.4,N,0
-16.9897,142.6995,354.6,1,1,28/8/2019,1557,Aqua,MODIS,100,6.3,296.2,72.3,N,0
-16.9806,142.7009,358.4,1,1,28/8/2019,1557,Aqua,MODIS,100,6.3,297.1,81.9,N,0
-16.9277,142.7186,363.4,1,1,28/8/2019,1557,Aqua,MODIS,100,6.3,306.7,97.1,N,0
-16.9264,142.7091,355.6,1,1,28/8/2019,1557,Aqua,MODIS,100,6.3,297.8,75.3,N,0
-16.9206,142.7263,323.3,1,1,28/8/2019,1557,Aqua,MODIS,100,6.3,294.1,20.6,N,0
-16.9193,142.7168,410.5,1,1,28/8/2019,1557,Aqua,MODIS,100,6.3,311.5,328.5,N,0
-16.9179,142.7074,343.5,1,1,28/8/2019,1557,Aqua,MODIS,100,6.3,294.4,50.8,N,0
-16.9639,142.7131,343.7,1,1,28/8/2019,1557,Aqua,MODIS,100,6.3,296.5,49.1,N,0
-16.9458,142.7159,339.1,1,1,28/8/2019,1557,Aqua,MODIS,100,6.3,297,40.9,N,0
-16.9368,142.7172,349.4,1,1,28/8/2019,1557,Aqua,MODIS,100,6.3,299.4,61.3,N,0
-12.2856,134.1456,385.6,1,1,29/8/2019,0121,Terra,MODIS,100,6.3,315.9,172.3,D,0
-12.4366,133.8663,380.1,1.1,1,29/8/2019,0121,Terra,MODIS,100,6.3,310,156.7,D,0
-12.4502,133.8938,361.4,1.1,1,29/8/2019,0121,Terra,MODIS,100,6.3,308.9,85.5,D,0
-12.4516,133.9033,360.7,1.1,1,29/8/2019,0121,Terra,MODIS,100,6.3,309.6,83.5,D,0
-12.1583,134.3984,364.3,1,1,29/8/2019,0121,Terra,MODIS,100,6.3,309.9,89.8,D,0
-13.8873,129.8469,361,1.7,1.3,29/8/2019,0122,Terra,MODIS,100,6.3,310,163.9,D,0
-16.9505,142.5193,388.8,2.9,1.6,29/8/2019,0122,Terra,MODIS,100,6.3,308.8,869,D,0
-16.9513,142.5135,386,2.9,1.6,29/8/2019,0122,Terra,MODIS,100,6.3,308.2,807.4,D,0
-16.3198,136.7637,363.2,1.1,1.1,29/8/2019,0122,Terra,MODIS,100,6.3,308.8,99.5,D,0
-16.3212,136.7743,363.1,1.1,1.1,29/8/2019,0122,Terra,MODIS,100,6.3,315.5,96.2,D,0
-16.3462,136.786,374.3,1.1,1.1,29/8/2019,0122,Terra,MODIS,100,6.3,315.9,139.3,D,0
-17.1343,142.7044,392.6,1,1,29/8/2019,0410,Aqua,MODIS,100,6.3,318.7,207.2,D,0
-17.1357,142.6947,387,1,1,29/8/2019,0410,Aqua,MODIS,100,6.3,316.7,176.2,D,0
-17.1252,142.703,362.9,1,1,29/8/2019,0410,Aqua,MODIS,100,6.3,309.6,82.3,D,0
-17.0129,142.7199,360.4,1,1,29/8/2019,0410,Aqua,MODIS,100,6.3,314.8,72.1,D,0
-16.9315,142.5026,363.6,1,1,29/8/2019,0410,Aqua,MODIS,100,6.3,310.2,88,D,0
-16.9011,142.6571,367,1,1,29/8/2019,0410,Aqua,MODIS,100,6.3,309.6,97.2,D,0
-16.0459,136.8862,368.6,2.3,1.5,29/8/2019,0410,Aqua,MODIS,100,6.3,315,308.7,D,0
-16.0434,136.8926,366.1,2.3,1.5,29/8/2019,0410,Aqua,MODIS,100,6.3,314.2,278.9,D,0
-21.7063,119.0642,380.9,1,1,29/8/2019,0547,Aqua,MODIS,100,6.3,317.8,148.3,D,0
-17.3703,142.6979,322.3,2.1,1.4,29/8/2019,1335,Terra,MODIS,100,6.3,292,58.3,N,0
-17.3705,142.7036,327.9,2.1,1.4,29/8/2019,1335,Terra,MODIS,100,6.3,292.3,75,N,0
-14.4222,132.2359,325.1,1.3,1.1,29/8/2019,1336,Terra,MODIS,100,6.3,286.6,37,N,0
-14.4237,132.2239,322.6,1.3,1.1,29/8/2019,1336,Terra,MODIS,100,6.3,287,32.8,N,0
-12.4243,133.8579,336.5,1,1,29/8/2019,1336,Terra,MODIS,100,6.3,297.3,37.7,N,0
-12.4256,133.8483,339.4,1,1,29/8/2019,1336,Terra,MODIS,100,6.3,296.9,43.3,N,0
-12.4151,133.8565,328.7,1,1,29/8/2019,1336,Terra,MODIS,100,6.3,295.1,26.8,N,0
-30.0308,152.5903,357.2,1,1,29/8/2019,1505,Aqua,MODIS,100,6.3,284.7,82.7,N,0
-30.0218,152.592,367.7,1,1,29/8/2019,1505,Aqua,MODIS,100,6.3,288.4,112.4,N,0
-14.5107,133.7517,344.2,1.1,1.1,29/8/2019,1640,Aqua,MODIS,100,6.3,287.8,61.1,N,0
-14.4152,132.2306,330.8,1,1,29/8/2019,1640,Aqua,MODIS,100,6.3,287.2,32,N,0
-16.9883,142.5047,363.9,1.8,1.3,30/8/2019,0027,Terra,MODIS,100,6.3,305.6,210.5,D,0
-16.9935,142.4977,376.7,1.8,1.3,30/8/2019,0027,Terra,MODIS,100,6.3,306.9,323.3,D,0
-16.6491,136.7024,361.5,1.4,1.2,30/8/2019,0453,Aqua,MODIS,100,6.3,319.1,111.3,D,0
-11.7459,130.2477,371.8,1.1,1,30/8/2019,0454,Aqua,MODIS,100,6.3,316.2,124.2,D,0
-11.4148,132.0701,391.6,1,1,30/8/2019,0454,Aqua,MODIS,100,6.3,324.7,191.9,D,0
-11.4061,132.0621,365.5,1,1,30/8/2019,0454,Aqua,MODIS,100,6.3,317.5,88.1,D,0
-11.3816,132.105,360.8,1,1,30/8/2019,0454,Aqua,MODIS,100,6.3,313.6,73.5,D,0
-11.3829,132.0959,363.6,1,1,30/8/2019,0454,Aqua,MODIS,100,6.3,310.1,80.6,D,0
-11.3842,132.0867,367.2,1,1,30/8/2019,0454,Aqua,MODIS,100,6.3,312.8,91.9,D,0
-11.435,130.3622,360.2,1.1,1,30/8/2019,0454,Aqua,MODIS,100,6.3,311.6,79.6,D,0
-14.4087,132.2224,368.4,1,1,30/8/2019,0454,Aqua,MODIS,100,6.3,319.3,91.7,D,0
-14.41,132.2132,371.3,1,1,30/8/2019,0454,Aqua,MODIS,100,6.3,319.9,102.3,D,0
-13.8914,129.8488,362.2,1.2,1.1,30/8/2019,0454,Aqua,MODIS,100,6.3,320.5,89.5,D,0
-13.8928,129.8381,393.2,1.2,1.1,30/8/2019,0454,Aqua,MODIS,100,6.3,323.1,244.9,D,0
-13.8678,129.8782,365.1,1.2,1.1,30/8/2019,0454,Aqua,MODIS,100,6.3,309.1,109,D,0
-12.4133,133.8568,367.8,1.1,1,30/8/2019,0454,Aqua,MODIS,100,6.3,311.5,107.4,D,0
-12.2396,134.9416,364.1,1.2,1.1,30/8/2019,0454,Aqua,MODIS,100,6.3,317.4,108,D,0
-17.2186,142.6969,358,1.1,1.1,30/8/2019,1545,Aqua,MODIS,100,6.3,295.1,98.2,N,0
-17.2203,142.7074,330.6,1.1,1.1,30/8/2019,1545,Aqua,MODIS,100,6.3,293.5,36.3,N,0
-17.2281,142.6953,350.3,1.1,1.1,30/8/2019,1545,Aqua,MODIS,100,6.3,292,76.4,N,0
-17.2298,142.7058,342.7,1.1,1.1,30/8/2019,1545,Aqua,MODIS,100,6.3,293.4,58.6,N,0
-16.809,142.5065,321,1.2,1.1,30/8/2019,1545,Aqua,MODIS,100,6.3,291.5,24.2,N,0
-16.8186,142.5048,324,1.2,1.1,30/8/2019,1545,Aqua,MODIS,100,6.3,291.1,28.2,N,0
-12.8112,142.0988,373.7,1.4,1.2,31/8/2019,0109,Terra,MODIS,100,6.3,306.4,191.7,D,0
-12.8217,142.0974,370.7,1.4,1.2,31/8/2019,0109,Terra,MODIS,100,6.3,304.9,176.8,D,0
-12.4991,132.9636,365.5,1.8,1.3,31/8/2019,0109,Terra,MODIS,100,6.3,308.2,214.3,D,0
-13.3298,131.0277,368.6,2.4,1.5,31/8/2019,0109,Terra,MODIS,100,6.3,309.8,368.9,D,0
-16.1578,136.5367,360.3,1,1,31/8/2019,0110,Terra,MODIS,100,6.3,313.2,73.3,D,0
-17.0041,142.4332,388.9,1.7,1.3,31/8/2019,0110,Terra,MODIS,100,6.3,308.9,380.9,D,0
-17.0014,142.4269,363.5,1.7,1.3,31/8/2019,0110,Terra,MODIS,100,6.3,309,176,D,0
-17.0033,142.4426,371,1.7,1.3,31/8/2019,0110,Terra,MODIS,100,6.3,307.2,227.1,D,0
-26.6048,150.9134,369.3,1.1,1,31/8/2019,0354,Aqua,MODIS,100,6.3,306.7,117.4,D,0
-16.1349,144.2821,381.2,1.2,1.1,31/8/2019,0358,Aqua,MODIS,100,6.3,312.4,178.4,D,0
-26.174,125.4549,370.5,1,1,31/8/2019,0534,Aqua,MODIS,100,6.3,316.3,104,D,0
-26.1496,125.4924,372.9,1,1,31/8/2019,0534,Aqua,MODIS,100,6.3,313.9,113.5,D,0
-17.3587,123.7345,363.9,1.1,1,31/8/2019,0536,Aqua,MODIS,100,6.3,318.5,83.5,D,0
-13.2651,130.9967,366.4,3.7,1.8,31/8/2019,0537,Aqua,MODIS,100,6.3,308.5,602.8,D,0
-16.3639,136.4562,323.4,1.2,1.1,31/8/2019,1323,Terra,MODIS,100,6.3,292.9,26.6,N,0
-12.4729,141.84,322,1.3,1.1,31/8/2019,1324,Terra,MODIS,100,6.3,292.2,29.8,N,0
-26.7916,147.4326,382.2,1.1,1,1/9/2019,0017,Terra,MODIS,100,6.3,308.8,164.7,D,0
-26.7932,147.4431,371.4,1,1,1/9/2019,0017,Terra,MODIS,100,6.3,307.7,119.3,D,0
-26.8007,147.4308,370,1.1,1,1/9/2019,0017,Terra,MODIS,100,6.3,306,115.6,D,0
-13.0577,130.8375,363.1,1.3,1.1,1/9/2019,0152,Terra,MODIS,100,6.3,309,121.3,D,0
-13.258,131.0479,360.1,1.4,1.2,1/9/2019,0152,Terra,MODIS,100,6.3,313.2,110.4,D,0
-13.331,130.9619,371.5,1.3,1.2,1/9/2019,0152,Terra,MODIS,100,6.3,309.4,166.9,D,0
-13.3327,130.9743,381.3,1.4,1.2,1/9/2019,0152,Terra,MODIS,100,6.3,313.6,222.5,D,0
-13.3344,130.9867,370.4,1.4,1.2,1/9/2019,0152,Terra,MODIS,100,6.3,315.7,153.6,D,0
-13.3288,130.9688,375.8,1.4,1.2,1/9/2019,0152,Terra,MODIS,100,6.3,315.6,192.2,D,0
-13.3407,130.9799,362.5,1.4,1.2,1/9/2019,0152,Terra,MODIS,100,6.3,311.4,123.4,D,0
-13.3424,130.9924,377.6,1.4,1.2,1/9/2019,0152,Terra,MODIS,100,6.3,315.5,201,D,0
-16.9946,128.1303,374.8,1.1,1,1/9/2019,0153,Terra,MODIS,100,6.3,311.1,133.1,D,0
-13.8016,136.6202,366.8,1,1,1/9/2019,0441,Aqua,MODIS,100,6.3,312.9,97,D,0
-13.2363,131.0367,396.1,1.5,1.2,1/9/2019,0442,Aqua,MODIS,100,6.3,322.5,374.6,D,0
-13.2382,131.0423,375.6,1.5,1.2,1/9/2019,0442,Aqua,MODIS,100,6.3,321,203.9,D,0
-13.2272,131.0215,393.1,1.5,1.2,1/9/2019,0442,Aqua,MODIS,100,6.3,315.2,350.2,D,0
-13.229,131.0078,396.3,1.5,1.2,1/9/2019,0442,Aqua,MODIS,100,6.3,319.4,385.9,D,0
-12.798,132.0347,362.4,1.3,1.1,1/9/2019,0442,Aqua,MODIS,100,6.3,318.3,107.5,D,0
-12.4371,134.4084,368.7,1,1,1/9/2019,0442,Aqua,MODIS,100,6.3,319.4,91.3,D,0
-12.5128,133.8632,374.8,1,1,1/9/2019,0442,Aqua,MODIS,100,6.3,317.6,124.3,D,0
-12.5036,133.8619,370.5,1,1,1/9/2019,0442,Aqua,MODIS,100,6.3,316.7,106,D,0
-12.4909,133.8351,375.6,1,1,1/9/2019,0442,Aqua,MODIS,100,6.3,316,128.5,D,0
-12.2856,134.5719,368.7,1,1,1/9/2019,0442,Aqua,MODIS,100,6.3,318.1,96.8,D,0
-12.2689,134.56,378.2,1,1,1/9/2019,0442,Aqua,MODIS,100,6.3,317.9,131.6,D,0
-12.2702,134.5508,397.5,1,1,1/9/2019,0442,Aqua,MODIS,100,6.3,318,226.7,D,0
-11.7935,132.7589,373.5,1.1,1.1,1/9/2019,0442,Aqua,MODIS,100,6.3,317.1,131.2,D,0
-11.7949,132.7486,379.9,1.1,1.1,1/9/2019,0442,Aqua,MODIS,100,6.3,315.6,161.3,D,0
-11.7882,132.7265,366.6,1.1,1.1,1/9/2019,0442,Aqua,MODIS,100,6.3,316,105.5,D,0
-11.7718,132.703,401.1,1.1,1.1,1/9/2019,0442,Aqua,MODIS,100,6.3,316,297.7,D,0
-12.7969,132.0546,351.8,1.5,1.2,1/9/2019,1407,Terra,MODIS,100,6.3,296.5,122.7,N,0
-12.8078,132.0565,375.1,1.5,1.2,1/9/2019,1407,Terra,MODIS,100,6.3,299,252.6,N,0
-12.8188,132.0583,333.4,1.5,1.2,1/9/2019,1407,Terra,MODIS,100,6.3,294.4,61.5,N,0
-13.3805,130.76,340.1,1.3,1.1,1/9/2019,1407,Terra,MODIS,100,6.3,293.9,61.1,N,0
-12.7772,132.0367,321.4,1.5,1.2,1/9/2019,1407,Terra,MODIS,100,6.3,292.2,35,N,0
-12.3009,142.0494,387.3,1,1,2/9/2019,0056,Terra,MODIS,100,6.3,310.2,175.2,D,0
-12.3023,142.0586,366.6,1,1,2/9/2019,0056,Terra,MODIS,100,6.3,307.6,93.6,D,0
-12.659,142.6157,363.3,1,1,2/9/2019,0057,Terra,MODIS,100,6.3,307.4,88.1,D,0
-12.8278,142.9713,373.8,1.1,1,2/9/2019,0057,Terra,MODIS,100,6.3,305.3,132.5,D,0
-12.8292,142.9811,460.2,1.1,1,2/9/2019,0057,Terra,MODIS,100,6.3,332.1,928.9,D,0
-12.8305,142.9909,389.7,1.1,1,2/9/2019,0057,Terra,MODIS,100,6.3,315.7,205.3,D,0
-12.8384,142.9798,370.3,1.1,1,2/9/2019,0057,Terra,MODIS,100,6.3,306.1,117.8,D,0
-12.8398,142.9896,362.5,1.1,1,2/9/2019,0057,Terra,MODIS,100,6.3,306.7,90.3,D,0
-16.3757,136.4217,370.8,1.5,1.2,2/9/2019,0058,Terra,MODIS,100,6.3,313.1,181.1,D,0
-34.5713,141.4369,361.2,4.7,2,2/9/2019,0340,Aqua,MODIS,100,6.3,301,802.6,D,0
-22.6756,150.5834,364.3,1,1,2/9/2019,0343,Aqua,MODIS,100,6.3,310.4,89.9,D,0
-22.6824,150.5902,383.7,1,1,2/9/2019,0343,Aqua,MODIS,100,6.3,310.8,159.1,D,0
-27.0534,126.4639,363.2,1,1,2/9/2019,0521,Aqua,MODIS,100,6.3,313.8,81,D,0
-27.0485,126.4311,400.1,1,1,2/9/2019,0521,Aqua,MODIS,100,6.3,323.4,247.5,D,0
-27.0471,126.4415,378.1,1,1,2/9/2019,0521,Aqua,MODIS,100,6.3,318.2,133.8,D,0
-16.4095,136.3926,378.3,4.7,2,2/9/2019,0523,Aqua,MODIS,100,6.3,308.9,1269.2,D,0
-16.4105,136.3849,378.4,4.7,2,2/9/2019,0523,Aqua,MODIS,100,6.3,308.5,1271.9,D,0
-14.4304,126.6657,360.3,1.1,1,2/9/2019,0524,Aqua,MODIS,100,6.3,318.4,76.7,D,0
-32.2181,146.9974,335.6,1,1,2/9/2019,1306,Terra,MODIS,100,6.3,280.3,41.3,N,0
-28.0253,148.1491,320.9,1.2,1.1,2/9/2019,1307,Terra,MODIS,100,6.3,282.3,29.8,N,0
-16.4471,136.3751,323.2,1.9,1.4,2/9/2019,1310,Terra,MODIS,100,6.3,293.5,52.1,N,0
-16.0228,144.3803,323.6,1.1,1.1,2/9/2019,1310,Terra,MODIS,100,6.3,293.9,25.1,N,0
-14.5359,143.8623,323.5,1.1,1,2/9/2019,1311,Terra,MODIS,100,6.3,289.6,25.9,N,0
-12.7387,143.377,320.2,1.1,1,2/9/2019,1311,Terra,MODIS,100,6.3,294.3,19.7,N,0
-28.0692,153.1195,366.3,1,1,3/9/2019,0005,Terra,MODIS,100,6.3,299.9,105.1,D,0
-12.4459,130.962,369.5,1,1,3/9/2019,0140,Terra,MODIS,100,6.3,312.1,102.3,D,2
-12.4472,130.9712,390.2,1,1,3/9/2019,0140,Terra,MODIS,100,6.3,317,186.4,D,2
-12.8112,131.5795,364.9,1,1,3/9/2019,0140,Terra,MODIS,100,6.3,314.4,85.7,D,0
-13.1198,130.7249,370.2,1,1,3/9/2019,0140,Terra,MODIS,100,6.3,312.8,101,D,0
-13.1425,130.7524,380.2,1,1,3/9/2019,0140,Terra,MODIS,100,6.3,317.7,139.2,D,0
-13.1515,130.7511,441.1,1,1,3/9/2019,0140,Terra,MODIS,100,6.3,322.8,588.8,D,0
-13.1528,130.7603,369.5,1,1,3/9/2019,0140,Terra,MODIS,100,6.3,312.6,100.2,D,0
-13.3944,130.9656,411.7,1,1,3/9/2019,0140,Terra,MODIS,100,6.3,314.7,317.5,D,0
-13.3957,130.9748,414.8,1,1,3/9/2019,0140,Terra,MODIS,100,6.3,318,340.3,D,0
-12.7565,132.027,368.1,1.1,1,3/9/2019,0140,Terra,MODIS,100,6.3,314.9,99.3,D,0
-30.1409,152.2221,370.3,3.1,1.7,3/9/2019,0424,Aqua,MODIS,100,6.3,306.9,592.9,D,0
-30.1384,152.2302,370.8,3.1,1.7,3/9/2019,0424,Aqua,MODIS,100,6.3,305.9,598.2,D,0
-16.437,136.3631,360.5,1.2,1.1,3/9/2019,0428,Aqua,MODIS,100,6.3,313.4,87.2,D,0
-16.458,136.3547,380.7,1.2,1.1,3/9/2019,0428,Aqua,MODIS,100,6.3,313.8,182.9,D,0
-12.7595,132.0203,375.7,2.1,1.4,3/9/2019,0429,Aqua,MODIS,100,6.3,319.6,340.8,D,0
-12.7617,132.001,389.8,2.1,1.4,3/9/2019,0429,Aqua,MODIS,100,6.3,319.9,524,D,0
-12.764,131.9815,362.4,2.1,1.4,3/9/2019,0429,Aqua,MODIS,100,6.3,315.1,221.9,D,0
-12.7513,131.98,364.9,2.1,1.4,3/9/2019,0429,Aqua,MODIS,100,6.3,313.6,246.4,D,0
-12.759,132.0134,395.5,2.1,1.4,3/9/2019,0429,Aqua,MODIS,100,6.3,321.9,611.4,D,0
-12.7614,131.994,372.1,2.1,1.4,3/9/2019,0429,Aqua,MODIS,100,6.3,317.2,305.9,D,0
-12.7511,131.9731,366.6,2.1,1.4,3/9/2019,0429,Aqua,MODIS,100,6.3,313.5,264.5,D,0
-11.11,142.5083,372,1.6,1.2,3/9/2019,0430,Aqua,MODIS,100,6.3,300,222.2,D,0
-12.1783,134.4296,361.6,1.4,1.2,3/9/2019,0430,Aqua,MODIS,100,6.3,310.7,117.5,D,0
-12.1716,134.436,373.7,1.4,1.2,3/9/2019,0430,Aqua,MODIS,100,6.3,311.6,184.4,D,0
-12.1177,134.4415,361.7,1.4,1.2,3/9/2019,0430,Aqua,MODIS,100,6.3,310,123.1,D,0
-21.7093,119.1598,368.5,1.3,1.1,3/9/2019,0606,Aqua,MODIS,100,6.3,319.2,137.4,D,0
-21.7194,119.1618,367.6,1.3,1.1,3/9/2019,0606,Aqua,MODIS,100,6.3,320.3,133.7,D,0
-21.7157,119.1666,362.8,1.3,1.1,3/9/2019,0606,Aqua,MODIS,100,6.3,318.5,113.6,D,0
-21.7178,119.1541,391,1.3,1.1,3/9/2019,0606,Aqua,MODIS,100,6.3,326.1,275.7,D,0
-17.1946,125.3586,332.1,2.1,1.4,3/9/2019,1354,Terra,MODIS,100,6.3,297.3,86,N,0
-14.1201,131.4128,321.7,1,1,3/9/2019,1354,Terra,MODIS,100,6.3,294.4,18.9,N,0
-13.3546,131.1077,332,1,1,3/9/2019,1354,Terra,MODIS,100,6.3,293.6,30.6,N,0
-14.5036,126.6891,345.7,1,1,3/9/2019,1658,Aqua,MODIS,100,6.3,293,53.8,N,0
-12.8447,141.9895,370.3,1.2,1.1,4/9/2019,0044,Terra,MODIS,100,6.3,307.3,132.7,D,0
-14.5194,126.6947,363,2.5,1.5,4/9/2019,0223,Terra,MODIS,100,6.3,306.8,320.5,D,0
-30.1621,152.2369,381,1.3,1.1,4/9/2019,0329,Aqua,MODIS,100,6.3,309.3,217.8,D,0
-30.1696,152.2312,363.8,1.3,1.2,4/9/2019,0329,Aqua,MODIS,100,6.3,305.1,134.5,D,0
-30.1681,152.2451,415,1.3,1.1,4/9/2019,0329,Aqua,MODIS,100,6.3,309.3,534.4,D,0
-17.9655,145.541,364.5,2.7,1.6,4/9/2019,0332,Aqua,MODIS,100,6.3,300.2,398.6,D,0
-24.3882,128.7683,394.1,1,1,4/9/2019,0509,Aqua,MODIS,100,6.3,334.7,209.3,D,0
-24.3948,128.7758,428.5,1,1,4/9/2019,0509,Aqua,MODIS,100,6.3,335.4,476.2,D,0
-24.3935,128.7861,418.9,1,1,4/9/2019,0509,Aqua,MODIS,100,6.3,330.3,386.5,D,0
-24.3868,128.7786,428.9,1,1,4/9/2019,0509,Aqua,MODIS,100,6.3,400.1,480.7,D,0
-12.7611,132.2524,360.6,1.6,1.3,4/9/2019,0512,Aqua,MODIS,100,6.3,317.9,136.9,D,0
-13.1957,130.7555,392.6,1.3,1.1,4/9/2019,0512,Aqua,MODIS,100,6.3,312.9,279.9,D,0
-13.1939,130.7671,394.8,1.3,1.1,4/9/2019,0512,Aqua,MODIS,100,6.3,317.7,295.7,D,0
-13.3024,130.7333,389.6,1.3,1.1,4/9/2019,0512,Aqua,MODIS,100,6.3,314,250,D,0
-14.4867,129.5444,375.4,1.1,1,4/9/2019,0512,Aqua,MODIS,100,6.3,307.3,134.9,D,0
-30.1709,152.2489,350.9,1.3,1.1,4/9/2019,1254,Terra,MODIS,100,6.3,292.9,89.7,N,0
-32.2263,147.0023,342,1.1,1,4/9/2019,1254,Terra,MODIS,100,6.3,286.5,57.4,N,0
-25.8708,150.8389,326.4,1.2,1.1,4/9/2019,1255,Terra,MODIS,100,6.3,290.5,35.5,N,0
-26.2939,148.6174,327.8,1,1,4/9/2019,1255,Terra,MODIS,100,6.3,284.9,30.1,N,0
-16.0579,144.4069,334.1,1,1,4/9/2019,1258,Terra,MODIS,100,6.3,293,34.9,N,0
-16.0449,144.434,325.5,1,1,4/9/2019,1258,Terra,MODIS,100,6.3,290.7,24.2,N,0
-17.9669,145.5386,333.8,1,1,4/9/2019,1258,Terra,MODIS,100,6.3,289.3,36.1,N,0
-16.0411,144.3946,328.3,1,1,4/9/2019,1258,Terra,MODIS,100,6.3,292.6,26.6,N,0
-14.5341,126.7391,348.5,2.2,1.4,4/9/2019,1437,Terra,MODIS,100,6.3,294.4,177.5,N,0
-14.5248,126.7168,323.1,2.2,1.4,4/9/2019,1437,Terra,MODIS,100,6.3,293.8,59.8,N,0
-14.5119,126.7151,362.3,2.2,1.4,4/9/2019,1437,Terra,MODIS,100,6.3,294.8,281.1,N,0
-14.4991,126.7128,325.6,2.2,1.4,4/9/2019,1437,Terra,MODIS,100,6.3,292,68,N,0
-14.5225,126.7306,322.2,2.2,1.4,4/9/2019,1437,Terra,MODIS,100,6.3,293.4,58.3,N,0
-14.5096,126.7287,334.7,2.2,1.4,4/9/2019,1437,Terra,MODIS,100,6.3,292.4,105.4,N,0
-14.513,126.7088,348.7,2.2,1.4,4/9/2019,1437,Terra,MODIS,100,6.3,294.3,180.4,N,0
-14.5002,126.7065,334.1,2.2,1.4,4/9/2019,1437,Terra,MODIS,100,6.3,292.5,105.7,N,0
-12.4867,134.0475,363.6,1,1,5/9/2019,0127,Terra,MODIS,100,6.3,308.7,86.2,D,0
-12.4881,134.0567,366.3,1,1,5/9/2019,0127,Terra,MODIS,100,6.3,310.2,92.5,D,0
-14.0717,130.851,376.3,1.2,1.1,5/9/2019,0128,Terra,MODIS,100,6.3,309.4,158.2,D,0
-13.195,130.8235,362.9,1.2,1.1,5/9/2019,0128,Terra,MODIS,100,6.3,306,105.2,D,0
-13.1967,130.8345,372.5,1.2,1.1,5/9/2019,0128,Terra,MODIS,100,6.3,307.2,144.8,D,0
-32.1292,146.833,364,1,1,5/9/2019,0412,Aqua,MODIS,100,6.3,314.9,85.5,D,0
-32.1276,146.8437,377.7,1,1,5/9/2019,0412,Aqua,MODIS,100,6.3,314.5,133,D,0
-32.1366,146.8456,372.8,1,1,5/9/2019,0412,Aqua,MODIS,100,6.3,314.1,114.7,D,0
-31.8409,146.4842,361.6,1,1,5/9/2019,0412,Aqua,MODIS,100,6.3,312.9,78.6,D,0
-25.9037,150.8349,371.6,1.9,1.4,5/9/2019,0413,Aqua,MODIS,100,6.3,316.6,292.7,D,0
-25.883,150.8107,366.4,1.9,1.4,5/9/2019,0413,Aqua,MODIS,100,6.3,315.6,232.3,D,0
-25.9159,150.8376,389.1,1.9,1.4,5/9/2019,0413,Aqua,MODIS,100,6.3,313.7,488.2,D,0
-22.5678,150.1724,374,2.1,1.4,5/9/2019,0414,Aqua,MODIS,100,6.3,313.5,333,D,0
-22.5666,150.1649,361.4,2.1,1.4,5/9/2019,0414,Aqua,MODIS,100,6.3,314.8,220.4,D,0
-18.1151,144.8161,454.5,1.1,1.1,5/9/2019,0415,Aqua,MODIS,100,6.3,330.3,904.1,D,0
-18.1134,144.8267,409.7,1.1,1.1,5/9/2019,0415,Aqua,MODIS,100,6.3,321.1,362.2,D,0
-18.1079,144.83,371.3,1.1,1.1,5/9/2019,0415,Aqua,MODIS,100,6.3,321.1,126.4,D,0
-18.1095,144.8194,410.4,1.1,1.1,5/9/2019,0415,Aqua,MODIS,100,6.3,328.7,365,D,0
-18.1111,144.8088,390.4,1.1,1.1,5/9/2019,0415,Aqua,MODIS,100,6.3,318.8,223.5,D,0
-18.0984,144.8284,391.3,1.1,1.1,5/9/2019,0415,Aqua,MODIS,100,6.3,318.7,228.1,D,0
-18.1,144.8178,411.1,1.1,1.1,5/9/2019,0415,Aqua,MODIS,100,6.3,326,371,D,0
-18.1016,144.8072,399.6,1.1,1.1,5/9/2019,0415,Aqua,MODIS,100,6.3,322.4,283.1,D,0
-17.2059,145.0531,361.6,1.2,1.1,5/9/2019,0416,Aqua,MODIS,100,6.3,311.6,100.1,D,0
-17.1944,145.0627,362.5,1.2,1.1,5/9/2019,0416,Aqua,MODIS,100,6.3,314,100.4,D,0
-11.123,142.4858,360,1.1,1,5/9/2019,0417,Aqua,MODIS,100,6.3,307.3,79.5,D,0
-11.0809,142.4629,372.9,1.1,1,5/9/2019,0417,Aqua,MODIS,100,6.3,309.1,123.1,D,0
-11.0921,142.3862,370.6,1.1,1,5/9/2019,0417,Aqua,MODIS,100,6.3,303.2,117.1,D,0
-11.0731,142.4518,362.9,1.1,1,5/9/2019,0417,Aqua,MODIS,100,6.3,304.1,90.8,D,0
-12.6946,142.3094,420.5,1,1,5/9/2019,0417,Aqua,MODIS,100,6.3,323.6,400,D,0
-12.6959,142.3001,405.3,1,1,5/9/2019,0417,Aqua,MODIS,100,6.3,313.8,284.5,D,0
-12.6865,142.3119,377.8,1,1,5/9/2019,0417,Aqua,MODIS,100,6.3,316.5,135.5,D,0
-12.6878,142.3026,400.4,1,1,5/9/2019,0417,Aqua,MODIS,100,6.3,322.6,251.5,D,0
-12.5486,142.3033,404,1,1,5/9/2019,0417,Aqua,MODIS,100,6.3,317,272.7,D,0
-12.55,142.2939,420.3,1,1,5/9/2019,0417,Aqua,MODIS,100,6.3,319,397.7,D,0
-14.5674,126.7419,367.1,3.8,1.8,5/9/2019,0555,Aqua,MODIS,100,6.3,302.4,647.1,D,0
-14.5059,126.8018,360.7,3.8,1.8,5/9/2019,0555,Aqua,MODIS,100,6.3,297.2,524,D,0
-14.5798,126.7108,365.8,3.7,1.8,5/9/2019,0555,Aqua,MODIS,100,6.3,301.9,618.7,D,0
-14.5728,126.7475,394.5,3.8,1.8,5/9/2019,0555,Aqua,MODIS,100,6.3,301.8,1431.4,D,0
-25.9216,150.8452,328.7,3.9,1.8,5/9/2019,1200,Terra,MODIS,100,6.3,292.4,203.4,N,0
-25.9093,150.8495,330.2,3.9,1.8,5/9/2019,1200,Terra,MODIS,100,6.3,293.9,215.6,N,0
-17.2098,142.6141,349.1,2.7,1.6,5/9/2019,1341,Terra,MODIS,100,6.3,293.1,256.6,N,0
-13.0192,130.9099,336.1,1.2,1.1,5/9/2019,1342,Terra,MODIS,100,6.3,295.8,48,N,0
-13.0207,130.8987,326,1.2,1.1,5/9/2019,1342,Terra,MODIS,100,6.3,295.6,29.7,N,0
-13.0108,130.8973,328.1,1.2,1.1,5/9/2019,1342,Terra,MODIS,100,6.3,296.2,33.4,N,0
-13.0122,130.8861,329.8,1.2,1.1,5/9/2019,1342,Terra,MODIS,100,6.3,296.4,36,N,0
-13.0105,130.8909,329.5,1.2,1.1,5/9/2019,1342,Terra,MODIS,100,6.3,296.6,36.1,N,0
-13.012,130.8797,321.7,1.2,1.1,5/9/2019,1342,Terra,MODIS,100,6.3,295.5,24.4,N,0
-14.1249,131.3966,325.3,1.2,1.1,5/9/2019,1342,Terra,MODIS,100,6.3,294.7,29.2,N,0
-11.6443,130.7454,328.9,1.2,1.1,5/9/2019,1343,Terra,MODIS,100,6.3,293.5,35.6,N,0
-11.6346,130.7439,325.6,1.2,1.1,5/9/2019,1343,Terra,MODIS,100,6.3,292.8,30.9,N,0
-25.9173,150.8482,339.6,1,1,5/9/2019,1510,Aqua,MODIS,100,6.3,297.1,40.8,N,0
-25.9189,150.8586,354.3,1,1,5/9/2019,1510,Aqua,MODIS,100,6.3,302,71.9,N,0
-25.9098,150.8602,342.5,1,1,5/9/2019,1510,Aqua,MODIS,100,6.3,298,46.8,N,0
-25.9281,150.8568,382.2,1,1,5/9/2019,1510,Aqua,MODIS,100,6.3,305.7,168.2,N,0
-28.0391,153.1645,323.8,1,1,5/9/2019,1511,Aqua,MODIS,100,6.3,291.9,24.3,N,0
-28.11,153.1305,325.6,1,1,5/9/2019,1511,Aqua,MODIS,100,6.3,291.1,27.2,N,0
-14.5169,126.7749,369.4,1.3,1.1,5/9/2019,1646,Aqua,MODIS,100,6.3,294.7,166,N,0
-14.499,126.7288,357.3,1.3,1.1,5/9/2019,1646,Aqua,MODIS,100,6.3,290,116.5,N,0
-14.501,126.7408,410,1.3,1.1,5/9/2019,1646,Aqua,MODIS,100,6.3,300.2,466.8,N,0
-14.5029,126.7528,387,1.3,1.1,5/9/2019,1646,Aqua,MODIS,100,6.3,296,268.4,N,0
-14.5048,126.7647,369.4,1.3,1.1,5/9/2019,1646,Aqua,MODIS,100,6.3,293.3,166.6,N,0
-14.513,126.7511,356.3,1.3,1.1,5/9/2019,1646,Aqua,MODIS,100,6.3,292.3,110.7,N,0
-14.515,126.7631,405.8,1.3,1.1,5/9/2019,1646,Aqua,MODIS,100,6.3,302.2,422.4,N,0
-14.5251,126.7613,338.3,1.3,1.1,5/9/2019,1646,Aqua,MODIS,100,6.3,290.4,58.9,N,0
-14.527,126.7732,332.8,1.3,1.1,5/9/2019,1646,Aqua,MODIS,100,6.3,290.4,46.8,N,0
-17.2105,145.0949,361.3,1.1,1,6/9/2019,0033,Terra,MODIS,100,6.3,309.8,83.9,D,0
-17.1525,142.9509,364.8,1.3,1.1,6/9/2019,0033,Terra,MODIS,100,6.3,306.7,138.3,D,0
-17.8221,145.4747,362.1,1,1,6/9/2019,0033,Terra,MODIS,100,6.3,305.2,87.6,D,0
-25.9112,150.8141,418.7,1.9,1.4,6/9/2019,0035,Terra,MODIS,100,6.3,325.3,966.1,D,0
-25.9132,150.833,360.8,1.9,1.4,6/9/2019,0035,Terra,MODIS,100,6.3,311,188,D,0
-25.9174,150.8717,368.3,1.9,1.4,6/9/2019,0035,Terra,MODIS,100,6.3,310.4,256.4,D,0
-25.9021,150.8096,361.9,1.9,1.4,6/9/2019,0035,Terra,MODIS,100,6.3,312.2,205.5,D,0
-25.9144,150.8081,413.1,1.9,1.4,6/9/2019,0035,Terra,MODIS,100,6.3,321,858,D,0
-25.9163,150.827,405.3,1.9,1.4,6/9/2019,0035,Terra,MODIS,100,6.3,315.9,714.4,D,0
-25.9201,150.8654,368.8,1.9,1.4,6/9/2019,0035,Terra,MODIS,100,6.3,311.1,266.6,D,0
-14.5573,126.8591,360.6,1.5,1.2,6/9/2019,0211,Terra,MODIS,100,6.3,308.5,132.3,D,0
-14.5747,126.564,361.1,1.5,1.2,6/9/2019,0211,Terra,MODIS,100,6.3,306.8,130.7,D,0
-14.5764,126.5773,368.2,1.5,1.2,6/9/2019,0211,Terra,MODIS,100,6.3,309,168,D,0
-14.6103,126.5863,387.9,1.5,1.2,6/9/2019,0211,Terra,MODIS,100,6.3,308.6,303.3,D,0
-14.612,126.5993,365.6,1.5,1.2,6/9/2019,0211,Terra,MODIS,100,6.3,301.2,153.3,D,0
-14.6046,126.5947,377.4,1.5,1.2,6/9/2019,0211,Terra,MODIS,100,6.3,310.5,224.4,D,0
-14.6154,126.5931,378.2,1.5,1.2,6/9/2019,0211,Terra,MODIS,100,6.3,302.6,231.5,D,0
-28.9986,152.3075,392.4,2,1.4,6/9/2019,0317,Aqua,MODIS,100,6.3,313.4,575,D,0
-28.9881,152.2911,372.9,2,1.4,6/9/2019,0317,Aqua,MODIS,100,6.3,309.3,338.2,D,0
-29.0006,152.2935,363,2,1.4,6/9/2019,0317,Aqua,MODIS,100,6.3,307.9,250.6,D,0
-28.9989,152.3119,391,2,1.4,6/9/2019,0317,Aqua,MODIS,100,6.3,311.8,555,D,0
-30.1606,152.1751,381.5,2.1,1.4,6/9/2019,0317,Aqua,MODIS,100,6.3,314.8,454.4,D,0
-30.1584,152.1992,407.9,2.1,1.4,6/9/2019,0317,Aqua,MODIS,100,6.3,312.9,884.2,D,0
-30.1734,152.1776,385.4,2.1,1.4,6/9/2019,0317,Aqua,MODIS,100,6.3,309.8,509.4,D,0
-30.1712,152.201,387.8,2.1,1.4,6/9/2019,0317,Aqua,MODIS,100,6.3,307.1,539.6,D,0
-30.1723,152.1848,397.9,2.1,1.4,6/9/2019,0317,Aqua,MODIS,100,6.3,313,707.2,D,0
-30.1703,152.2081,370.8,2.1,1.4,6/9/2019,0317,Aqua,MODIS,100,6.3,305.7,334.4,D,0
-30.1831,152.2104,362.4,2.1,1.4,6/9/2019,0317,Aqua,MODIS,100,6.3,299.6,262.1,D,0
-25.9287,150.8894,380.8,2.3,1.5,6/9/2019,0318,Aqua,MODIS,100,6.3,311.8,491.2,D,0
-25.9354,150.8184,360.6,2.3,1.5,6/9/2019,0318,Aqua,MODIS,100,6.3,312.5,248.9,D,0
-25.9153,150.8878,361.4,2.3,1.5,6/9/2019,0318,Aqua,MODIS,100,6.3,313.3,260.6,D,0
-25.9175,150.8649,377.1,2.3,1.5,6/9/2019,0318,Aqua,MODIS,100,6.3,317.3,431.6,D,0
-25.9219,150.8172,360.8,2.3,1.5,6/9/2019,0318,Aqua,MODIS,100,6.3,315.5,250.7,D,0
-25.7358,149.3617,365.8,3,1.6,6/9/2019,0318,Aqua,MODIS,100,6.3,314.2,441.5,D,0
-26.3298,150.6997,368.8,2.4,1.5,6/9/2019,0318,Aqua,MODIS,100,6.3,310.3,372.7,D,0
-26.3361,150.6933,365.9,2.4,1.5,6/9/2019,0318,Aqua,MODIS,100,6.3,311.3,339.2,D,0
-25.9511,150.8997,408.9,2.3,1.5,6/9/2019,0318,Aqua,MODIS,100,6.3,312.2,1028.5,D,0
-25.9532,150.876,419.2,2.3,1.5,6/9/2019,0318,Aqua,MODIS,100,6.3,319.8,1300.5,D,0
-25.9554,150.8928,422.2,2.3,1.5,6/9/2019,0318,Aqua,MODIS,100,6.3,314.2,1386.3,D,0
-25.9577,150.869,367.3,2.3,1.5,6/9/2019,0318,Aqua,MODIS,100,6.3,309.1,338.9,D,0
-25.9421,150.8913,383.2,2.3,1.5,6/9/2019,0318,Aqua,MODIS,100,6.3,308.8,536.3,D,0
-25.9443,150.8676,390.1,2.3,1.5,6/9/2019,0318,Aqua,MODIS,100,6.3,315.5,648.6,D,0
-25.9466,150.8439,361.3,2.3,1.5,6/9/2019,0318,Aqua,MODIS,100,6.3,310.2,267.8,D,0
-17.1287,142.786,360.4,4.7,2,6/9/2019,0458,Aqua,MODIS,100,6.3,307.7,723.3,D,0
-14.0311,130.8224,391.2,1,1,6/9/2019,0500,Aqua,MODIS,100,6.3,318,186,D,0
-14.0298,130.8316,386,1,1,6/9/2019,0500,Aqua,MODIS,100,6.3,317,159.6,D,0
-14.0414,130.8146,362.6,1,1,6/9/2019,0500,Aqua,MODIS,100,6.3,313,75.9,D,0
-14.0401,130.8238,385.4,1,1,6/9/2019,0500,Aqua,MODIS,100,6.3,320.3,157.6,D,0
-14.4413,126.7323,360.1,1.5,1.2,6/9/2019,0500,Aqua,MODIS,100,6.3,309.5,123.9,D,0
-14.5643,126.5727,365.7,1.5,1.2,6/9/2019,0500,Aqua,MODIS,100,6.3,307.8,164,D,0
-14.089,130.7993,374.6,1,1,6/9/2019,0500,Aqua,MODIS,100,6.3,314.5,111.5,D,0
-14.0724,130.7873,389,1,1,6/9/2019,0500,Aqua,MODIS,100,6.3,322.9,176.4,D,0
-14.0737,130.7781,391.4,1,1,6/9/2019,0500,Aqua,MODIS,100,6.3,315.9,191.6,D,0
-14.062,130.7952,364.5,1,1,6/9/2019,0500,Aqua,MODIS,100,6.3,316.6,79.4,D,0
-14.0634,130.786,426.1,1,1,6/9/2019,0500,Aqua,MODIS,100,6.3,327.4,432.5,D,0
-14.0647,130.7767,423.3,1,1,6/9/2019,0500,Aqua,MODIS,100,6.3,321.3,410.5,D,0
-14.6031,126.7242,365.2,1.5,1.2,6/9/2019,0500,Aqua,MODIS,100,6.3,312.2,149.9,D,0
-14.0517,130.803,390.4,1,1,6/9/2019,0500,Aqua,MODIS,100,6.3,316.6,181.7,D,0
-13.0081,130.8992,371.1,1,1,6/9/2019,0500,Aqua,MODIS,100,6.3,312.2,100.7,D,0
-13.1443,130.8476,366.2,1,1,6/9/2019,0500,Aqua,MODIS,100,6.3,310.8,86.7,D,0
-13.1638,130.7755,364.6,1,1,6/9/2019,0500,Aqua,MODIS,100,6.3,310.1,83.7,D,0
-13.1532,130.849,383.2,1,1,6/9/2019,0500,Aqua,MODIS,100,6.3,310.2,148.4,D,0
-13.1636,130.8412,419.5,1,1,6/9/2019,0500,Aqua,MODIS,100,6.3,314.5,376,D,0
-13.2046,130.8756,365.5,1,1,6/9/2019,0500,Aqua,MODIS,100,6.3,314.7,80.2,D,0
-13.2238,130.8101,382.4,1,1,6/9/2019,0500,Aqua,MODIS,100,6.3,310.4,143.3,D,0
-13.2846,130.7067,372,1,1,6/9/2019,0500,Aqua,MODIS,100,6.3,310.6,109,D,0
-13.2936,130.7081,360.9,1,1,6/9/2019,0500,Aqua,MODIS,100,6.3,311.6,71.8,D,0
-13.2883,130.7448,361.6,1,1,6/9/2019,0500,Aqua,MODIS,100,6.3,312.4,73.2,D,0
-13.287,130.754,390.3,1,1,6/9/2019,0500,Aqua,MODIS,100,6.3,320.3,182.4,D,0
-31.7684,151.8977,321.7,1,1,6/9/2019,1241,Terra,MODIS,100,6.3,285.7,22,N,0
-31.7579,151.9066,353.8,1,1,6/9/2019,1241,Terra,MODIS,100,6.3,291.1,72.8,N,0
-31.7594,151.8959,378.2,1,1,6/9/2019,1241,Terra,MODIS,100,6.3,296.9,147.6,N,0
-31.7609,151.8853,327.7,1,1,6/9/2019,1241,Terra,MODIS,100,6.3,288.5,27.1,N,0
-31.749,151.91,323.8,1,1,6/9/2019,1241,Terra,MODIS,100,6.3,285.2,24.2,N,0
-31.7505,151.8993,388.3,1,1,6/9/2019,1241,Terra,MODIS,100,6.3,298.9,193.1,N,0
-31.7521,151.8887,364.5,1,1,6/9/2019,1241,Terra,MODIS,100,6.3,299,99.8,N,0
-31.7535,151.8781,337.2,1,1,6/9/2019,1241,Terra,MODIS,100,6.3,292.1,39.8,N,0
-31.743,151.887,358.5,1,1,6/9/2019,1241,Terra,MODIS,100,6.3,293.4,84,N,0
-31.7445,151.8764,358.4,1,1,6/9/2019,1241,Terra,MODIS,100,6.3,294.9,84,N,0
-31.7355,151.8746,352.9,1,1,6/9/2019,1241,Terra,MODIS,100,6.3,291.4,70.4,N,0
-29.0012,152.3394,381.8,1,1,6/9/2019,1242,Terra,MODIS,100,6.3,296.6,161.9,N,0
-30.2172,152.4514,415.2,1,1,6/9/2019,1242,Terra,MODIS,100,6.3,270,0,N,0
-29.7186,152.4667,396.4,1,1,6/9/2019,1242,Terra,MODIS,100,6.3,299.2,232.4,N,0
-29.7201,152.4562,388.6,1,1,6/9/2019,1242,Terra,MODIS,100,6.3,295.5,193.8,N,0
-29.7217,152.4458,351.8,1,1,6/9/2019,1242,Terra,MODIS,100,6.3,286.5,64.5,N,0
-29.7233,152.4353,344,1,1,6/9/2019,1242,Terra,MODIS,100,6.3,283.1,49.7,N,0
-29.7095,152.4648,352,1,1,6/9/2019,1242,Terra,MODIS,100,6.3,291.5,64,N,0
-29.7111,152.4543,350.5,1,1,6/9/2019,1242,Terra,MODIS,100,6.3,287.6,61.8,N,0
-29.0895,152.4272,328.5,1,1,6/9/2019,1242,Terra,MODIS,100,6.3,287.6,26,N,0
-29.0866,152.384,330,1,1,6/9/2019,1242,Terra,MODIS,100,6.3,288.2,26.6,N,0
-29.0882,152.3737,331.3,1,1,6/9/2019,1242,Terra,MODIS,100,6.3,287.1,28,N,0
-29.076,152.3928,350.3,1,1,6/9/2019,1242,Terra,MODIS,100,6.3,290.7,60.3,N,0
-29.0776,152.3822,363.7,1,1,6/9/2019,1242,Terra,MODIS,100,6.3,291.6,94.4,N,0
-29.0791,152.3718,351.6,1,1,6/9/2019,1242,Terra,MODIS,100,6.3,288.7,63.2,N,0
-29.0669,152.3911,334.4,1,1,6/9/2019,1242,Terra,MODIS,100,6.3,288,31.2,N,0
-29.0685,152.3806,335.2,1,1,6/9/2019,1242,Terra,MODIS,100,6.3,287.1,32.7,N,0
-29.0563,152.3996,336.6,1,1,6/9/2019,1242,Terra,MODIS,100,6.3,288.2,34.4,N,0
-29.0578,152.3893,337.2,1,1,6/9/2019,1242,Terra,MODIS,100,6.3,287,35.8,N,0
-29.0594,152.3789,330.7,1,1,6/9/2019,1242,Terra,MODIS,100,6.3,285.3,26.7,N,0
-29.0456,152.4083,339.9,1,1,6/9/2019,1242,Terra,MODIS,100,6.3,287.8,39.8,N,0
-29.0472,152.3977,372.6,1,1,6/9/2019,1242,Terra,MODIS,100,6.3,292.3,123.5,N,0
-29.0488,152.3875,372.6,1,1,6/9/2019,1242,Terra,MODIS,100,6.3,290.2,123.8,N,0
-29.0503,152.3771,345.5,1,1,6/9/2019,1242,Terra,MODIS,100,6.3,285.2,51,N,0
-29.035,152.417,323.5,1,1,6/9/2019,1242,Terra,MODIS,100,6.3,286.6,17.8,N,0
-29.0366,152.4064,363.1,1,1,6/9/2019,1242,Terra,MODIS,100,6.3,289.4,92.2,N,0
-29.0382,152.3959,429.3,1,1,6/9/2019,1242,Terra,MODIS,100,6.3,300.3,486.7,N,0
-29.0397,152.3856,444.1,1,1,6/9/2019,1242,Terra,MODIS,100,6.3,303.1,649.8,N,0
-29.0413,152.3752,361.9,1,1,6/9/2019,1242,Terra,MODIS,100,6.3,286.3,90.7,N,0
-29.0876,152.0637,366,1,1,6/9/2019,1242,Terra,MODIS,100,6.3,287.8,100.2,N,0
-29.0259,152.4152,342.1,1,1,6/9/2019,1242,Terra,MODIS,100,6.3,287.2,44.1,N,0
-29.0275,152.4047,391.1,1,1,6/9/2019,1242,Terra,MODIS,100,6.3,291.4,204.2,N,0
-29.0291,152.3941,451.7,1,1,6/9/2019,1242,Terra,MODIS,100,6.3,305.4,747.9,N,0
-29.0307,152.3837,415,1,1,6/9/2019,1242,Terra,MODIS,100,6.3,296.9,359.6,N,0
-29.0322,152.3734,366.5,1,1,6/9/2019,1242,Terra,MODIS,100,6.3,285.9,104.4,N,0
-29.0338,152.3631,334.8,1,1,6/9/2019,1242,Terra,MODIS,100,6.3,278.4,33.4,N,0
-29.0417,152.3102,331.9,1,1,6/9/2019,1242,Terra,MODIS,100,6.3,277.7,33.4,N,0
-29.0169,152.4132,328.9,1,1,6/9/2019,1242,Terra,MODIS,100,6.3,285.8,24.2,N,0
-29.0184,152.4028,363.1,1,1,6/9/2019,1242,Terra,MODIS,100,6.3,286.9,92.1,N,0
-29.02,152.3922,401.5,1,1,6/9/2019,1242,Terra,MODIS,100,6.3,292.5,264.6,N,0
-29.0216,152.3819,420.3,1,1,6/9/2019,1242,Terra,MODIS,100,6.3,299.6,403.7,N,0
-29.0231,152.3716,386.1,1,1,6/9/2019,1242,Terra,MODIS,100,6.3,290.3,180.8,N,0
-29.0247,152.3612,346.5,1,1,6/9/2019,1242,Terra,MODIS,100,6.3,278.8,53.9,N,0
-29.0326,152.3085,338.1,1,1,6/9/2019,1242,Terra,MODIS,100,6.3,280.3,41.5,N,0
-29.0115,152.3949,340.2,1,1,6/9/2019,1242,Terra,MODIS,100,6.3,285.5,40.5,N,0
-29.0131,152.3846,370.7,1,1,6/9/2019,1242,Terra,MODIS,100,6.3,288.1,117.7,N,0
-29.0146,152.3743,391.8,1,1,6/9/2019,1242,Terra,MODIS,100,6.3,291.9,209.3,N,0
-29.0162,152.3638,375.1,1,1,6/9/2019,1242,Terra,MODIS,100,6.3,288.5,134.3,N,0
-29.0177,152.3535,346.9,1,1,6/9/2019,1242,Terra,MODIS,100,6.3,285.4,54.5,N,0
-29.0193,152.343,334.1,1,1,6/9/2019,1242,Terra,MODIS,100,6.3,285.5,32.4,N,0
-29.0255,152.3006,343.2,1,1,6/9/2019,1242,Terra,MODIS,100,6.3,282.5,49.6,N,0
-29.0025,152.393,334.8,1,1,6/9/2019,1242,Terra,MODIS,100,6.3,285.7,32,N,0
-29.004,152.3828,334.4,1,1,6/9/2019,1242,Terra,MODIS,100,6.3,286.2,31.6,N,0
-29.0056,152.3724,350.4,1,1,6/9/2019,1242,Terra,MODIS,100,6.3,287.5,61.1,N,0
-29.0071,152.362,377.7,1,1,6/9/2019,1242,Terra,MODIS,100,6.3,292.8,144.1,N,0
-29.0087,152.3516,370.9,1,1,6/9/2019,1242,Terra,MODIS,100,6.3,292.4,119,N,0
-29.0102,152.3412,352,1,1,6/9/2019,1242,Terra,MODIS,100,6.3,288.6,65.5,N,0
-29.0118,152.3308,337.1,1,1,6/9/2019,1242,Terra,MODIS,100,6.3,286.4,37.3,N,0
-29.0133,152.3203,334.6,1,1,6/9/2019,1242,Terra,MODIS,100,6.3,284.9,34,N,0
-29.0165,152.299,359.7,1,1,6/9/2019,1242,Terra,MODIS,100,6.3,285.3,86.2,N,0
-28.9965,152.3706,351.8,1,1,6/9/2019,1242,Terra,MODIS,100,6.3,287.7,64.1,N,0
-28.9981,152.3602,427.1,1,1,6/9/2019,1242,Terra,MODIS,100,6.3,302.6,465.8,N,0
-28.9996,152.3498,436.3,1,1,6/9/2019,1242,Terra,MODIS,100,6.3,310.4,560.1,N,0
-29.0027,152.329,352.2,1,1,6/9/2019,1242,Terra,MODIS,100,6.3,289.4,66.1,N,0
-29.0074,152.2973,391.8,1,1,6/9/2019,1242,Terra,MODIS,100,6.3,291.1,210.9,N,0
-29.009,152.2867,386.6,1,1,6/9/2019,1242,Terra,MODIS,100,6.3,286.9,185.1,N,0
-28.9875,152.3686,336.3,1,1,6/9/2019,1242,Terra,MODIS,100,6.3,285.4,35,N,0
-28.989,152.3583,394,1,1,6/9/2019,1242,Terra,MODIS,100,6.3,290.1,221.2,N,0
-28.9905,152.348,435.9,1,1,6/9/2019,1242,Terra,MODIS,100,6.3,301.4,554.1,N,0
-28.9921,152.3375,420.7,1,1,6/9/2019,1242,Terra,MODIS,100,6.3,304.5,408.6,N,0
-28.9937,152.3271,387.3,1,1,6/9/2019,1242,Terra,MODIS,100,6.3,297.5,188.3,N,0
-28.9952,152.3167,348.3,1,1,6/9/2019,1242,Terra,MODIS,100,6.3,287.3,58.8,N,0
-28.9983,152.2957,357.5,1,1,6/9/2019,1242,Terra,MODIS,100,6.3,287.5,78.9,N,0
-28.9999,152.285,350,1,1,6/9/2019,1242,Terra,MODIS,100,6.3,283.4,62.2,N,0
-28.98,152.3561,333.4,1,1,6/9/2019,1242,Terra,MODIS,100,6.3,285.4,30.2,N,0
-28.9815,152.3458,345.9,1,1,6/9/2019,1242,Terra,MODIS,100,6.3,285.9,52.5,N,0
-28.9831,152.3355,353.3,1,1,6/9/2019,1242,Terra,MODIS,100,6.3,286.8,68.5,N,0
-28.9846,152.3252,348.3,1,1,6/9/2019,1242,Terra,MODIS,100,6.3,286.8,57.5,N,0
-28.6357,151.9454,358.1,1,1,6/9/2019,1242,Terra,MODIS,100,6.3,270.2,83,N,0
-28.6372,151.9351,391.3,1,1,6/9/2019,1242,Terra,MODIS,100,6.3,282,207.6,N,0
-28.6387,151.9249,407.7,1,1,6/9/2019,1242,Terra,MODIS,100,6.3,292.4,302.3,N,0
-28.6402,151.9146,400.7,1,1,6/9/2019,1242,Terra,MODIS,100,6.3,293.7,258.6,N,0
-28.6417,151.9044,347,1,1,6/9/2019,1242,Terra,MODIS,100,6.3,285.4,56.3,N,0
-28.6266,151.9436,348.7,1,1,6/9/2019,1242,Terra,MODIS,100,6.3,274.9,59.4,N,0
-28.6282,151.9334,358.8,1,1,6/9/2019,1242,Terra,MODIS,100,6.3,279.6,81.9,N,0
-28.6297,151.9231,364,1,1,6/9/2019,1242,Terra,MODIS,100,6.3,282.9,96.2,N,0
-28.6312,151.9128,364.1,1,1,6/9/2019,1242,Terra,MODIS,100,6.3,285.2,97.5,N,0
-28.6327,151.9026,349.2,1,1,6/9/2019,1242,Terra,MODIS,100,6.3,285.9,58.4,N,0
-28.6223,151.9157,378.4,1,1,6/9/2019,1242,Terra,MODIS,100,6.3,289.4,147.9,N,0
-28.6238,151.9055,381,1,1,6/9/2019,1242,Terra,MODIS,100,6.3,293.2,158.8,N,0
-28.6253,151.8953,348,1,1,6/9/2019,1242,Terra,MODIS,100,6.3,287.3,59,N,0
-28.4482,152.3436,327,1,1,6/9/2019,1242,Terra,MODIS,100,6.3,281.3,26.5,N,0
-28.4498,152.3331,324,1,1,6/9/2019,1242,Terra,MODIS,100,6.3,278.7,22.5,N,0
-28.4407,152.3313,328.2,1,1,6/9/2019,1242,Terra,MODIS,100,6.3,285.2,27.6,N,0
-28.4423,152.3209,322.9,1,1,6/9/2019,1242,Terra,MODIS,100,6.3,283.7,20.8,N,0
-28.4438,152.3105,325.9,1,1,6/9/2019,1242,Terra,MODIS,100,6.3,284.5,24.7,N,0
-28.4332,152.319,326.5,1,1,6/9/2019,1242,Terra,MODIS,100,6.3,283.8,25,N,0
-28.4347,152.3087,327,1,1,6/9/2019,1242,Terra,MODIS,100,6.3,281.9,25.9,N,0
-26.2646,150.9881,332.7,1,1,6/9/2019,1243,Terra,MODIS,100,6.3,291.2,31.6,N,0
-26.266,150.9781,335.3,1,1,6/9/2019,1243,Terra,MODIS,100,6.3,295.5,35.2,N,0
-26.257,150.9765,342,1,1,6/9/2019,1243,Terra,MODIS,100,6.3,295.5,46,N,0
-26.2585,150.9665,329.2,1,1,6/9/2019,1243,Terra,MODIS,100,6.3,293.5,26.5,N,0
-25.9609,150.9254,343.5,1,1,6/9/2019,1243,Terra,MODIS,100,6.3,295.3,49.6,N,0
-25.9624,150.9154,335.1,1,1,6/9/2019,1243,Terra,MODIS,100,6.3,295.2,35.1,N,0
-25.9638,150.9054,322.6,1,1,6/9/2019,1243,Terra,MODIS,100,6.3,293,19.3,N,0
-25.9681,150.8755,327.6,1,1,6/9/2019,1243,Terra,MODIS,100,6.3,293,24.5,N,0
-25.9519,150.9238,326.5,1,1,6/9/2019,1243,Terra,MODIS,100,6.3,293.6,24.5,N,0
-25.9534,150.9138,341.2,1,1,6/9/2019,1243,Terra,MODIS,100,6.3,297.2,44.6,N,0
-25.9548,150.9038,325.4,1,1,6/9/2019,1243,Terra,MODIS,100,6.3,294.3,22.3,N,0
-25.9591,150.8739,335.1,1,1,6/9/2019,1243,Terra,MODIS,100,6.3,294.4,32.5,N,0
-25.9444,150.9121,341.2,1,1,6/9/2019,1243,Terra,MODIS,100,6.3,296.8,45.2,N,0
-25.9458,150.9022,332.5,1,1,6/9/2019,1243,Terra,MODIS,100,6.3,295.8,30.6,N,0
-25.953,150.8524,369.5,1,1,6/9/2019,1243,Terra,MODIS,100,6.3,299.5,110.5,N,0
-25.9544,150.8424,356.6,1,1,6/9/2019,1243,Terra,MODIS,100,6.3,297,75.3,N,0
-25.9354,150.9105,325,1,1,6/9/2019,1243,Terra,MODIS,100,6.3,293.5,23,N,0
-25.9307,150.879,350.2,1,1,6/9/2019,1243,Terra,MODIS,100,6.3,295.5,56.6,N,0
-25.875,150.8831,329.9,1,1,6/9/2019,1243,Terra,MODIS,100,6.3,290.5,29.4,N,0
-25.0865,152.2696,323.4,1.1,1,6/9/2019,1243,Terra,MODIS,100,6.3,290.9,24.6,N,0
-25.0772,152.2679,352.1,1.1,1,6/9/2019,1243,Terra,MODIS,100,6.3,293.4,75,N,0
-25.0788,152.2573,340.2,1.1,1,6/9/2019,1243,Terra,MODIS,100,6.3,292.3,49.5,N,0
-25.0722,152.2611,338.7,1.1,1,6/9/2019,1243,Terra,MODIS,100,6.3,292.5,47.2,N,0
-23.7526,150.9941,322.9,1,1,6/9/2019,1243,Terra,MODIS,100,6.3,292,21.5,N,0
-22.587,149.38,326.3,1,1,6/9/2019,1244,Terra,MODIS,100,6.3,292.4,24.9,N,0
-22.7724,150.652,330.1,1,1,6/9/2019,1244,Terra,MODIS,100,6.3,290.5,30.5,N,0
-22.7633,150.6504,344,1,1,6/9/2019,1244,Terra,MODIS,100,6.3,292.4,51.2,N,0
-22.7648,150.6405,373.8,1,1,6/9/2019,1244,Terra,MODIS,100,6.3,295.1,131.3,N,0
-22.7662,150.6307,327.6,1,1,6/9/2019,1244,Terra,MODIS,100,6.3,287.5,26.4,N,0
-22.7557,150.639,342.1,1,1,6/9/2019,1244,Terra,MODIS,100,6.3,291.2,47.2,N,0
-22.7453,150.6472,330.9,1,1,6/9/2019,1244,Terra,MODIS,100,6.3,290.8,30.4,N,0
-22.6868,150.6714,322.9,1,1,6/9/2019,1244,Terra,MODIS,100,6.3,291.5,21.9,N,0
-22.5474,150.3039,332.8,1,1,6/9/2019,1244,Terra,MODIS,100,6.3,294.4,32.5,N,0
-22.5488,150.2941,324.2,1,1,6/9/2019,1244,Terra,MODIS,100,6.3,293.3,21.7,N,0
-19.3847,146.4964,322.8,1.2,1.1,6/9/2019,1245,Terra,MODIS,100,6.3,290.7,26.4,N,0
-17.1994,142.626,323.1,2,1.4,6/9/2019,1246,Terra,MODIS,100,6.3,290.9,57.2,N,0
-16.1215,144.4065,321.4,1.4,1.2,6/9/2019,1246,Terra,MODIS,100,6.3,291.2,31.8,N,0
-30.1609,152.3537,324.9,4.8,2,6/9/2019,1416,Aqua,MODIS,100,6.3,282.6,242,N,0
-30.1847,152.451,332.6,4.7,2,6/9/2019,1416,Aqua,MODIS,100,6.3,283.4,316.4,N,0
-30.1952,152.4942,349.7,4.7,2,6/9/2019,1416,Aqua,MODIS,100,6.3,285.9,586,N,0
-30.1782,152.3469,335.4,4.8,2,6/9/2019,1416,Aqua,MODIS,100,6.3,285.3,351.2,N,0
-30.2022,152.4458,343.3,4.7,2,6/9/2019,1416,Aqua,MODIS,100,6.3,286.4,461,N,0
-30.2129,152.4898,353.8,4.7,2,6/9/2019,1416,Aqua,MODIS,100,6.3,287.3,660.5,N,0
-30.1598,152.3492,321.9,4.8,2,6/9/2019,1416,Aqua,MODIS,100,6.3,282.7,210.4,N,0
-30.1844,152.4473,327.2,4.7,2,6/9/2019,1416,Aqua,MODIS,100,6.3,282.6,252.6,N,0
-30.1952,152.4904,351.7,4.7,2,6/9/2019,1416,Aqua,MODIS,100,6.3,286,623.8,N,0
-30.2019,152.4417,342.1,4.7,2,6/9/2019,1416,Aqua,MODIS,100,6.3,285.9,434.7,N,0
-30.2128,152.4857,353.4,4.7,2,6/9/2019,1416,Aqua,MODIS,100,6.3,287.9,647.1,N,0
-30.27,152.5653,332.2,4.6,2,6/9/2019,1416,Aqua,MODIS,100,6.3,285,304.2,N,0
-30.2323,152.4222,336.2,4.7,2,6/9/2019,1416,Aqua,MODIS,100,6.3,284.7,348.5,N,0
-30.2665,152.5576,337.8,4.6,2,6/9/2019,1416,Aqua,MODIS,100,6.3,285,382.3,N,0
-25.9669,129.3651,324.2,1.3,1.1,6/9/2019,1422,Terra,MODIS,100,6.3,284.7,35.5,N,0
-17.2128,125.391,321,1.1,1,6/9/2019,1424,Terra,MODIS,100,6.3,297.5,17.1,N,0
-17.2113,125.401,353.7,1.1,1,6/9/2019,1424,Terra,MODIS,100,6.3,299.1,73.6,N,0
-16.0169,143.4289,336.6,1,1,6/9/2019,1551,Aqua,MODIS,100,6.3,293.5,38.1,N,0
-16.0155,143.4196,324.1,1,1,6/9/2019,1551,Aqua,MODIS,100,6.3,291.1,22,N,0
-17.1741,143.0328,320.9,1,1,6/9/2019,1551,Aqua,MODIS,100,6.3,292.6,19,N,0
-17.1817,143.022,322,1,1,6/9/2019,1551,Aqua,MODIS,100,6.3,293.2,20.1,N,0
-18.099,144.659,320.2,1.1,1,6/9/2019,1551,Aqua,MODIS,100,6.3,285.8,20.2,N,0
-17.1727,143.0235,331.9,1,1,6/9/2019,1551,Aqua,MODIS,100,6.3,294.2,30.8,N,0
-17.1713,143.0141,326,1,1,6/9/2019,1551,Aqua,MODIS,100,6.3,293.2,24.5,N,0
-17.1637,143.0249,345.3,1,1,6/9/2019,1551,Aqua,MODIS,100,6.3,295.8,52,N,0
-30.1964,152.4525,342.6,4.7,2,6/9/2019,1554,Aqua,MODIS,100,6.3,282.2,446.1,N,0
-30.1991,152.5063,379,4.7,2,6/9/2019,1554,Aqua,MODIS,100,6.3,289.9,1411.8,N,0
-30.2561,152.5547,324.4,4.7,2,6/9/2019,1554,Aqua,MODIS,100,6.3,281.6,230.4,N,0
-28.9704,152.4469,337.1,4.5,2,6/9/2019,1554,Aqua,MODIS,100,6.3,288.1,362.6,N,0
-28.6174,151.9357,339.5,4.2,1.9,6/9/2019,1554,Aqua,MODIS,100,6.3,284.8,356.8,N,0
-28.985,152.3946,341.9,4.5,2,6/9/2019,1554,Aqua,MODIS,100,6.3,289.5,406.9,N,0
-28.9882,152.4449,354.8,4.5,2,6/9/2019,1554,Aqua,MODIS,100,6.3,290.1,661.1,N,0
-28.9688,152.4373,340.1,4.5,2,6/9/2019,1554,Aqua,MODIS,100,6.3,288.1,402.6,N,0
-28.9866,152.436,358,4.5,2,6/9/2019,1554,Aqua,MODIS,100,6.3,291.2,722,N,0
-29.0224,152.4364,341.1,4.5,2,6/9/2019,1554,Aqua,MODIS,100,6.3,289.6,388.4,N,0
-29.0252,152.484,343.6,4.6,2,6/9/2019,1554,Aqua,MODIS,100,6.3,288.6,452.2,N,0
-29.0224,152.4323,339.5,4.5,2,6/9/2019,1554,Aqua,MODIS,100,6.3,289.4,356.1,N,0
-29.0249,152.4803,345.9,4.6,2,6/9/2019,1554,Aqua,MODIS,100,6.3,289,481.5,N,0
-30.1991,152.4615,350,4.7,2,6/9/2019,1554,Aqua,MODIS,100,6.3,283.6,579.2,N,0
-30.2021,152.515,374.7,4.7,2,6/9/2019,1554,Aqua,MODIS,100,6.3,289.2,1259.9,N,0
-31.7518,151.9198,328.1,4.4,1.9,6/9/2019,1555,Aqua,MODIS,100,6.3,284.1,248.5,N,0
-31.7527,151.9284,322.5,4.4,1.9,6/9/2019,1555,Aqua,MODIS,100,6.3,283.5,199.1,N,0
-29.079,152.3328,372.4,1.6,1.2,6/9/2019,2341,Terra,MODIS,100,6.3,295,238.4,D,0
-29.0799,152.4001,362.4,1.6,1.2,6/9/2019,2341,Terra,MODIS,100,6.3,297.4,166.4,D,0
-29.0084,152.3895,363.4,1.6,1.2,6/9/2019,2341,Terra,MODIS,100,6.3,295.9,170.4,D,0
-29.0069,152.5062,364.9,1.6,1.2,6/9/2019,2341,Terra,MODIS,100,6.3,296.4,187.2,D,0
-16.3956,136.5057,388.3,1,1,7/9/2019,0116,Terra,MODIS,100,6.3,316.4,174.9,D,0
-16.397,136.5151,371.7,1,1,7/9/2019,0116,Terra,MODIS,100,6.3,314,106.9,D,0
-13.8415,134.2478,382.9,1.1,1.1,7/9/2019,0116,Terra,MODIS,100,6.3,315.4,183.3,D,0
-36.4039,149.8871,389.1,1,1,7/9/2019,0358,Aqua,MODIS,100,6.3,300.4,192.9,D,0
-36.4055,149.8759,371.4,1,1,7/9/2019,0358,Aqua,MODIS,100,6.3,301.1,119.2,D,0
-31.7715,151.9051,385.8,1.2,1.1,7/9/2019,0359,Aqua,MODIS,100,6.3,310.8,216,D,0
-30.2822,152.5565,370,1.3,1.1,7/9/2019,0400,Aqua,MODIS,100,6.3,301,165.4,D,0
-30.2595,152.5651,386.6,1.3,1.1,7/9/2019,0400,Aqua,MODIS,100,6.3,302,267.1,D,0
-30.2476,152.4713,399.7,1.3,1.1,7/9/2019,0400,Aqua,MODIS,100,6.3,305.1,361.3,D,0
-30.228,152.524,444.8,1.3,1.1,7/9/2019,0400,Aqua,MODIS,100,6.3,309.7,955,D,0
-30.2304,152.5102,400,1.3,1.1,7/9/2019,0400,Aqua,MODIS,100,6.3,305,364.1,D,0
-30.2374,152.4696,362.3,1.3,1.1,7/9/2019,0400,Aqua,MODIS,100,6.3,298.2,125.8,D,0
-30.2178,152.5219,363.9,1.3,1.1,7/9/2019,0400,Aqua,MODIS,100,6.3,297.1,133.4,D,0
-30.2201,152.5082,374.9,1.3,1.1,7/9/2019,0400,Aqua,MODIS,100,6.3,303,181.9,D,0
-30.2108,152.1998,369.6,1.3,1.1,7/9/2019,0400,Aqua,MODIS,100,6.3,303.1,154.7,D,0
-30.2021,152.1915,384.7,1.3,1.1,7/9/2019,0400,Aqua,MODIS,100,6.3,305.8,236.2,D,0
-30.1562,152.1563,386.2,1.3,1.1,7/9/2019,0400,Aqua,MODIS,100,6.3,305.1,245.1,D,0
-30.0841,152.2852,364.8,1.3,1.1,7/9/2019,0400,Aqua,MODIS,100,6.3,300.3,136.3,D,0
-30.0865,152.2711,360.1,1.3,1.1,7/9/2019,0400,Aqua,MODIS,100,6.3,302.9,116.6,D,0
-30.0766,152.2681,361.4,1.3,1.1,7/9/2019,0400,Aqua,MODIS,100,6.3,299.5,121.9,D,0
-29.0815,152.4255,381.9,1.4,1.2,7/9/2019,0400,Aqua,MODIS,100,6.3,299.7,242.1,D,0
-29.084,152.4116,386.9,1.4,1.2,7/9/2019,0400,Aqua,MODIS,100,6.3,306.2,273.3,D,0
-29.0758,152.3973,360.3,1.4,1.2,7/9/2019,0400,Aqua,MODIS,100,6.3,304.3,121.6,D,0
-29.0558,152.4493,387,1.4,1.2,7/9/2019,0400,Aqua,MODIS,100,6.3,302.1,283.2,D,0
-29.078,152.3244,364.7,1.3,1.1,7/9/2019,0400,Aqua,MODIS,100,6.3,299.7,146.4,D,0
-29.0427,152.484,371.9,1.4,1.2,7/9/2019,0400,Aqua,MODIS,100,6.3,300.9,185.6,D,0
-29.0477,152.455,372.6,1.4,1.2,7/9/2019,0400,Aqua,MODIS,100,6.3,302,183.6,D,0
-29.0501,152.4412,391,1.4,1.2,7/9/2019,0400,Aqua,MODIS,100,6.3,307.3,305.4,D,0
-29.0298,152.4959,381,1.4,1.2,7/9/2019,0400,Aqua,MODIS,100,6.3,306,240.6,D,0
-29.0323,152.4816,388.4,1.4,1.2,7/9/2019,0400,Aqua,MODIS,100,6.3,306.8,288.7,D,0
-29.0347,152.4674,362.7,1.4,1.2,7/9/2019,0400,Aqua,MODIS,100,6.3,302,130.6,D,0
-29.0144,152.5223,369.9,1.4,1.2,7/9/2019,0400,Aqua,MODIS,100,6.3,301.2,176.6,D,0
-29.0169,152.5076,368.5,1.4,1.2,7/9/2019,0400,Aqua,MODIS,100,6.3,305.1,167.8,D,0
-29.0014,152.5342,374.8,1.4,1.2,7/9/2019,0400,Aqua,MODIS,100,6.3,296.8,207.3,D,0
-29.004,152.5198,451.4,1.4,1.2,7/9/2019,0400,Aqua,MODIS,100,6.3,328.2,1158.5,D,0
-29.0065,152.5052,388.8,1.4,1.2,7/9/2019,0400,Aqua,MODIS,100,6.3,311.3,296.7,D,0
-29.0111,152.4177,389.6,1.4,1.2,7/9/2019,0400,Aqua,MODIS,100,6.3,305.1,285.7,D,0
-29.0134,152.4047,393.8,1.4,1.2,7/9/2019,0400,Aqua,MODIS,100,6.3,309.9,320.2,D,0
-28.9698,152.4078,366.4,1.4,1.2,7/9/2019,0400,Aqua,MODIS,100,6.3,302.2,142.7,D,0
-28.9723,152.3941,394.6,1.4,1.2,7/9/2019,0400,Aqua,MODIS,100,6.3,308,325.6,D,0
-28.6211,151.9452,376.1,1.3,1.1,7/9/2019,0400,Aqua,MODIS,100,6.3,300.9,192.4,D,0
-28.6234,151.9319,377,1.3,1.1,7/9/2019,0400,Aqua,MODIS,100,6.3,304.2,195.9,D,0
-25.9705,150.9282,365.4,1.3,1.1,7/9/2019,0401,Aqua,MODIS,100,6.3,304.5,126.3,D,0
-25.9605,150.926,368.2,1.3,1.1,7/9/2019,0401,Aqua,MODIS,100,6.3,307.2,137.3,D,0
-25.9484,150.9365,393,1.3,1.1,7/9/2019,0401,Aqua,MODIS,100,6.3,306.3,287.5,D,0
-25.9506,150.9238,381.5,1.3,1.1,7/9/2019,0401,Aqua,MODIS,100,6.3,310.4,206.3,D,0
-18.1225,144.8191,401.8,1,1,7/9/2019,0403,Aqua,MODIS,100,6.3,319.8,254.1,D,0
-18.1238,144.8095,391.3,1,1,7/9/2019,0403,Aqua,MODIS,100,6.3,324,192.8,D,0
-17.0709,142.8716,369.6,1.2,1.1,7/9/2019,0403,Aqua,MODIS,100,6.3,309.9,125.9,D,0
-17.2197,145.0347,386.1,1,1,7/9/2019,0403,Aqua,MODIS,100,6.3,320.4,166.3,D,0
-17.2184,145.0441,375.8,1,1,7/9/2019,0403,Aqua,MODIS,100,6.3,310.6,123.4,D,0
-17.2272,145.0416,375.8,1,1,7/9/2019,0403,Aqua,MODIS,100,6.3,317.3,121.4,D,0
-17.4064,145.1394,383.5,1,1,7/9/2019,0403,Aqua,MODIS,100,6.3,320.6,153,D,0
-17.4051,145.1488,378.3,1,1,7/9/2019,0403,Aqua,MODIS,100,6.3,317.9,132.1,D,0
-17.43,145.0372,364.3,1,1,7/9/2019,0403,Aqua,MODIS,100,6.3,319.9,81.8,D,0
-16.1035,144.408,402.5,1,1,7/9/2019,0404,Aqua,MODIS,100,6.3,315,258.9,D,0
-16.1112,144.4188,368,1,1,7/9/2019,0404,Aqua,MODIS,100,6.3,312.8,97,D,0
-16.1125,144.4094,363.3,1,1,7/9/2019,0404,Aqua,MODIS,100,6.3,320.3,82.7,D,0
-16.1048,144.3985,389.1,1,1,7/9/2019,0404,Aqua,MODIS,100,6.3,317.7,182.2,D,0
-14.5015,144.3016,374.9,1,1,7/9/2019,0404,Aqua,MODIS,100,6.3,309.8,116.8,D,0
-14.5028,144.2923,381.2,1,1,7/9/2019,0404,Aqua,MODIS,100,6.3,313.8,142,D,0
-11.0533,142.6064,369,1.1,1,7/9/2019,0405,Aqua,MODIS,100,6.3,306,113.9,D,0
-12.8009,142.0394,388.3,1.2,1.1,7/9/2019,0405,Aqua,MODIS,100,6.3,317.2,218.2,D,0
-12.7913,142.038,374.9,1.2,1.1,7/9/2019,0405,Aqua,MODIS,100,6.3,306.4,150.1,D,0
-12.7845,142.0153,361.9,1.2,1.1,7/9/2019,0405,Aqua,MODIS,100,6.3,310.5,95.1,D,0
-20.362,118.9379,387.6,1.2,1.1,7/9/2019,0541,Aqua,MODIS,100,6.3,314.2,210.2,D,0
-20.3635,118.9268,369.3,1.2,1.1,7/9/2019,0541,Aqua,MODIS,100,6.3,314.9,119.7,D,0
-20.3538,118.9254,371.5,1.2,1.1,7/9/2019,0541,Aqua,MODIS,100,6.3,316.2,127.6,D,0
-16.8357,122.9227,377.9,1.1,1.1,7/9/2019,0542,Aqua,MODIS,100,6.3,315.2,149.7,D,0
-16.8373,122.9121,368.1,1.1,1.1,7/9/2019,0542,Aqua,MODIS,100,6.3,317.7,107.7,D,0
-29.5746,153.2383,322.7,4.8,2,7/9/2019,1147,Terra,MODIS,100,6.3,287.7,208.2,N,0
-29.5718,153.2452,327.7,4.8,2,7/9/2019,1147,Terra,MODIS,100,6.3,288.4,256.3,N,0
-30.2401,152.4881,323.4,4,1.9,7/9/2019,1324,Terra,MODIS,100,6.3,281.1,175.7,N,0
-30.2298,152.5315,326.6,4.1,1.9,7/9/2019,1324,Terra,MODIS,100,6.3,282.1,202,N,0
-17.1471,143.1001,339,1.7,1.3,7/9/2019,1328,Terra,MODIS,100,6.3,298.1,89.3,N,0
-17.1356,143.0979,355.7,1.7,1.3,7/9/2019,1328,Terra,MODIS,100,6.3,298.8,165.6,N,0
-16.894,142.8224,324,1.7,1.3,7/9/2019,1328,Terra,MODIS,100,6.3,294.9,44.5,N,0
-17.0838,142.9999,321.6,1.7,1.3,7/9/2019,1328,Terra,MODIS,100,6.3,293.9,40.3,N,0
-17.1152,143.0774,323.7,1.7,1.3,7/9/2019,1328,Terra,MODIS,100,6.3,295.3,44.9,N,0
-17.192,143.0984,324.3,1.7,1.3,7/9/2019,1328,Terra,MODIS,100,6.3,294.2,46.1,N,0
-12.9736,130.2448,347.5,2.2,1.5,7/9/2019,1330,Terra,MODIS,100,6.3,295.1,185.3,N,0
-12.9712,130.2654,324.8,2.2,1.4,7/9/2019,1330,Terra,MODIS,100,6.3,293.3,73,N,0
-12.4277,130.9954,320,1.9,1.4,7/9/2019,1330,Terra,MODIS,100,6.3,293.6,43.3,N,2
-22.7712,150.6602,323.9,1.7,1.3,7/9/2019,1457,Aqua,MODIS,100,6.3,283.5,52.9,N,0
-22.7742,150.6765,320.7,1.7,1.3,7/9/2019,1457,Aqua,MODIS,100,6.3,284.4,46,N,0
-22.5692,149.3697,327.9,2.1,1.4,7/9/2019,1457,Aqua,MODIS,100,6.3,287.7,84.1,N,0
-28.1628,153.1557,320.7,1.1,1,7/9/2019,1459,Aqua,MODIS,100,6.3,286.3,22.1,N,0
-28.9587,152.3981,326.1,1.1,1,7/9/2019,1459,Aqua,MODIS,100,6.3,286.7,28.9,N,0
-28.9605,152.4092,334.5,1.1,1,7/9/2019,1459,Aqua,MODIS,100,6.3,288.2,40.2,N,0
-28.9622,152.4203,325.7,1.1,1,7/9/2019,1459,Aqua,MODIS,100,6.3,285.9,27.4,N,0
-28.9799,152.53,342.2,1.1,1,7/9/2019,1459,Aqua,MODIS,100,6.3,289.6,54.1,N,0
-28.9817,152.541,385.9,1.1,1,7/9/2019,1459,Aqua,MODIS,100,6.3,297.6,201.5,N,0
-28.9834,152.5518,376.6,1.1,1,7/9/2019,1459,Aqua,MODIS,100,6.3,295.6,158.5,N,0
-28.9837,152.5226,372.3,1.1,1,7/9/2019,1459,Aqua,MODIS,100,6.3,294.6,139.8,N,0
-28.9855,152.5335,383.6,1.1,1,7/9/2019,1459,Aqua,MODIS,100,6.3,301.8,189.1,N,0
-28.9873,152.5445,344.1,1.1,1,7/9/2019,1459,Aqua,MODIS,100,6.3,293.9,57.2,N,0
-28.9891,152.5553,327.2,1.1,1,7/9/2019,1459,Aqua,MODIS,100,6.3,288,29.8,N,0
-28.9587,152.3115,322.2,1.1,1,7/9/2019,1459,Aqua,MODIS,100,6.3,284.8,24.7,N,0
-28.9606,152.3229,332.8,1.1,1,7/9/2019,1459,Aqua,MODIS,100,6.3,285.9,38.7,N,0
-28.9913,152.5098,354.9,1.1,1,7/9/2019,1459,Aqua,MODIS,100,6.3,290.2,81.7,N,0
-28.993,152.5206,379,1.1,1,7/9/2019,1459,Aqua,MODIS,100,6.3,298.6,166.2,N,0
-28.9661,152.2976,333.7,1.1,1,7/9/2019,1459,Aqua,MODIS,100,6.3,287.7,39.8,N,0
-28.9736,152.2842,351,1.1,1,7/9/2019,1459,Aqua,MODIS,100,6.3,289.2,76.1,N,0
-28.981,152.329,330.9,1.1,1,7/9/2019,1459,Aqua,MODIS,100,6.3,286.8,34.8,N,0
-28.9992,152.4404,326,1.1,1,7/9/2019,1459,Aqua,MODIS,100,6.3,285.6,24,N,0
-28.9831,152.2824,340.5,1.1,1,7/9/2019,1459,Aqua,MODIS,100,6.3,287.2,51.7,N,0
-29.0086,152.4385,323.5,1.1,1,7/9/2019,1459,Aqua,MODIS,100,6.3,286.6,22.2,N,0
-29.021,152.5151,380.9,1.1,1,7/9/2019,1459,Aqua,MODIS,100,6.3,295.6,173,N,0
-29.0227,152.5258,360.4,1.1,1,7/9/2019,1459,Aqua,MODIS,100,6.3,294.4,95.4,N,0
-29.0338,152.5349,346.3,1.1,1,7/9/2019,1459,Aqua,MODIS,100,6.3,290.3,62.1,N,0
-29.0343,152.4784,337.8,1.1,1,7/9/2019,1459,Aqua,MODIS,100,6.3,287.9,42.7,N,0
-29.0132,152.2888,343.4,1.1,1,7/9/2019,1459,Aqua,MODIS,100,6.3,284.3,57.8,N,0
-29.0696,152.4199,335.5,1.1,1,7/9/2019,1459,Aqua,MODIS,100,6.3,288.4,38.3,N,0
-29.0715,152.4313,343.6,1.1,1,7/9/2019,1459,Aqua,MODIS,100,6.3,289.6,53.7,N,0
-29.0732,152.442,345,1.1,1,7/9/2019,1459,Aqua,MODIS,100,6.3,291,58.3,N,0
-29.075,152.4529,328.8,1.1,1,7/9/2019,1459,Aqua,MODIS,100,6.3,288.3,31.5,N,0
-29.0644,152.3291,321.2,1.1,1,7/9/2019,1459,Aqua,MODIS,100,6.3,286,22.8,N,0
-29.079,152.4185,332.2,1.1,1,7/9/2019,1459,Aqua,MODIS,100,6.3,288.6,33.9,N,0
-29.0826,152.4404,328.7,1.1,1,7/9/2019,1459,Aqua,MODIS,100,6.3,287.2,31.2,N,0
-29.0844,152.4515,325,1.1,1,7/9/2019,1459,Aqua,MODIS,100,6.3,286.2,27.4,N,0
-29.072,152.3167,325.8,1.1,1,7/9/2019,1459,Aqua,MODIS,100,6.3,283.9,29.8,N,0
-29.0738,152.3274,323.7,1.1,1,7/9/2019,1459,Aqua,MODIS,100,6.3,286.5,26.5,N,0
-29.0884,152.4167,362.2,1.1,1,7/9/2019,1459,Aqua,MODIS,100,6.3,291.8,103.1,N,0
-29.0814,152.3151,324.6,1.1,1,7/9/2019,1459,Aqua,MODIS,100,6.3,283.4,29.4,N,0
-29.0831,152.3255,348.1,1.1,1,7/9/2019,1459,Aqua,MODIS,100,6.3,289.7,70.1,N,0
-29.0996,152.3671,330.4,1.1,1,7/9/2019,1459,Aqua,MODIS,100,6.3,287.2,35.4,N,0
-29.1014,152.3783,344.1,1.1,1,7/9/2019,1459,Aqua,MODIS,100,6.3,289.3,58.9,N,0
-29.5376,153.2063,374.6,1,1,7/9/2019,1459,Aqua,MODIS,100,6.3,288.9,139,N,0
-29.5392,153.2168,371.1,1,1,7/9/2019,1459,Aqua,MODIS,100,6.3,295.6,125.3,N,0
-29.5441,153.2485,371.1,1,1,7/9/2019,1459,Aqua,MODIS,100,6.3,293.9,123.6,N,0
-29.5458,153.259,387.3,1,1,7/9/2019,1459,Aqua,MODIS,100,6.3,299.1,191.9,N,0
-29.5516,153.2362,334.2,1,1,7/9/2019,1459,Aqua,MODIS,100,6.3,289.8,32.1,N,0
-29.5532,153.2467,400.8,1,1,7/9/2019,1459,Aqua,MODIS,100,6.3,300.9,264.3,N,0
-29.5548,153.2572,374.3,1,1,7/9/2019,1459,Aqua,MODIS,100,6.3,297.2,134.4,N,0
-29.5581,153.2782,326.4,1,1,7/9/2019,1459,Aqua,MODIS,100,6.3,289.4,25.9,N,0
-29.5639,153.2607,324,1,1,7/9/2019,1459,Aqua,MODIS,100,6.3,289.9,24.2,N,0
-30.0774,152.2547,340.1,1.1,1,7/9/2019,1459,Aqua,MODIS,100,6.3,283.7,49.3,N,0
-30.083,152.2305,332.5,1.1,1,7/9/2019,1459,Aqua,MODIS,100,6.3,283.4,38.2,N,0
-30.1455,152.3199,337.5,1.1,1,7/9/2019,1459,Aqua,MODIS,100,6.3,285.7,45,N,0
-30.1472,152.3308,350.6,1.1,1,7/9/2019,1459,Aqua,MODIS,100,6.3,286,70.7,N,0
-30.151,152.3123,327.1,1.1,1,7/9/2019,1459,Aqua,MODIS,100,6.3,284.8,30.8,N,0
-30.1785,152.4225,339.3,1.1,1,7/9/2019,1459,Aqua,MODIS,100,6.3,280,50.1,N,0
-30.1854,152.4654,368.3,1.1,1,7/9/2019,1459,Aqua,MODIS,100,6.3,289.7,122.4,N,0
-30.1871,152.4762,338.7,1.1,1,7/9/2019,1459,Aqua,MODIS,100,6.3,286.1,46,N,0
-30.2098,152.6169,338,1,1,7/9/2019,1459,Aqua,MODIS,100,6.3,286.2,46.4,N,0
-30.2115,152.6279,362.7,1,1,7/9/2019,1459,Aqua,MODIS,100,6.3,291.4,103.3,N,0
-30.2133,152.6388,387.8,1,1,7/9/2019,1459,Aqua,MODIS,100,6.3,296.5,203.8,N,0
-30.215,152.6496,376,1,1,7/9/2019,1459,Aqua,MODIS,100,6.3,294.5,150.3,N,0
-30.1442,152.1532,323.4,1.1,1,7/9/2019,1459,Aqua,MODIS,100,6.3,282.7,26.6,N,0
-30.1841,152.3983,327.8,1.1,1,7/9/2019,1459,Aqua,MODIS,100,6.3,278.4,32.6,N,0
-30.1859,152.4093,341.5,1.1,1,7/9/2019,1459,Aqua,MODIS,100,6.3,282.8,53.7,N,0
-30.219,152.6152,346,1,1,7/9/2019,1459,Aqua,MODIS,100,6.3,286.4,61.4,N,0
-30.2207,152.6261,331.8,1,1,7/9/2019,1459,Aqua,MODIS,100,6.3,285.3,36.1,N,0
-30.2178,152.5484,341.9,1.1,1,7/9/2019,1459,Aqua,MODIS,100,6.3,284.9,52.5,N,0
-30.227,152.5464,387,1.1,1,7/9/2019,1459,Aqua,MODIS,100,6.3,296.6,198.1,N,0
-30.2258,152.4794,343.2,1.1,1,7/9/2019,1459,Aqua,MODIS,100,6.3,284.1,54.1,N,0
-30.2275,152.4901,419.1,1.1,1,7/9/2019,1459,Aqua,MODIS,100,6.3,303.9,421.5,N,0
-30.2292,152.5011,344.3,1.1,1,7/9/2019,1459,Aqua,MODIS,100,6.3,286.4,55.6,N,0
-30.2379,152.5553,352.9,1.1,1,7/9/2019,1459,Aqua,MODIS,100,6.3,287.3,72.9,N,0
-30.2454,152.5427,337.7,1.1,1,7/9/2019,1459,Aqua,MODIS,100,6.3,284.6,43.4,N,0
-30.2713,152.5261,325.7,1.1,1,7/9/2019,1459,Aqua,MODIS,100,6.3,282.3,28.4,N,0
-30.2908,152.2544,322,1.1,1,7/9/2019,1459,Aqua,MODIS,100,6.3,279.4,25.3,N,0
-30.3221,152.2701,325.2,1.1,1,7/9/2019,1459,Aqua,MODIS,100,6.3,282.6,29.3,N,0
-30.3239,152.2816,338.4,1.1,1,7/9/2019,1459,Aqua,MODIS,100,6.3,283.6,48.5,N,0
-30.3296,152.2746,338.3,1.1,1,7/9/2019,1459,Aqua,MODIS,100,6.3,284,49.7,N,0
-30.3315,152.2862,325.7,1.1,1,7/9/2019,1459,Aqua,MODIS,100,6.3,281.7,30.7,N,0
-30.8207,152.0448,320.8,1.1,1,7/9/2019,1459,Aqua,MODIS,100,6.3,281.1,24.5,N,0
-31.7415,151.9088,326.6,1.1,1,7/9/2019,1500,Aqua,MODIS,100,6.3,282.7,28.9,N,0
-30.865,121.4905,321.2,1.5,1.2,7/9/2019,1503,Terra,MODIS,100,6.3,282.8,42.5,N,2
-13.3628,130.7944,323.5,1.2,1.1,7/9/2019,1633,Aqua,MODIS,100,6.3,294.1,26.8,N,0
-13.2572,130.7063,343.5,1.2,1.1,7/9/2019,1633,Aqua,MODIS,100,6.3,294.8,64.1,N,0
-16.2098,136.5687,325.5,1.4,1.2,7/9/2019,1634,Aqua,MODIS,100,6.3,290.1,38.8,N,0
-16.2062,136.5754,322.3,1.4,1.2,7/9/2019,1634,Aqua,MODIS,100,6.3,290.6,33.2,N,0
-15.6647,142.2152,384,2.7,1.6,8/9/2019,0021,Terra,MODIS,100,6.3,310.3,671.4,D,0
-17.0939,143.0522,362,2.2,1.4,8/9/2019,0021,Terra,MODIS,100,6.3,308.1,238.6,D,0
-22.6849,150.6616,362.3,1.1,1.1,8/9/2019,0022,Terra,MODIS,100,6.3,303.4,101.2,D,0
-28.9811,152.2706,373,1.6,1.3,8/9/2019,0024,Terra,MODIS,100,6.3,294.8,254,D,0
-14.6749,126.5647,364.4,1,1,8/9/2019,0159,Terra,MODIS,100,6.3,311.8,85.3,D,0
-14.6826,126.5539,361.3,1,1,8/9/2019,0159,Terra,MODIS,100,6.3,310.6,78.5,D,0
-14.684,126.5634,374.7,1,1,8/9/2019,0159,Terra,MODIS,100,6.3,316.1,123.1,D,0
-14.693,126.5619,371.6,1,1,8/9/2019,0159,Terra,MODIS,100,6.3,310.1,113.2,D,0
-14.6958,126.5809,370.9,1,1,8/9/2019,0159,Terra,MODIS,100,6.3,308.4,105.7,D,0
-14.6971,126.5904,381.9,1,1,8/9/2019,0159,Terra,MODIS,100,6.3,313.3,149.2,D,0
-30.074,152.2886,365.1,3.4,1.7,8/9/2019,0304,Aqua,MODIS,100,6.3,296.4,590.8,D,0
-17.1203,143.1213,383.4,3,1.6,8/9/2019,0446,Aqua,MODIS,100,6.3,315.2,747.7,D,0
-17.1201,143.1132,385.9,3,1.6,8/9/2019,0446,Aqua,MODIS,100,6.3,318.1,798.5,D,0
-17.0331,143.0095,371.3,2.9,1.6,8/9/2019,0446,Aqua,MODIS,100,6.3,315.3,485.5,D,0
-17.0538,142.9014,391.9,2.9,1.6,8/9/2019,0446,Aqua,MODIS,100,6.3,319.8,878.3,D,0
-17.0185,143.0066,375.9,2.9,1.6,8/9/2019,0446,Aqua,MODIS,100,6.3,313.9,577.9,D,0
-17.0238,142.9794,361,2.9,1.6,8/9/2019,0446,Aqua,MODIS,100,6.3,315.7,325.4,D,0
-17.034,143.005,370.6,2.9,1.6,8/9/2019,0446,Aqua,MODIS,100,6.3,315.7,474.2,D,0
-17.054,142.8967,393.9,2.9,1.6,8/9/2019,0446,Aqua,MODIS,100,6.3,320.3,928,D,0
-17.0194,143.002,379.1,2.9,1.6,8/9/2019,0446,Aqua,MODIS,100,6.3,315,633.9,D,0
-17.0048,142.999,394.9,2.9,1.6,8/9/2019,0446,Aqua,MODIS,100,6.3,315.7,1010.6,D,0
-17.0099,142.9717,363.8,2.9,1.6,8/9/2019,0446,Aqua,MODIS,100,6.3,314.4,374.3,D,0
-16.0019,136.6868,392.1,1.1,1.1,8/9/2019,0447,Aqua,MODIS,100,6.3,321.2,227.4,D,0
-16.0003,136.6974,364.1,1.1,1.1,8/9/2019,0447,Aqua,MODIS,100,6.3,315.1,92.2,D,0
-16.2136,136.5731,374.9,1.1,1.1,8/9/2019,0447,Aqua,MODIS,100,6.3,318.9,132,D,0
-15.3705,134.1959,380,1,1,8/9/2019,0447,Aqua,MODIS,100,6.3,319.3,130.4,D,0
-15.3692,134.2052,388.2,1,1,8/9/2019,0447,Aqua,MODIS,100,6.3,323.5,167.4,D,0
-13.2549,130.8591,390.4,1.2,1.1,8/9/2019,0448,Aqua,MODIS,100,6.3,320.5,241.1,D,0
-13.2534,130.8705,383.3,1.2,1.1,8/9/2019,0448,Aqua,MODIS,100,6.3,320.9,194.5,D,0
-13.3234,130.7996,364.8,1.2,1.1,8/9/2019,0448,Aqua,MODIS,100,6.3,317.6,105,D,0
-13.0366,136.1185,364.1,1.2,1.1,8/9/2019,0448,Aqua,MODIS,100,6.3,312,102.2,D,0
-13.9881,130.7764,364,1.3,1.1,8/9/2019,0448,Aqua,MODIS,100,6.3,314.3,102.9,D,0
-13.9866,130.7879,364.8,1.3,1.1,8/9/2019,0448,Aqua,MODIS,100,6.3,315.4,107.9,D,0
-12.3186,134.9312,360.1,1.1,1,8/9/2019,0448,Aqua,MODIS,100,6.3,319.2,69.5,D,0
-12.3094,134.9298,362.9,1.1,1,8/9/2019,0448,Aqua,MODIS,100,6.3,318,78.3,D,0
-12.2258,134.9405,362.7,1.1,1,8/9/2019,0448,Aqua,MODIS,100,6.3,316.8,78.1,D,0
-12.4849,133.0229,383.3,1,1,8/9/2019,0448,Aqua,MODIS,100,6.3,315.6,152.2,D,0
-12.2188,134.8056,372.1,1,1,8/9/2019,0448,Aqua,MODIS,100,6.3,315.4,113.4,D,0
-12.2484,133.0695,390.7,1,1,8/9/2019,0448,Aqua,MODIS,100,6.3,326,181,D,0
-12.2497,133.0603,379.2,1,1,8/9/2019,0448,Aqua,MODIS,100,6.3,323,128.8,D,0
-12.2394,133.0682,376.2,1,1,8/9/2019,0448,Aqua,MODIS,100,6.3,320.4,117.9,D,0
-12.2407,133.059,377.3,1,1,8/9/2019,0448,Aqua,MODIS,100,6.3,320.1,122.1,D,0
-11.6673,132.8283,387.7,1,1,8/9/2019,0448,Aqua,MODIS,100,6.3,320.7,169,D,0
-11.648,130.7619,360.1,1.2,1.1,8/9/2019,0448,Aqua,MODIS,100,6.3,314.7,90.1,D,0
-12.269,134.8394,360.1,1,1,8/9/2019,0448,Aqua,MODIS,100,6.3,313.1,73.1,D,0
-12.9968,130.2646,380.9,1.3,1.1,8/9/2019,0448,Aqua,MODIS,100,6.3,306.4,214.9,D,0
-12.9952,130.2767,397.8,1.3,1.1,8/9/2019,0448,Aqua,MODIS,100,6.3,307.2,337.2,D,0
-12.4578,134.1749,364.7,1,1,8/9/2019,0448,Aqua,MODIS,100,6.3,317.5,79.5,D,0
-12.4935,133.992,362,1,1,8/9/2019,0448,Aqua,MODIS,100,6.3,314.4,75.9,D,0
-12.4922,134.0012,361.1,1,1,8/9/2019,0448,Aqua,MODIS,100,6.3,318.3,72.3,D,0
-13.0157,130.2795,372.4,1.3,1.1,8/9/2019,0448,Aqua,MODIS,100,6.3,309,170.8,D,0
-13.0141,130.2916,445.5,1.3,1.1,8/9/2019,0448,Aqua,MODIS,100,6.3,320.2,959.2,D,0
-13.0125,130.3036,360.2,1.3,1.1,8/9/2019,0448,Aqua,MODIS,100,6.3,305.3,112.9,D,0
-12.4759,134.1776,364.6,1,1,8/9/2019,0448,Aqua,MODIS,100,6.3,321,77.3,D,0
-12.4836,134.1882,363.3,1,1,8/9/2019,0448,Aqua,MODIS,100,6.3,319,73.8,D,0
-12.2837,136.628,370.8,1.3,1.1,8/9/2019,0448,Aqua,MODIS,100,6.3,311.9,148.5,D,0
-13.1571,130.8224,362.3,1.2,1.1,8/9/2019,0448,Aqua,MODIS,100,6.3,316.9,94.9,D,0
-13.1576,130.8289,361,1.2,1.1,8/9/2019,0448,Aqua,MODIS,100,6.3,316.1,89,D,0
-13.1923,130.718,371.1,1.2,1.1,8/9/2019,0448,Aqua,MODIS,100,6.3,314.4,141.5,D,0
-13.1908,130.7295,368.1,1.2,1.1,8/9/2019,0448,Aqua,MODIS,100,6.3,316.7,125.1,D,0
-11.6495,130.751,420.7,1.2,1.1,8/9/2019,0448,Aqua,MODIS,100,6.3,325.6,496.3,D,0
-11.2992,132.2407,363.8,1,1,8/9/2019,0448,Aqua,MODIS,100,6.3,315.3,82.9,D,0
-30.8056,152.049,323.3,1.2,1.1,8/9/2019,1229,Terra,MODIS,100,6.3,281.5,30,N,0
-30.8071,152.0361,330,1.2,1.1,8/9/2019,1229,Terra,MODIS,100,6.3,282.5,40,N,0
-30.2228,152.6427,351.6,1.1,1,8/9/2019,1229,Terra,MODIS,100,6.3,287.1,77.8,N,0
-30.233,152.562,326.8,1.1,1.1,8/9/2019,1229,Terra,MODIS,100,6.3,284.6,31.8,N,0
-30.2119,152.6522,337.2,1.1,1,8/9/2019,1229,Terra,MODIS,100,6.3,287,46.7,N,0
-30.2025,152.6504,335.9,1.1,1,8/9/2019,1229,Terra,MODIS,100,6.3,285.7,44.6,N,0
-30.2069,152.6159,342,1.1,1,8/9/2019,1229,Terra,MODIS,100,6.3,287,54.4,N,0
-30.2083,152.6046,343.9,1.1,1,8/9/2019,1229,Terra,MODIS,100,6.3,286.8,59.8,N,0
-30.1752,152.4818,336.2,1.1,1.1,8/9/2019,1229,Terra,MODIS,100,6.3,284.9,46.6,N,0
-30.1389,152.3508,339,1.1,1.1,8/9/2019,1229,Terra,MODIS,100,6.3,284.9,52,N,0
-30.1404,152.3384,339,1.1,1.1,8/9/2019,1229,Terra,MODIS,100,6.3,287.1,50.7,N,0
-30.1308,152.3372,345.9,1.1,1.1,8/9/2019,1229,Terra,MODIS,100,6.3,286.6,66.2,N,0
-30.1324,152.3244,346.9,1.1,1.1,8/9/2019,1229,Terra,MODIS,100,6.3,289.8,66.7,N,0
-30.1213,152.3351,372,1.1,1.1,8/9/2019,1229,Terra,MODIS,100,6.3,287.3,150.2,N,0
-30.1228,152.3229,399.7,1.1,1.1,8/9/2019,1229,Terra,MODIS,100,6.3,297,303.1,N,0
-30.1243,152.3107,332,1.1,1.1,8/9/2019,1229,Terra,MODIS,100,6.3,285.9,39.7,N,0
-30.0603,152.2476,341.7,1.1,1.1,8/9/2019,1229,Terra,MODIS,100,6.3,284.5,57.5,N,0
-31.7447,151.9125,327.9,1.2,1.1,8/9/2019,1229,Terra,MODIS,100,6.3,282.3,39.1,N,0
-29.034,152.5568,325.4,1.1,1,8/9/2019,1230,Terra,MODIS,100,6.3,287.3,28.2,N,0
-29.7592,152.4621,320,1.1,1,8/9/2019,1230,Terra,MODIS,100,6.3,286.6,22.7,N,0
-29.7388,152.4702,336.7,1.1,1,8/9/2019,1230,Terra,MODIS,100,6.3,288.2,44.4,N,0
-29.7255,152.4212,327.3,1.1,1.1,8/9/2019,1230,Terra,MODIS,100,6.3,287.7,30.7,N,0
-29.5588,153.3042,373.4,1,1,8/9/2019,1230,Terra,MODIS,100,6.3,290.6,137.2,N,0
-29.0807,152.4577,390,1.1,1,8/9/2019,1230,Terra,MODIS,100,6.3,294.8,227.3,N,0
-29.0727,152.4447,326.3,1.1,1,8/9/2019,1230,Terra,MODIS,100,6.3,288.3,25.9,N,0
-29.0671,152.449,331.5,1.1,1,8/9/2019,1230,Terra,MODIS,100,6.3,288.7,35.5,N,0
-29.0685,152.4381,332,1.1,1,8/9/2019,1230,Terra,MODIS,100,6.3,288.6,35.8,N,0
-29.07,152.4269,325.5,1.1,1,8/9/2019,1230,Terra,MODIS,100,6.3,287.4,27.7,N,0
-29.0448,152.5474,331.6,1.1,1,8/9/2019,1230,Terra,MODIS,100,6.3,288.4,37.5,N,0
-29.0491,152.5141,339.4,1.1,1,8/9/2019,1230,Terra,MODIS,100,6.3,290.5,49.3,N,0
-29.052,152.4918,321.5,1.1,1,8/9/2019,1230,Terra,MODIS,100,6.3,288.4,23.5,N,0
-29.0534,152.4807,341,1.1,1,8/9/2019,1230,Terra,MODIS,100,6.3,291,52.7,N,0
-29.0548,152.4697,335.3,1.1,1,8/9/2019,1230,Terra,MODIS,100,6.3,290,42.4,N,0
-29.0562,152.4588,338.4,1.1,1,8/9/2019,1230,Terra,MODIS,100,6.3,289.5,47.6,N,0
-29.0577,152.4477,327.4,1.1,1,8/9/2019,1230,Terra,MODIS,100,6.3,287.3,29.7,N,0
-29.0591,152.4365,335.5,1.1,1,8/9/2019,1230,Terra,MODIS,100,6.3,287.8,42.1,N,0
-29.0606,152.4247,334.7,1.1,1,8/9/2019,1230,Terra,MODIS,100,6.3,288.3,41.4,N,0
-28.9955,152.4827,332.8,1.1,1,8/9/2019,1230,Terra,MODIS,100,6.3,289.1,36.2,N,0
-28.9941,152.4941,326.6,1.1,1,8/9/2019,1230,Terra,MODIS,100,6.3,288.7,27.8,N,0
-29.0412,152.5014,338.4,1.1,1,8/9/2019,1230,Terra,MODIS,100,6.3,289.1,47.7,N,0
-29.0397,152.5125,333,1.1,1,8/9/2019,1230,Terra,MODIS,100,6.3,288.6,37.9,N,0
-29.0383,152.5236,320.3,1.1,1,8/9/2019,1230,Terra,MODIS,100,6.3,287.6,21.5,N,0
-28.4204,152.3448,336.1,1.1,1,8/9/2019,1230,Terra,MODIS,100,6.3,285.8,43.9,N,0
-28.6122,151.8898,326.3,1.1,1.1,8/9/2019,1230,Terra,MODIS,100,6.3,282.6,33.3,N,0
-28.6108,151.9017,334.7,1.1,1.1,8/9/2019,1230,Terra,MODIS,100,6.3,283.9,46.4,N,0
-28.6218,151.8913,325.6,1.1,1.1,8/9/2019,1230,Terra,MODIS,100,6.3,283,32.6,N,0
-28.6285,151.9164,358.5,1.1,1.1,8/9/2019,1230,Terra,MODIS,100,6.3,285.9,103.2,N,0
-28.9572,152.3677,335.9,1.1,1,8/9/2019,1230,Terra,MODIS,100,6.3,285.8,43,N,0
-28.9557,152.379,359.6,1.1,1,8/9/2019,1230,Terra,MODIS,100,6.3,289.8,98.4,N,0
-28.9543,152.3902,364.1,1.1,1,8/9/2019,1230,Terra,MODIS,100,6.3,292,112.6,N,0
-28.9529,152.4014,397.8,1.1,1,8/9/2019,1230,Terra,MODIS,100,6.3,301.4,275.7,N,0
-28.9514,152.4126,372.4,1.1,1,8/9/2019,1230,Terra,MODIS,100,6.3,294.1,142.7,N,0
-28.95,152.4237,370.1,1.1,1,8/9/2019,1230,Terra,MODIS,100,6.3,292.4,134.4,N,0
-28.968,152.3581,333.8,1.1,1,8/9/2019,1230,Terra,MODIS,100,6.3,288.4,39.5,N,0
-28.9666,152.3694,348.5,1.1,1,8/9/2019,1230,Terra,MODIS,100,6.3,291.6,68.1,N,0
-28.9623,152.403,339.6,1.1,1,8/9/2019,1230,Terra,MODIS,100,6.3,289.4,49.7,N,0
-28.9609,152.4141,320.7,1.1,1,8/9/2019,1230,Terra,MODIS,100,6.3,287.8,21.2,N,0
-28.9594,152.4252,332.4,1.1,1,8/9/2019,1230,Terra,MODIS,100,6.3,288.4,37.3,N,0
-28.9538,152.4695,331,1.1,1,8/9/2019,1230,Terra,MODIS,100,6.3,288.3,35.1,N,0
-28.989,152.2697,325.9,1.1,1.1,8/9/2019,1230,Terra,MODIS,100,6.3,284.2,30.1,N,0
-28.9984,152.2715,323.3,1.1,1.1,8/9/2019,1230,Terra,MODIS,100,6.3,283.3,27.1,N,0
-28.9712,152.5236,320.8,1.1,1,8/9/2019,1230,Terra,MODIS,100,6.3,286.1,22.7,N,0
-28.9833,152.5033,333.5,1.1,1,8/9/2019,1230,Terra,MODIS,100,6.3,288.7,39.4,N,0
-26.3706,150.6978,325.6,1.2,1.1,8/9/2019,1231,Terra,MODIS,100,6.3,285.2,34.6,N,0
-23.3796,150.5738,332.3,1.2,1.1,8/9/2019,1231,Terra,MODIS,100,6.3,290.3,42.4,N,2
-19.5392,144.007,327.9,2.9,1.6,8/9/2019,1233,Terra,MODIS,100,6.3,288.7,126.8,N,0
-16.9477,142.9841,322.3,3.1,1.7,8/9/2019,1233,Terra,MODIS,100,6.3,293.7,99.9,N,0
-16.9629,142.9857,323,3.1,1.7,8/9/2019,1233,Terra,MODIS,100,6.3,293.4,103.7,N,0
-17.2265,145.1319,340.8,2.2,1.4,8/9/2019,1233,Terra,MODIS,100,6.3,290.2,145.2,N,0
-17.2242,145.1527,321.5,2.2,1.4,8/9/2019,1233,Terra,MODIS,100,6.3,287,65.2,N,0
-19.5378,144.0015,330.3,2.9,1.6,8/9/2019,1233,Terra,MODIS,100,6.3,288.9,143,N,0
-19.5523,144.0036,324.2,2.9,1.6,8/9/2019,1233,Terra,MODIS,100,6.3,287.9,107.6,N,0
-14.1131,130.7136,320.2,1.5,1.2,8/9/2019,1413,Terra,MODIS,100,6.3,296.6,29.3,N,0
-13.9844,130.8013,328.5,1.5,1.2,8/9/2019,1413,Terra,MODIS,100,6.3,295.1,46.7,N,0
-12.9697,130.3101,323.2,1.5,1.2,8/9/2019,1413,Terra,MODIS,100,6.3,293.6,38.3,N,0
-15.3329,141.778,332.4,1.7,1.3,8/9/2019,1538,Aqua,MODIS,100,6.3,292.2,71.6,N,0
-15.3302,141.7622,328.9,1.7,1.3,8/9/2019,1538,Aqua,MODIS,100,6.3,292.8,62,N,0
-19.5037,143.9798,321.8,1.1,1,8/9/2019,1539,Aqua,MODIS,100,6.3,287.2,25.3,N,0
-19.3601,146.5094,324,1,1,8/9/2019,1539,Aqua,MODIS,100,6.3,292.8,23,N,0
-17.0876,143.0953,328.8,1.3,1.1,8/9/2019,1539,Aqua,MODIS,100,6.3,292.8,40.2,N,0
-17.0775,143.0971,339,1.3,1.1,8/9/2019,1539,Aqua,MODIS,100,6.3,293.7,60.7,N,0
-17.0755,143.085,321.8,1.3,1.1,8/9/2019,1539,Aqua,MODIS,100,6.3,291.7,27.8,N,0
-17.0124,142.8742,350.2,1.3,1.2,8/9/2019,1539,Aqua,MODIS,100,6.3,294.5,95,N,0
-17.0164,142.9634,369.9,1.3,1.1,8/9/2019,1539,Aqua,MODIS,100,6.3,300.1,176.1,N,0
-17.0144,142.951,323.9,1.3,1.1,8/9/2019,1539,Aqua,MODIS,100,6.3,291.6,32.5,N,0
-17.0022,142.8761,379.3,1.3,1.2,8/9/2019,1539,Aqua,MODIS,100,6.3,301.3,231,N,0
-17.0001,142.8635,361.6,1.4,1.2,8/9/2019,1539,Aqua,MODIS,100,6.3,295.1,138.5,N,0
-17.0062,142.9652,323.2,1.3,1.1,8/9/2019,1539,Aqua,MODIS,100,6.3,292.7,31.8,N,0
-16.9919,142.8779,326.6,1.3,1.2,8/9/2019,1539,Aqua,MODIS,100,6.3,294.3,35.5,N,0
-16.9898,142.8653,386.4,1.4,1.2,8/9/2019,1539,Aqua,MODIS,100,6.3,302.8,279.5,N,0
-16.9877,142.8527,321.5,1.4,1.2,8/9/2019,1539,Aqua,MODIS,100,6.3,292.1,28.1,N,0
-16.9795,142.8672,390.9,1.4,1.2,8/9/2019,1539,Aqua,MODIS,100,6.3,305.5,312.5,N,0
-19.586,144.0345,339.4,1.1,1,8/9/2019,1539,Aqua,MODIS,100,6.3,285,49.5,N,0
-19.531,143.9906,340.7,1.1,1,8/9/2019,1539,Aqua,MODIS,100,6.3,288.8,51.5,N,0
-19.5249,144.0128,322.1,1.1,1,8/9/2019,1539,Aqua,MODIS,100,6.3,287.6,23.8,N,0
-19.5216,143.9922,351.1,1.1,1,8/9/2019,1539,Aqua,MODIS,100,6.3,292.9,75.6,N,0
-19.52,143.9819,323.6,1.1,1,8/9/2019,1539,Aqua,MODIS,100,6.3,286.7,26.2,N,0
-19.5123,143.9937,334.1,1.1,1,8/9/2019,1539,Aqua,MODIS,100,6.3,291.6,41.5,N,0
-19.5106,143.9835,355.3,1.1,1,8/9/2019,1539,Aqua,MODIS,100,6.3,292.5,87.5,N,0
-19.5053,143.9901,336.3,1.1,1,8/9/2019,1539,Aqua,MODIS,100,6.3,289.7,45.9,N,0
-16.9465,142.86,338.6,1.4,1.2,8/9/2019,1539,Aqua,MODIS,100,6.3,295.5,59.5,N,0
-16.9568,142.8582,376.4,1.4,1.2,8/9/2019,1539,Aqua,MODIS,100,6.3,302.2,211.3,N,0
-16.9671,142.8564,369.9,1.4,1.2,8/9/2019,1539,Aqua,MODIS,100,6.3,298.1,176.7,N,0
-16.9692,142.869,391.9,1.4,1.2,8/9/2019,1539,Aqua,MODIS,100,6.3,306.2,318.6,N,0
-16.9774,142.8546,352.3,1.4,1.2,8/9/2019,1539,Aqua,MODIS,100,6.3,295.1,102.9,N,0
-16.8295,142.7819,327.7,1.4,1.2,8/9/2019,1539,Aqua,MODIS,100,6.3,293.8,40.2,N,0
-16.8941,142.9137,327.7,1.3,1.1,8/9/2019,1539,Aqua,MODIS,100,6.3,293.7,37,N,0
-16.9044,142.9119,333.3,1.3,1.1,8/9/2019,1539,Aqua,MODIS,100,6.3,294,47.7,N,0
-16.9126,142.8975,337.5,1.3,1.2,8/9/2019,1539,Aqua,MODIS,100,6.3,294.7,58.6,N,0
-16.9229,142.8957,341.6,1.3,1.2,8/9/2019,1539,Aqua,MODIS,100,6.3,295.1,67.4,N,0
-16.9332,142.8939,340.5,1.3,1.2,8/9/2019,1539,Aqua,MODIS,100,6.3,294.3,63.5,N,0
-16.9301,142.8888,332.5,1.3,1.2,8/9/2019,1539,Aqua,MODIS,100,6.3,294.1,43.9,N,0
-28.9524,152.4102,322.9,2.8,1.6,8/9/2019,1542,Aqua,MODIS,100,6.3,284.2,98.1,N,0
-28.9477,152.4045,361.9,2.5,1.5,8/9/2019,2329,Terra,MODIS,100,6.3,293.3,348,D,0
-30.1168,152.3508,362.6,2.4,1.5,8/9/2019,2329,Terra,MODIS,100,6.3,286.3,336.2,D,0
-11.1148,142.4221,365.7,1.1,1.1,9/9/2019,0102,Terra,MODIS,100,6.3,306.2,110.5,D,0
-14.283,135.549,362.5,1.4,1.2,9/9/2019,0103,Terra,MODIS,100,6.3,308.4,138.5,D,0
-14.2872,135.5416,375.5,1.4,1.2,9/9/2019,0103,Terra,MODIS,100,6.3,310.5,207.9,D,0
-15.4658,142.097,366.6,1.2,1.1,9/9/2019,0103,Terra,MODIS,100,6.3,313.5,116.4,D,0
-15.5166,142.1014,360.8,1.2,1.1,9/9/2019,0103,Terra,MODIS,100,6.3,311.2,100,D,0
-16.5444,139.3516,362.7,1,1,9/9/2019,0104,Terra,MODIS,100,6.3,308,82.2,D,0
-16.526,139.3513,376.4,1,1,9/9/2019,0104,Terra,MODIS,100,6.3,310.6,130.6,D,0
-16.9295,142.8768,360.2,1.4,1.2,9/9/2019,0104,Terra,MODIS,100,6.3,312.4,117.5,D,0
-30.8013,152.0495,365.5,1,1,9/9/2019,0347,Aqua,MODIS,100,6.3,291.8,98.8,D,0
-30.2698,152.5916,364,1,1,9/9/2019,0347,Aqua,MODIS,100,6.3,297.2,95.8,D,0
-30.2591,152.6004,374.1,1,1,9/9/2019,0347,Aqua,MODIS,100,6.3,298.3,129.8,D,0
-30.2607,152.5898,371.1,1,1,9/9/2019,0347,Aqua,MODIS,100,6.3,298.1,118.3,D,0
-30.2043,152.6055,368.9,1,1,9/9/2019,0347,Aqua,MODIS,100,6.3,296.4,112.4,D,0
-30.2016,152.5614,398.6,1,1,9/9/2019,0347,Aqua,MODIS,100,6.3,301.3,249.2,D,0
-30.1362,152.3788,384.3,1,1,9/9/2019,0347,Aqua,MODIS,100,6.3,292.6,171.8,D,0
-30.1377,152.3684,384.5,1,1,9/9/2019,0347,Aqua,MODIS,100,6.3,289.4,170.8,D,0
-30.1256,152.3875,415.6,1,1,9/9/2019,0347,Aqua,MODIS,100,6.3,304.5,361.1,D,0
-30.1183,152.3112,386,1,1,9/9/2019,0347,Aqua,MODIS,100,6.3,302.6,172.9,D,0
-30.1199,152.3009,365.7,1,1,9/9/2019,0347,Aqua,MODIS,100,6.3,301.7,97.3,D,0
-30.094,152.1717,369.9,1,1,9/9/2019,0347,Aqua,MODIS,100,6.3,294.9,111.8,D,0
-30.0956,152.1612,368.8,1,1,9/9/2019,0347,Aqua,MODIS,100,6.3,293.6,107,D,0
-29.5324,153.3173,379.2,1.1,1,9/9/2019,0347,Aqua,MODIS,100,6.3,302.6,158,D,0
-29.5417,153.3192,392.8,1.1,1,9/9/2019,0347,Aqua,MODIS,100,6.3,305.2,224.9,D,0
-28.9869,152.4865,362.8,1,1,9/9/2019,0348,Aqua,MODIS,100,6.3,299.1,88.8,D,0
-29.133,152.3819,390.1,1,1,9/9/2019,0348,Aqua,MODIS,100,6.3,305.2,199.1,D,0
-29.1223,152.3905,367.6,1,1,9/9/2019,0348,Aqua,MODIS,100,6.3,300,106,D,0
-29.1239,152.3801,366.2,1,1,9/9/2019,0348,Aqua,MODIS,100,6.3,304.4,99.8,D,0
-29.0791,152.49,381.3,1,1,9/9/2019,0348,Aqua,MODIS,100,6.3,296.7,161.8,D,0
-29.0807,152.4794,443.2,1,1,9/9/2019,0348,Aqua,MODIS,100,6.3,318.5,645.5,D,0
-29.0824,152.4688,398.2,1,1,9/9/2019,0348,Aqua,MODIS,100,6.3,307.5,242.3,D,0
-29.0748,152.4566,379.2,1,1,9/9/2019,0348,Aqua,MODIS,100,6.3,300.8,145.1,D,0
-29.0458,152.5312,379.2,1,1,9/9/2019,0348,Aqua,MODIS,100,6.3,300.9,149.8,D,0
-29.0474,152.5206,366.7,1,1,9/9/2019,0348,Aqua,MODIS,100,6.3,301.1,103.6,D,0
-29.049,152.51,361.2,1,1,9/9/2019,0348,Aqua,MODIS,100,6.3,300.2,86.6,D,0
-29.0506,152.4995,363.6,1,1,9/9/2019,0348,Aqua,MODIS,100,6.3,302.9,92.9,D,0
-29.0303,152.5717,360.1,1,1,9/9/2019,0348,Aqua,MODIS,100,6.3,300.1,85.2,D,0
-28.9992,152.4676,363.3,1,1,9/9/2019,0348,Aqua,MODIS,100,6.3,299.6,91.3,D,0
-28.9713,152.5271,371.8,1,1,9/9/2019,0348,Aqua,MODIS,100,6.3,302.3,119.6,D,0
-28.9729,152.5165,376.6,1,1,9/9/2019,0348,Aqua,MODIS,100,6.3,302.5,136.1,D,0
-28.9746,152.5059,397,1,1,9/9/2019,0348,Aqua,MODIS,100,6.3,306.9,235.3,D,0
-28.9762,152.4952,367.4,1,1,9/9/2019,0348,Aqua,MODIS,100,6.3,300.6,102.8,D,0
-28.9488,152.5059,391.5,1,1,9/9/2019,0348,Aqua,MODIS,100,6.3,301.8,209.4,D,0
-28.9504,152.4954,412.3,1,1,9/9/2019,0348,Aqua,MODIS,100,6.3,315.5,342.4,D,0
-28.952,152.485,369.9,1,1,9/9/2019,0348,Aqua,MODIS,100,6.3,307,115.3,D,0
-28.9604,152.3674,370.9,1,1,9/9/2019,0348,Aqua,MODIS,100,6.3,302.8,115.9,D,0
-28.9619,152.3569,386.2,1,1,9/9/2019,0348,Aqua,MODIS,100,6.3,305.7,179.8,D,0
-28.9635,152.3463,388.2,1,1,9/9/2019,0348,Aqua,MODIS,100,6.3,304,189.7,D,0
-28.9651,152.3357,362.7,1,1,9/9/2019,0348,Aqua,MODIS,100,6.3,296.2,92.2,D,0
-28.9434,152.418,405.6,1,1,9/9/2019,0348,Aqua,MODIS,100,6.3,302,291.6,D,0
-28.945,152.4075,418.5,1,1,9/9/2019,0348,Aqua,MODIS,100,6.3,314.2,387.6,D,0
-28.9465,152.397,362.4,1,1,9/9/2019,0348,Aqua,MODIS,100,6.3,302.4,87,D,0
-28.9481,152.3865,378.5,1,1,9/9/2019,0348,Aqua,MODIS,100,6.3,301.6,144.4,D,0
-28.9497,152.376,375,1,1,9/9/2019,0348,Aqua,MODIS,100,6.3,298,130.8,D,0
-28.9513,152.3656,363.2,1,1,9/9/2019,0348,Aqua,MODIS,100,6.3,296.3,91.4,D,0
-28.9529,152.3551,406,1,1,9/9/2019,0348,Aqua,MODIS,100,6.3,303.8,294.4,D,0
-28.9545,152.3445,374.7,1,1,9/9/2019,0348,Aqua,MODIS,100,6.3,300.6,131.7,D,0
-28.9359,152.4057,372.2,1,1,9/9/2019,0348,Aqua,MODIS,100,6.3,296.9,123.6,D,0
-28.9374,152.3953,414.6,1,1,9/9/2019,0348,Aqua,MODIS,100,6.3,308.3,357.9,D,0
-28.8151,151.8575,383.2,1,1,9/9/2019,0348,Aqua,MODIS,100,6.3,304.8,164,D,0
-27.2447,152.4379,375.5,1,1,9/9/2019,0348,Aqua,MODIS,100,6.3,305.8,137.5,D,0
-27.2463,152.4274,380.3,1,1,9/9/2019,0348,Aqua,MODIS,100,6.3,310.3,157.8,D,0
-26.3713,150.7045,399.1,1,1,9/9/2019,0348,Aqua,MODIS,100,6.3,312.2,239.9,D,0
-26.3727,150.6945,381.6,1,1,9/9/2019,0348,Aqua,MODIS,100,6.3,314,151.5,D,0
-22.6109,149.37,362.3,1,1,9/9/2019,0349,Aqua,MODIS,100,6.3,303.7,83.1,D,0
-22.6332,150.4926,363.5,1,1,9/9/2019,0349,Aqua,MODIS,100,6.3,314.5,85.6,D,0
-22.6303,150.5122,360.7,1,1,9/9/2019,0349,Aqua,MODIS,100,6.3,311.4,78,D,0
-22.6438,150.6616,366,1,1,9/9/2019,0349,Aqua,MODIS,100,6.3,307.6,97.2,D,0
-22.6424,150.6714,446.1,1,1,9/9/2019,0349,Aqua,MODIS,100,6.3,322.8,672.8,D,0
-22.6409,150.6814,372.5,1,1,9/9/2019,0349,Aqua,MODIS,100,6.3,298.8,122.4,D,0
-22.6529,150.6632,407.5,1,1,9/9/2019,0349,Aqua,MODIS,100,6.3,322.1,298.1,D,0
-22.6515,150.673,427.1,1,1,9/9/2019,0349,Aqua,MODIS,100,6.3,322.1,463.1,D,0
-22.662,150.6648,362.3,1,1,9/9/2019,0349,Aqua,MODIS,100,6.3,310.2,82.5,D,0
-22.671,150.6664,366.3,1,1,9/9/2019,0349,Aqua,MODIS,100,6.3,306.7,94.6,D,0
-23.8242,151.1462,374.6,1,1,9/9/2019,0349,Aqua,MODIS,100,6.3,315.2,127.1,D,0
-23.8227,151.1562,397.6,1,1,9/9/2019,0349,Aqua,MODIS,100,6.3,319.9,238.4,D,0
-19.5019,143.9475,361.1,1.7,1.3,9/9/2019,0350,Aqua,MODIS,100,6.3,306.3,169.3,D,0
-19.5001,143.9635,412.2,1.7,1.3,9/9/2019,0350,Aqua,MODIS,100,6.3,314.4,684.5,D,0
-19.5115,143.965,360.2,1.7,1.3,9/9/2019,0350,Aqua,MODIS,100,6.3,309.4,160.5,D,0
-19.5194,143.9974,367.5,1.7,1.3,9/9/2019,0350,Aqua,MODIS,100,6.3,309.3,207.7,D,0
-19.5613,144.0268,360.1,1.7,1.3,9/9/2019,0350,Aqua,MODIS,100,6.3,309.3,150.1,D,0
-19.5499,144.025,366.1,1.7,1.3,9/9/2019,0350,Aqua,MODIS,100,6.3,307.7,187.5,D,0
-15.9612,144.4616,369.4,1.4,1.2,9/9/2019,0351,Aqua,MODIS,100,6.3,308.1,165,D,0
-13.1909,142.8652,380.1,1.6,1.3,9/9/2019,0352,Aqua,MODIS,100,6.3,313.4,286.4,D,0
-13.1928,142.8504,367.2,1.6,1.3,9/9/2019,0352,Aqua,MODIS,100,6.3,311.3,193.5,D,0
-12.8012,143.3306,369,1.5,1.2,9/9/2019,0352,Aqua,MODIS,100,6.3,307.3,184.7,D,0
-12.735,143.1339,365.8,1.5,1.2,9/9/2019,0352,Aqua,MODIS,100,6.3,307.4,174.8,D,0
-12.773,142.0309,366.7,1.8,1.3,9/9/2019,0352,Aqua,MODIS,100,6.3,308.3,231.3,D,0
-12.2844,141.7973,364.6,1.9,1.3,9/9/2019,0352,Aqua,MODIS,100,6.3,308.4,227.6,D,0
-29.4303,130.3092,367.2,1.3,1.1,9/9/2019,0526,Aqua,MODIS,100,6.3,315.9,129.1,D,0
-21.125,118.8242,385.2,1.9,1.3,9/9/2019,0529,Aqua,MODIS,100,6.3,313.8,395.1,D,0
-21.1184,118.8349,377.3,1.9,1.3,9/9/2019,0529,Aqua,MODIS,100,6.3,316.8,312.1,D,0
-21.1205,118.8167,367.4,1.9,1.3,9/9/2019,0529,Aqua,MODIS,100,6.3,313.3,226.3,D,0
-13.7532,130.6663,367.4,2.6,1.6,9/9/2019,0530,Aqua,MODIS,100,6.3,316.2,372.1,D,0
-30.0885,152.3808,328.2,2.5,1.5,9/9/2019,1312,Terra,MODIS,100,6.3,277.9,115,N,0
-30.1919,152.5653,323.7,2.6,1.5,9/9/2019,1312,Terra,MODIS,100,6.3,280.8,93.8,N,0
-30.0989,152.3315,335.2,2.5,1.5,9/9/2019,1312,Terra,MODIS,100,6.3,280.8,145.2,N,0
-30.1033,152.3109,327.9,2.5,1.5,9/9/2019,1312,Terra,MODIS,100,6.3,281.5,109.3,N,0
-30.0931,152.3238,320,2.5,1.5,9/9/2019,1312,Terra,MODIS,100,6.3,278.7,81,N,0
-26.4882,153.073,337.9,3.4,1.7,9/9/2019,1313,Terra,MODIS,100,6.3,285.2,251.6,N,0
-26.4809,153.107,323.5,3.4,1.7,9/9/2019,1313,Terra,MODIS,100,6.3,287.1,132.1,N,3
-26.482,153.0766,339,3.4,1.7,9/9/2019,1313,Terra,MODIS,100,6.3,285.1,261.6,N,0
-28.914,152.4246,335.7,2.7,1.6,9/9/2019,1313,Terra,MODIS,100,6.3,283.3,166.9,N,0
-28.9168,152.4325,338.1,2.7,1.6,9/9/2019,1313,Terra,MODIS,100,6.3,284.2,177.6,N,0
-28.9488,152.3522,326,2.7,1.6,9/9/2019,1313,Terra,MODIS,100,6.3,281.8,107.4,N,0
-22.5878,150.6679,360.1,2.8,1.6,9/9/2019,1314,Terra,MODIS,100,6.3,289.6,401.4,N,0
-22.6022,150.6712,401.6,2.8,1.6,9/9/2019,1314,Terra,MODIS,100,6.3,300.8,1201.6,N,0
-22.6217,150.648,342.6,2.8,1.6,9/9/2019,1314,Terra,MODIS,100,6.3,289.8,223.9,N,0
-22.6164,150.6749,352.9,2.8,1.6,9/9/2019,1314,Terra,MODIS,100,6.3,294.8,318.5,N,0
-22.636,150.6513,343.9,2.8,1.6,9/9/2019,1314,Terra,MODIS,100,6.3,289.9,231.9,N,0
-22.6307,150.6782,325.8,2.8,1.6,9/9/2019,1314,Terra,MODIS,100,6.3,290.1,112.3,N,0
-22.6451,150.6812,331.6,2.8,1.6,9/9/2019,1314,Terra,MODIS,100,6.3,289.2,142.5,N,0
-22.609,150.6512,376.2,2.8,1.6,9/9/2019,1314,Terra,MODIS,100,6.3,291.5,632.6,N,0
-22.6035,150.6779,392.3,2.8,1.6,9/9/2019,1314,Terra,MODIS,100,6.3,299.4,962,N,0
-22.6233,150.6546,357,2.8,1.6,9/9/2019,1314,Terra,MODIS,100,6.3,291.9,361.1,N,0
-22.6178,150.6815,339.7,2.8,1.6,9/9/2019,1314,Terra,MODIS,100,6.3,291.9,199.2,N,0
-22.6376,150.6577,345,2.8,1.6,9/9/2019,1314,Terra,MODIS,100,6.3,291.1,238.3,N,0
-22.652,150.6607,321.2,2.8,1.6,9/9/2019,1314,Terra,MODIS,100,6.3,288.2,91.7,N,0
-22.6466,150.6877,333.6,2.8,1.6,9/9/2019,1314,Terra,MODIS,100,6.3,288.1,158,N,0
-19.5012,144.0069,331.1,1.2,1.1,9/9/2019,1315,Terra,MODIS,100,6.3,288.5,37.4,N,0
-19.5274,143.9658,332.1,1.2,1.1,9/9/2019,1315,Terra,MODIS,100,6.3,288.2,39.5,N,0
-19.537,143.9677,327.1,1.2,1.1,9/9/2019,1315,Terra,MODIS,100,6.3,287.6,31.6,N,0
-19.5466,143.9694,339.9,1.2,1.1,9/9/2019,1315,Terra,MODIS,100,6.3,289.4,54.4,N,0
-19.4158,147.0118,323.8,1.8,1.3,9/9/2019,1315,Terra,MODIS,100,6.3,292.1,53.8,N,0
-19.4771,143.9513,325.3,1.2,1.1,9/9/2019,1315,Terra,MODIS,100,6.3,288.4,30.4,N,0
-19.489,143.9592,343.8,1.2,1.1,9/9/2019,1315,Terra,MODIS,100,6.3,290.8,61.1,N,0
-19.4915,144.0052,336.4,1.2,1.1,9/9/2019,1315,Terra,MODIS,100,6.3,290.4,46.4,N,0
-17.2359,145.104,323.3,1.5,1.2,9/9/2019,1316,Terra,MODIS,100,6.3,287.2,40.9,N,0
-17.2466,145.1056,326.8,1.5,1.2,9/9/2019,1316,Terra,MODIS,100,6.3,289.8,46.9,N,0
-12.9241,141.6663,333.9,1.1,1,9/9/2019,1317,Terra,MODIS,100,6.3,291.9,38.1,N,2
-12.9173,141.6688,326.8,1.1,1,9/9/2019,1317,Terra,MODIS,100,6.3,291.5,28.1,N,0
-12.9187,141.659,324.7,1.1,1,9/9/2019,1317,Terra,MODIS,100,6.3,291.8,25.4,N,0
-15.5881,142.2125,339.7,1.1,1,9/9/2019,1317,Terra,MODIS,100,6.3,293.7,48,N,0
-15.5866,142.2224,327.6,1.1,1,9/9/2019,1317,Terra,MODIS,100,6.3,293.2,28.4,N,0
-15.5773,142.2209,324,1.1,1,9/9/2019,1317,Terra,MODIS,100,6.3,292.2,23.2,N,0
-15.5666,142.2294,325.9,1.1,1,9/9/2019,1317,Terra,MODIS,100,6.3,293.7,25.3,N,0
-15.5573,142.2278,362.5,1.1,1,9/9/2019,1317,Terra,MODIS,100,6.3,297,102.1,N,0
-15.5588,142.2179,346.7,1.1,1,9/9/2019,1317,Terra,MODIS,100,6.3,293.9,60,N,0
-15.5294,142.2233,351.4,1.1,1,9/9/2019,1317,Terra,MODIS,100,6.3,295.4,71.2,N,0
-15.5186,142.2317,336.5,1.1,1,9/9/2019,1317,Terra,MODIS,100,6.3,294.5,40.2,N,0
-15.4899,142.1906,335.5,1.1,1,9/9/2019,1317,Terra,MODIS,100,6.3,295.7,38.4,N,0
-15.4806,142.189,355.9,1.1,1,9/9/2019,1317,Terra,MODIS,100,6.3,297,83.3,N,0
-15.4821,142.1791,321.5,1.1,1,9/9/2019,1317,Terra,MODIS,100,6.3,292.8,20.3,N,0
-15.4001,142.0481,328.5,1.1,1,9/9/2019,1317,Terra,MODIS,100,6.3,292.9,28.8,N,0
-11.7965,142.6737,332.1,1.2,1.1,9/9/2019,1318,Terra,MODIS,100,6.3,291.7,43.7,N,0
-22.6218,150.6521,323.7,2.8,1.6,9/9/2019,1445,Aqua,MODIS,100,6.3,287.9,104.7,N,0
-22.5763,150.6754,377.6,2.8,1.6,9/9/2019,1445,Aqua,MODIS,100,6.3,295.9,661.8,N,0
-22.5816,150.7023,323.7,2.8,1.6,9/9/2019,1445,Aqua,MODIS,100,6.3,290.1,104.3,N,0
-22.5648,150.6734,360.7,2.8,1.6,9/9/2019,1445,Aqua,MODIS,100,6.3,291.9,408.8,N,0
-22.5703,150.7003,329.9,2.8,1.6,9/9/2019,1445,Aqua,MODIS,100,6.3,290.7,137,N,0
-22.5791,150.6703,371.3,2.8,1.6,9/9/2019,1445,Aqua,MODIS,100,6.3,293.4,555.9,N,0
-22.5845,150.697,342.5,2.8,1.6,9/9/2019,1445,Aqua,MODIS,100,6.3,293,222.5,N,0
-22.5935,150.6673,354.9,2.8,1.6,9/9/2019,1445,Aqua,MODIS,100,6.3,292,339.1,N,0
-22.5988,150.6938,336.5,2.8,1.6,9/9/2019,1445,Aqua,MODIS,100,6.3,292.7,176.3,N,0
-22.6077,150.6635,327.7,2.8,1.6,9/9/2019,1445,Aqua,MODIS,100,6.3,289.1,121.2,N,0
-26.478,153.0966,346.4,1.6,1.2,9/9/2019,1446,Aqua,MODIS,100,6.3,288.2,109.8,N,3
-28.9043,152.4301,322.1,1.6,1.2,9/9/2019,1447,Aqua,MODIS,100,6.3,282,44.2,N,0
-28.9072,152.4457,337.3,1.6,1.2,9/9/2019,1447,Aqua,MODIS,100,6.3,284.3,81.7,N,0
-28.9154,152.4277,345.9,1.6,1.2,9/9/2019,1447,Aqua,MODIS,100,6.3,286.5,110.1,N,0
-28.9183,152.4433,328.5,1.6,1.2,9/9/2019,1447,Aqua,MODIS,100,6.3,284.4,56.7,N,0
-28.9326,152.5217,323.3,1.6,1.2,9/9/2019,1447,Aqua,MODIS,100,6.3,284.6,44.4,N,0
-28.9436,152.5189,331.5,1.6,1.2,9/9/2019,1447,Aqua,MODIS,100,6.3,286.8,60.9,N,0
-28.9169,152.437,338.1,1.6,1.2,9/9/2019,1447,Aqua,MODIS,100,6.3,288.1,81.2,N,0
-28.9318,152.5153,328.2,1.6,1.2,9/9/2019,1447,Aqua,MODIS,100,6.3,284.7,53.5,N,0
-28.9381,152.366,329,1.6,1.2,9/9/2019,1447,Aqua,MODIS,100,6.3,283.3,57.9,N,0
-29.0388,152.5377,331.2,1.5,1.2,9/9/2019,1447,Aqua,MODIS,100,6.3,283.8,61.8,N,0
-29.04,152.5318,334.2,1.5,1.2,9/9/2019,1447,Aqua,MODIS,100,6.3,284.6,70.1,N,0
-29.048,152.5139,322.9,1.5,1.2,9/9/2019,1447,Aqua,MODIS,100,6.3,284.2,41.8,N,0
-29.0509,152.529,348.3,1.5,1.2,9/9/2019,1447,Aqua,MODIS,100,6.3,285.9,114.5,N,0
-29.0641,152.4775,331.6,1.6,1.2,9/9/2019,1447,Aqua,MODIS,100,6.3,286.2,61,N,0
-30.0876,152.3774,326.1,1.5,1.2,9/9/2019,1447,Aqua,MODIS,100,6.3,278.4,49.2,N,0
-30.0905,152.3929,343,1.5,1.2,9/9/2019,1447,Aqua,MODIS,100,6.3,282.2,93.7,N,0
-30.1052,152.3333,327.2,1.5,1.2,9/9/2019,1447,Aqua,MODIS,100,6.3,281.8,49.1,N,0
-30.1856,152.5831,371.2,1.5,1.2,9/9/2019,1447,Aqua,MODIS,100,6.3,288.8,210.9,N,0
-30.2362,152.6172,327.6,1.4,1.2,9/9/2019,1447,Aqua,MODIS,100,6.3,282.2,48.1,N,0
-33.8108,122.7066,323.7,1.1,1,9/9/2019,1450,Terra,MODIS,100,6.3,286.2,26.7,N,0
-14.4255,126.8006,324.6,3.7,1.8,9/9/2019,1622,Aqua,MODIS,100,6.3,288.8,149.1,N,0
-14.4415,126.7975,334.3,3.7,1.8,9/9/2019,1622,Aqua,MODIS,100,6.3,289.4,227.8,N,0
-14.4477,126.8307,321.8,3.6,1.8,9/9/2019,1622,Aqua,MODIS,100,6.3,288.2,125.5,N,0
-14.4315,126.7917,333.7,3.7,1.8,9/9/2019,1622,Aqua,MODIS,100,6.3,290.5,218.8,N,0
-14.4379,126.8248,323.3,3.6,1.8,9/9/2019,1622,Aqua,MODIS,100,6.3,289.1,132.3,N,0
-22.6341,150.6476,382.2,1,1,10/9/2019,0010,Terra,MODIS,100,6.3,306.7,150.8,D,0
-22.5184,150.67,372.4,1,1,10/9/2019,0010,Terra,MODIS,100,6.3,297.4,127.5,D,3
-22.4916,150.2611,365.8,1,1,10/9/2019,0010,Terra,MODIS,100,6.3,300.8,99.5,D,0
-22.6507,150.6952,457.3,1,1,10/9/2019,0010,Terra,MODIS,100,6.3,329.9,815.9,D,0
-22.6522,150.705,431.2,1,1,10/9/2019,0010,Terra,MODIS,100,6.3,322.7,498.9,D,0
-22.6537,150.7148,368.3,1,1,10/9/2019,0010,Terra,MODIS,100,6.3,301.8,107.1,D,0
-22.6583,150.6839,397.3,1,1,10/9/2019,0010,Terra,MODIS,100,6.3,303.9,230.5,D,0
-22.6598,150.6936,453.3,1,1,10/9/2019,0010,Terra,MODIS,100,6.3,327.5,760.8,D,0
-22.6673,150.6823,375.7,1,1,10/9/2019,0010,Terra,MODIS,100,6.3,300.6,130.7,D,0
-22.6688,150.6921,408.9,1,1,10/9/2019,0010,Terra,MODIS,100,6.3,311.5,310.3,D,0
-22.6779,150.6905,367.1,1,1,10/9/2019,0010,Terra,MODIS,100,6.3,300.7,102.6,D,0
-23.3702,150.5803,363.3,1,1,10/9/2019,0010,Terra,MODIS,100,6.3,300.7,90.6,D,0
-28.9063,152.4287,374.4,1.1,1.1,10/9/2019,0012,Terra,MODIS,100,6.3,300.2,153.6,D,0
-28.9143,152.4154,378.5,1.1,1.1,10/9/2019,0012,Terra,MODIS,100,6.3,298.6,171.1,D,0
-28.9158,152.4271,386.3,1.1,1.1,10/9/2019,0012,Terra,MODIS,100,6.3,303.3,209.9,D,0
-30.1777,152.5854,370,1.2,1.1,10/9/2019,0012,Terra,MODIS,100,6.3,293.6,145.8,D,0
-30.1859,152.571,362.4,1.2,1.1,10/9/2019,0012,Terra,MODIS,100,6.3,291.7,114.4,D,0
-11.636,132.8307,369.3,1.3,1.1,10/9/2019,0146,Terra,MODIS,100,6.3,317.1,153.8,D,0
-11.7271,130.5675,370.7,1,1,10/9/2019,0146,Terra,MODIS,100,6.3,313.6,115.5,D,0
-11.7362,130.5661,385.8,1,1,10/9/2019,0146,Terra,MODIS,100,6.3,315.2,178.5,D,0
-12.1785,132.936,360.7,1.4,1.2,10/9/2019,0146,Terra,MODIS,100,6.3,313.7,125.1,D,0
-12.9554,130.2841,367.8,1,1,10/9/2019,0146,Terra,MODIS,100,6.3,319.5,99.3,D,0
-12.9646,130.2828,361.2,1,1,10/9/2019,0146,Terra,MODIS,100,6.3,316,76.3,D,0
-13.2202,130.72,373.8,1.1,1,10/9/2019,0146,Terra,MODIS,100,6.3,313.4,130.2,D,0
-13.2216,130.7298,366.9,1.1,1,10/9/2019,0146,Terra,MODIS,100,6.3,314.8,103,D,0
-13.2716,130.8391,386.4,1.1,1,10/9/2019,0146,Terra,MODIS,100,6.3,319.9,186,D,0
-13.273,130.8492,365.4,1.1,1,10/9/2019,0146,Terra,MODIS,100,6.3,318.5,96.9,D,0
-14.1329,130.743,367,1.1,1,10/9/2019,0146,Terra,MODIS,100,6.3,315.6,107,D,0
-14.0557,129.8784,364.2,1,1,10/9/2019,0146,Terra,MODIS,100,6.3,311.1,89.5,D,0
-14.0571,129.8879,391.7,1,1,10/9/2019,0146,Terra,MODIS,100,6.3,317.6,204.8,D,0
-14.0621,129.8581,363.8,1,1,10/9/2019,0146,Terra,MODIS,100,6.3,306.8,89.9,D,0
-14.0635,129.8676,381.3,1,1,10/9/2019,0146,Terra,MODIS,100,6.3,315.9,154.5,D,0
-14.0753,129.8852,390.1,1,1,10/9/2019,0146,Terra,MODIS,100,6.3,313.9,198,D,0
-14.0767,129.8947,404.7,1,1,10/9/2019,0146,Terra,MODIS,100,6.3,323.3,284.3,D,0
-14.078,129.9042,399.6,1,1,10/9/2019,0146,Terra,MODIS,100,6.3,324.6,250.9,D,0
-14.0814,129.7972,368.4,1,1,10/9/2019,0146,Terra,MODIS,100,6.3,311.9,105.2,D,0
-14.4128,126.7225,382.4,1.1,1,10/9/2019,0147,Terra,MODIS,100,6.3,315.9,167.1,D,0
-14.3985,126.6933,369.9,1.1,1,10/9/2019,0147,Terra,MODIS,100,6.3,310.6,118.2,D,0
-14.4001,126.7034,418.6,1.1,1,10/9/2019,0147,Terra,MODIS,100,6.3,324.4,425.2,D,0
-14.4017,126.7137,374.7,1.1,1,10/9/2019,0147,Terra,MODIS,100,6.3,319.1,135.1,D,0
-14.4113,126.7744,362.7,1.1,1,10/9/2019,0147,Terra,MODIS,100,6.3,315.2,87.4,D,0
-14.4143,126.7325,363,1.1,1,10/9/2019,0147,Terra,MODIS,100,6.3,314.7,87.4,D,0
-17.0458,125.1813,380.9,1.2,1.1,10/9/2019,0147,Terra,MODIS,100,6.3,316.9,192.1,D,0
-17.0556,125.1794,363.8,1.2,1.1,10/9/2019,0147,Terra,MODIS,100,6.3,317.1,111,D,0
-14.0886,129.8935,361.4,2.4,1.5,10/9/2019,0435,Aqua,MODIS,100,6.3,313.4,280.1,D,0
-15.4409,135.3758,360.3,1.1,1,10/9/2019,0435,Aqua,MODIS,100,6.3,317.4,76.6,D,0
-14.7773,134.9257,363.4,1.1,1.1,10/9/2019,0435,Aqua,MODIS,100,6.3,314.8,99,D,0
-14.2136,136.4931,360.2,1,1,10/9/2019,0435,Aqua,MODIS,100,6.3,308,76.8,D,0
-14.2059,136.4825,384.7,1,1,10/9/2019,0435,Aqua,MODIS,100,6.3,311.5,164,D,0
-12.6636,136.4015,363.6,1,1,10/9/2019,0435,Aqua,MODIS,100,6.3,313.1,83.9,D,0
-12.6623,136.4106,371.3,1,1,10/9/2019,0435,Aqua,MODIS,100,6.3,312.2,108.7,D,0
-12.9886,134.8007,381,1.1,1,10/9/2019,0435,Aqua,MODIS,100,6.3,319.7,160.3,D,0
-12.9872,134.8108,367.2,1.1,1,10/9/2019,0435,Aqua,MODIS,100,6.3,318.4,100.9,D,0
-11.401,132.4924,365.4,1.4,1.2,10/9/2019,0436,Aqua,MODIS,100,6.3,314,149.9,D,0
-11.3966,132.485,372.7,1.4,1.2,10/9/2019,0436,Aqua,MODIS,100,6.3,315.1,193.4,D,0
-11.4181,130.7975,360.1,1.9,1.3,10/9/2019,0436,Aqua,MODIS,100,6.3,312.2,186.5,D,0
-12.4969,135.7635,361,1,1,10/9/2019,0436,Aqua,MODIS,100,6.3,317.4,74.6,D,0
-12.3539,135.8597,370.2,1,1,10/9/2019,0436,Aqua,MODIS,100,6.3,316.5,103.9,D,0
-12.3721,135.0709,371,1.1,1,10/9/2019,0436,Aqua,MODIS,100,6.3,310.8,115.7,D,0
-12.4484,133.9738,363.2,1.2,1.1,10/9/2019,0436,Aqua,MODIS,100,6.3,315,102.8,D,0
-12.2181,134.785,360.1,1.1,1,10/9/2019,0436,Aqua,MODIS,100,6.3,314.9,79.4,D,0
-11.0272,142.5595,382.1,2.1,1.4,10/9/2019,0436,Aqua,MODIS,100,6.3,307.7,442.6,D,0
-11.026,142.5521,367.3,2.1,1.4,10/9/2019,0436,Aqua,MODIS,100,6.3,306.5,290.1,D,0
-23.4378,114.2043,371.2,1,1,10/9/2019,0611,Aqua,MODIS,100,6.3,314,103.1,D,0
-29.6018,153.2924,324.3,1.4,1.2,10/9/2019,1217,Terra,MODIS,100,6.3,285.7,39.9,N,0
-29.591,153.291,327.2,1.4,1.2,10/9/2019,1217,Terra,MODIS,100,6.3,287.1,45.5,N,0
-29.5886,153.2145,333.7,1.4,1.2,10/9/2019,1217,Terra,MODIS,100,6.3,286.7,61.5,N,0
-29.0196,152.2641,328.5,1.6,1.3,10/9/2019,1217,Terra,MODIS,100,6.3,281,61,N,0
-30.1394,152.4204,331.2,1.6,1.3,10/9/2019,1217,Terra,MODIS,100,6.3,279,71.4,N,0
-30.0842,152.3935,328.6,1.7,1.3,10/9/2019,1217,Terra,MODIS,100,6.3,282,64.7,N,0
-30.0858,152.3767,327.8,1.7,1.3,10/9/2019,1217,Terra,MODIS,100,6.3,281,61.9,N,0
-30.0893,152.3419,323.1,1.7,1.3,10/9/2019,1217,Terra,MODIS,100,6.3,280.9,49.5,N,0
-28.9432,152.347,320.1,1.6,1.2,10/9/2019,1217,Terra,MODIS,100,6.3,282.6,41.8,N,0
-23.3581,150.5813,321.9,1.8,1.3,10/9/2019,1219,Terra,MODIS,100,6.3,288.5,48.2,N,0
-24.5016,151.7774,328.8,1.5,1.2,10/9/2019,1219,Terra,MODIS,100,6.3,285.9,54.2,N,0
-23.0767,150.666,322,1.7,1.3,10/9/2019,1219,Terra,MODIS,100,6.3,283.9,51.9,N,0
-23.0812,150.66,324.2,1.7,1.3,10/9/2019,1219,Terra,MODIS,100,6.3,283.8,56.8,N,0
-17.9118,145.4813,333.4,3.6,1.8,10/9/2019,1221,Terra,MODIS,100,6.3,286.8,231.3,N,0
-17.904,145.4859,327.5,3.6,1.8,10/9/2019,1221,Terra,MODIS,100,6.3,285.6,182.8,N,0
-13.3774,130.8091,328.9,1.1,1,10/9/2019,1400,Terra,MODIS,100,6.3,293.5,28.4,N,0
-17.0103,125.1506,328.9,1.6,1.3,10/9/2019,1400,Terra,MODIS,100,6.3,296.4,50.3,N,0
-17.0118,125.1447,327.9,1.6,1.3,10/9/2019,1400,Terra,MODIS,100,6.3,297,50.4,N,0
-17.0024,125.1271,321.6,1.6,1.3,10/9/2019,1400,Terra,MODIS,100,6.3,295.4,36.6,N,0
-13.9065,130.7116,347.2,1,1,10/9/2019,1400,Terra,MODIS,100,6.3,297.3,59.7,N,0
-13.908,130.7017,324.1,1,1,10/9/2019,1400,Terra,MODIS,100,6.3,295.8,22.4,N,0
-13.8988,130.7003,320.6,1,1,10/9/2019,1400,Terra,MODIS,100,6.3,295.1,18.6,N,0
-13.3893,131.0901,328.1,1.1,1,10/9/2019,1400,Terra,MODIS,100,6.3,294.3,29.6,N,0
-13.3575,130.816,328.7,1.1,1,10/9/2019,1400,Terra,MODIS,100,6.3,293.4,28.3,N,0
-12.9875,130.3328,339.9,1,1,10/9/2019,1401,Terra,MODIS,100,6.3,291,45.1,N,0
-12.9966,130.3342,325.6,1,1,10/9/2019,1401,Terra,MODIS,100,6.3,292.6,26.1,N,0
-24.4907,151.7893,360.9,1.4,1.2,10/9/2019,1528,Aqua,MODIS,100,6.3,292.6,142.3,N,0
-22.5233,150.6389,320.5,1.1,1.1,10/9/2019,1528,Aqua,MODIS,100,6.3,287.6,19.9,N,0
-22.5639,150.6161,371.5,1.1,1.1,10/9/2019,1528,Aqua,MODIS,100,6.3,292.5,142.5,N,0
-22.5654,150.6271,354.2,1.1,1.1,10/9/2019,1528,Aqua,MODIS,100,6.3,292.2,83.8,N,0
-22.6234,149.3592,334.5,1,1,10/9/2019,1528,Aqua,MODIS,100,6.3,289.8,36.8,N,0
-24.5011,151.788,424.1,1.4,1.2,10/9/2019,1528,Aqua,MODIS,100,6.3,304,675.2,N,0
-24.5028,151.8013,345.5,1.4,1.2,10/9/2019,1528,Aqua,MODIS,100,6.3,288.3,86.8,N,0
-28.9651,152.4819,335.2,1.7,1.3,10/9/2019,1529,Aqua,MODIS,100,6.3,284,85.2,N,0
-28.9616,152.4777,323.3,1.7,1.3,10/9/2019,1529,Aqua,MODIS,100,6.3,282.4,51.9,N,0
-30.076,152.3803,342.4,1.7,1.3,10/9/2019,1530,Aqua,MODIS,100,6.3,279.9,112.5,N,0
-30.0779,152.3987,348.4,1.8,1.3,10/9/2019,1530,Aqua,MODIS,100,6.3,283.5,141.9,N,0
-23.4245,114.2064,321.5,2.3,1.5,10/9/2019,1536,Terra,MODIS,100,6.3,290,70.5,N,0
-14.3472,126.7132,338.9,1,1,10/9/2019,1704,Aqua,MODIS,100,6.3,294.5,42.9,N,0
-14.3485,126.7227,364.8,1,1,10/9/2019,1704,Aqua,MODIS,100,6.3,299.4,104,N,0
-14.3576,126.7214,325,1,1,10/9/2019,1704,Aqua,MODIS,100,6.3,293.7,22.6,N,0
-14.4065,126.8024,334.8,1,1,10/9/2019,1704,Aqua,MODIS,100,6.3,293.1,37.5,N,0
-14.4289,126.8287,330.9,1,1,10/9/2019,1704,Aqua,MODIS,100,6.3,292.7,32.4,N,0
-14.4303,126.8384,338.1,1,1,10/9/2019,1704,Aqua,MODIS,100,6.3,294,43.6,N,0
-14.4395,126.837,332.7,1,1,10/9/2019,1704,Aqua,MODIS,100,6.3,294.2,34.9,N,0
-14.4482,126.8488,325.1,1,1,10/9/2019,1704,Aqua,MODIS,100,6.3,293.7,26,N,0
-14.4574,126.8475,320.3,1,1,10/9/2019,1704,Aqua,MODIS,100,6.3,291.3,20.6,N,0
-12.971,130.34,328.6,1.6,1.2,10/9/2019,1704,Aqua,MODIS,100,6.3,289.4,55.3,N,0
-12.9821,130.3386,323.1,1.6,1.2,10/9/2019,1704,Aqua,MODIS,100,6.3,289.1,42.5,N,0
-13.8977,130.7047,320.9,1.7,1.3,10/9/2019,1704,Aqua,MODIS,100,6.3,294.1,39.8,N,0
-17.0133,125.1679,327,1,1,10/9/2019,1705,Aqua,MODIS,100,6.3,295.6,23.5,N,0
-17.2824,125.434,326.2,1,1,10/9/2019,1705,Aqua,MODIS,100,6.3,296.4,24.1,N,0
-12.6331,141.8918,376.1,1,1,11/9/2019,0050,Terra,MODIS,100,6.3,310.8,135.1,D,0
-12.6422,141.8904,361.9,1,1,11/9/2019,0050,Terra,MODIS,100,6.3,307.9,85.1,D,0
-12.7434,143.3122,361.7,1,1,11/9/2019,0050,Terra,MODIS,100,6.3,295.1,84.2,D,0
-15.6601,136.056,389.9,2.1,1.4,11/9/2019,0051,Terra,MODIS,100,6.3,313.5,537.5,D,0
-27.3274,148.3974,368.6,2.9,1.6,11/9/2019,0054,Terra,MODIS,100,6.3,305.5,480.3,D,0
-27.3281,148.3918,361.3,2.9,1.6,11/9/2019,0054,Terra,MODIS,100,6.3,305.3,376.8,D,0
-29.5959,153.2848,384.5,1,1,11/9/2019,0335,Aqua,MODIS,100,6.3,301.8,177.6,D,0
-29.6065,153.2758,375.2,1,1,11/9/2019,0335,Aqua,MODIS,100,6.3,298.8,138,D,0
-29.6051,153.2864,368.1,1,1,11/9/2019,0335,Aqua,MODIS,100,6.3,296.5,111.9,D,0
-27.3374,148.388,363.1,1.7,1.3,11/9/2019,0336,Aqua,MODIS,100,6.3,312.8,180.5,D,0
-23.3585,150.5501,372.4,1.1,1.1,11/9/2019,0337,Aqua,MODIS,100,6.3,304.8,143.2,D,2
-23.3719,150.5983,370.7,1.1,1.1,11/9/2019,0337,Aqua,MODIS,100,6.3,300.8,136.1,D,0
-13.9865,143.5505,367.1,2.5,1.5,11/9/2019,0340,Aqua,MODIS,100,6.3,303.1,387.6,D,0
-25.9866,125.3772,366.9,1.3,1.1,11/9/2019,0515,Aqua,MODIS,100,6.3,323.2,125.9,D,0
-25.9764,125.3756,384,1.3,1.1,11/9/2019,0515,Aqua,MODIS,100,6.3,323.7,218.8,D,0
-25.9798,125.3706,381.6,1.3,1.1,11/9/2019,0515,Aqua,MODIS,100,6.3,327,202.9,D,0
-15.6659,136.0064,372.4,3.6,1.8,11/9/2019,0517,Aqua,MODIS,100,6.3,310.6,703.3,D,0
-17.0349,125.1972,372.5,1.1,1,11/9/2019,0518,Aqua,MODIS,100,6.3,323.2,112.7,D,0
-14.4811,132.3308,393.7,2,1.4,11/9/2019,0518,Aqua,MODIS,100,6.3,320.9,549.3,D,0
-14.4767,132.3433,360.1,2,1.4,11/9/2019,0518,Aqua,MODIS,100,6.3,317.2,192.2,D,0
-14.4797,132.3251,365,2,1.4,11/9/2019,0518,Aqua,MODIS,100,6.3,316.6,230.4,D,0
-14.3512,129.9263,360.6,1.4,1.2,11/9/2019,0518,Aqua,MODIS,100,6.3,324.9,101.1,D,0
-14.3408,129.9245,377.7,1.4,1.2,11/9/2019,0518,Aqua,MODIS,100,6.3,325.9,188.4,D,0
-14.1654,129.8695,405.7,1.3,1.2,11/9/2019,0518,Aqua,MODIS,100,6.3,325.1,416.3,D,0
-14.1674,129.8571,370.5,1.3,1.1,11/9/2019,0518,Aqua,MODIS,100,6.3,315.7,153,D,0
-14.1551,129.8677,379.9,1.3,1.2,11/9/2019,0518,Aqua,MODIS,100,6.3,323.2,209.6,D,0
-14.1571,129.8554,380.1,1.3,1.1,11/9/2019,0518,Aqua,MODIS,100,6.3,315.4,213,D,0
-14.0773,129.849,360.7,1.3,1.2,11/9/2019,0518,Aqua,MODIS,100,6.3,311.3,114.6,D,0
-14.0298,129.8981,370.2,1.4,1.2,11/9/2019,0518,Aqua,MODIS,100,6.3,315.7,160.6,D,0
-13.9055,130.0401,362.8,1.4,1.2,11/9/2019,0518,Aqua,MODIS,100,6.3,317.5,128,D,0
-13.6033,130.0628,382.6,1.4,1.2,11/9/2019,0518,Aqua,MODIS,100,6.3,313.7,249.7,D,0
-13.6012,130.0758,379.5,1.4,1.2,11/9/2019,0518,Aqua,MODIS,100,6.3,316.9,226.3,D,0
-11.3992,132.4386,361.3,2.3,1.5,11/9/2019,0519,Aqua,MODIS,100,6.3,310.1,261.9,D,0
-29.5124,115.238,360.2,3.3,1.7,11/9/2019,0652,Aqua,MODIS,100,6.3,295.6,452.5,D,0
-29.0631,152.5319,320.2,1.7,1.3,11/9/2019,1300,Terra,MODIS,100,6.3,281,48.3,N,0
-32.2134,147.008,325.2,1,1,11/9/2019,1300,Terra,MODIS,100,6.3,281.2,26.9,N,0
-15.1832,141.8607,338,1.1,1,11/9/2019,1304,Terra,MODIS,100,6.3,294.4,43.1,N,0
-15.1938,141.8521,326.4,1.1,1,11/9/2019,1304,Terra,MODIS,100,6.3,293,26.4,N,0
-15.1925,141.8621,332.5,1.1,1,11/9/2019,1304,Terra,MODIS,100,6.3,294.6,34.3,N,0
-12.7257,142.0435,320,1,1,11/9/2019,1305,Terra,MODIS,100,6.3,290,18.2,N,0
-12.7323,143.2982,336.9,1,1,11/9/2019,1305,Terra,MODIS,100,6.3,291.9,36.8,N,0
-12.7309,143.3073,323.9,1,1,11/9/2019,1305,Terra,MODIS,100,6.3,290.7,19.5,N,0
-27.9224,123.2875,334.9,1,1,11/9/2019,1440,Terra,MODIS,100,6.3,292.5,39.6,N,0
-21.0925,118.7273,347.6,1.1,1,11/9/2019,1442,Terra,MODIS,100,6.3,291.6,62.3,N,0
-13.2862,130.9227,324.1,3.2,1.7,11/9/2019,1609,Aqua,MODIS,100,6.3,291.4,123.2,N,0
-12.5965,132.8291,322.2,2.4,1.5,11/9/2019,1609,Aqua,MODIS,100,6.3,293,70.8,N,0
-13.271,130.9254,338.7,3.2,1.7,11/9/2019,1609,Aqua,MODIS,100,6.3,292.2,234.1,N,0
-13.2814,130.9159,332.4,3.2,1.7,11/9/2019,1609,Aqua,MODIS,100,6.3,292.9,174.4,N,0
-12.5852,132.764,340.3,2.4,1.5,11/9/2019,1609,Aqua,MODIS,100,6.3,292.8,159.1,N,0
-12.589,132.7858,376.5,2.4,1.5,11/9/2019,1609,Aqua,MODIS,100,6.3,300,499.7,N,0
-12.5927,132.8075,342.7,2.4,1.5,11/9/2019,1609,Aqua,MODIS,100,6.3,295.8,170.6,N,0
-29.0441,152.2561,372.9,1,1,11/9/2019,2359,Terra,MODIS,100,6.3,296.5,123.1,D,0
-29.0334,152.2474,378.4,1,1,11/9/2019,2359,Terra,MODIS,100,6.3,296.8,143.7,D,0
-29.7975,152.058,382.8,1,1,12/9/2019,0000,Terra,MODIS,100,6.3,298.6,166.4,D,0
-29.8188,152.0752,374.6,1,1,12/9/2019,0000,Terra,MODIS,100,6.3,299.4,128.8,D,0
-29.8277,152.0782,362,1,1,12/9/2019,0000,Terra,MODIS,100,6.3,299.2,89.9,D,0
-30.0808,152.3474,378.2,1,1,12/9/2019,0000,Terra,MODIS,100,6.3,301.1,146,D,0
-30.0823,152.3578,438.6,1,1,12/9/2019,0000,Terra,MODIS,100,6.3,312.2,575.3,D,0
-11.3734,132.4691,390.2,1,1,12/9/2019,0133,Terra,MODIS,100,6.3,311.3,186.1,D,0
-11.3329,132.0695,362,1,1,12/9/2019,0133,Terra,MODIS,100,6.3,309,77.2,D,0
-11.815,133.288,364.7,1,1,12/9/2019,0133,Terra,MODIS,100,6.3,308.9,88.4,D,0
-11.5771,130.7528,365.5,1.1,1,12/9/2019,0133,Terra,MODIS,100,6.3,314.9,97,D,0
-12.2002,134.7198,363.5,1.2,1.1,12/9/2019,0133,Terra,MODIS,100,6.3,304.2,104.6,D,0
-11.722,130.5572,370.2,1.1,1,12/9/2019,0133,Terra,MODIS,100,6.3,312.9,118.5,D,0
-12.5984,132.7866,371.5,1,1,12/9/2019,0134,Terra,MODIS,100,6.3,314.9,103.6,D,0
-12.5997,132.7958,406.3,1,1,12/9/2019,0134,Terra,MODIS,100,6.3,320.3,277.7,D,0
-12.9515,130.3477,393.1,1.1,1,12/9/2019,0134,Terra,MODIS,100,6.3,316,222.2,D,0
-12.953,130.3576,398.4,1.1,1,12/9/2019,0134,Terra,MODIS,100,6.3,318.1,252.8,D,0
-12.9546,130.3675,361.7,1.1,1,12/9/2019,0134,Terra,MODIS,100,6.3,315.9,81.6,D,0
-12.9669,130.3857,366.4,1.1,1,12/9/2019,0134,Terra,MODIS,100,6.3,315.2,98.4,D,0
-12.9762,130.3842,367.8,1.1,1,12/9/2019,0134,Terra,MODIS,100,6.3,315.8,102.6,D,0
-13.011,130.3218,362.1,1.1,1,12/9/2019,0134,Terra,MODIS,100,6.3,315.6,87.6,D,0
-13.0203,130.3203,361.4,1.1,1,12/9/2019,0134,Terra,MODIS,100,6.3,307.3,86.2,D,0
-13.0219,130.3302,378.8,1.1,1,12/9/2019,0134,Terra,MODIS,100,6.3,316.2,152,D,0
-13.0234,130.34,361.2,1.1,1,12/9/2019,0134,Terra,MODIS,100,6.3,315.2,86.2,D,0
-13.295,130.9071,361,1,1,12/9/2019,0134,Terra,MODIS,100,6.3,315.1,74.4,D,0
-13.5733,130.0727,362.3,1.1,1,12/9/2019,0134,Terra,MODIS,100,6.3,313.3,91.1,D,0
-13.5811,130.0612,360,1.1,1,12/9/2019,0134,Terra,MODIS,100,6.3,309.9,80.1,D,0
-13.5826,130.0712,373.8,1.1,1,12/9/2019,0134,Terra,MODIS,100,6.3,313.9,129.3,D,0
-13.5842,130.0813,374,1.1,1,12/9/2019,0134,Terra,MODIS,100,6.3,315.1,129.8,D,0
-14.0278,129.9071,366.2,1.1,1,12/9/2019,0134,Terra,MODIS,100,6.3,314.3,102.3,D,0
-14.0665,129.8112,383.3,1.1,1,12/9/2019,0134,Terra,MODIS,100,6.3,317.4,178.3,D,0
-14.0681,129.8214,423,1.1,1,12/9/2019,0134,Terra,MODIS,100,6.3,326.2,472.3,D,0
-14.0697,129.8316,388.6,1.1,1,12/9/2019,0134,Terra,MODIS,100,6.3,317.3,205.7,D,0
-14.0822,129.8503,367.5,1.1,1,12/9/2019,0134,Terra,MODIS,100,6.3,315.6,109.5,D,0
-14.0916,129.8488,369.7,1.1,1,12/9/2019,0134,Terra,MODIS,100,6.3,306.3,119.6,D,0
-14.0948,129.8691,372.4,1.1,1,12/9/2019,0134,Terra,MODIS,100,6.3,309.9,128,D,0
-14.0964,129.8792,365.9,1.1,1,12/9/2019,0134,Terra,MODIS,100,6.3,308.8,103.3,D,0
-14.1619,129.8316,361.1,1.1,1,12/9/2019,0134,Terra,MODIS,100,6.3,315.7,85.2,D,0
-14.1713,129.8301,387,1.1,1,12/9/2019,0134,Terra,MODIS,100,6.3,311.5,194,D,0
-14.1729,129.8402,381.5,1.1,1,12/9/2019,0134,Terra,MODIS,100,6.3,314.4,164.3,D,0
-30.0853,152.3553,363.1,2.5,1.5,12/9/2019,0418,Aqua,MODIS,100,6.3,294.3,356.8,D,0
-29.8317,152.1058,393.4,2.5,1.5,12/9/2019,0418,Aqua,MODIS,100,6.3,301.3,784.2,D,0
-29.8365,152.0835,387.8,2.5,1.5,12/9/2019,0418,Aqua,MODIS,100,6.3,304.8,677.2,D,0
-29.8187,152.1003,451.5,2.5,1.5,12/9/2019,0418,Aqua,MODIS,100,6.3,312.3,2701.4,D,0
-29.8237,152.0767,440,2.5,1.5,12/9/2019,0418,Aqua,MODIS,100,6.3,321.1,2161,D,0
-29.838,152.1023,368.4,2.5,1.5,12/9/2019,0418,Aqua,MODIS,100,6.3,295.3,396.1,D,0
-29.8253,152.0949,469.1,2.5,1.5,12/9/2019,0418,Aqua,MODIS,100,6.3,327.2,3679.5,D,0
-29.83,152.0721,378.9,2.5,1.5,12/9/2019,0418,Aqua,MODIS,100,6.3,308.4,536,D,0
-29.8118,152.0911,387.5,2.5,1.5,12/9/2019,0418,Aqua,MODIS,100,6.3,296.8,678.8,D,0
-29.8169,152.0669,410.6,2.5,1.5,12/9/2019,0418,Aqua,MODIS,100,6.3,309.3,1176.4,D,0
-29.8036,152.0625,408.5,2.5,1.5,12/9/2019,0418,Aqua,MODIS,100,6.3,307.6,1124.3,D,0
-29.0424,152.2466,388.8,2.6,1.6,12/9/2019,0418,Aqua,MODIS,100,6.3,304.3,769.5,D,0
-29.0467,152.2657,370.6,2.6,1.6,12/9/2019,0418,Aqua,MODIS,100,6.3,294.9,468.5,D,0
-29.0328,152.2625,388.8,2.6,1.6,12/9/2019,0418,Aqua,MODIS,100,6.3,297.1,772.9,D,0
-29.0377,152.2389,394,2.6,1.6,12/9/2019,0418,Aqua,MODIS,100,6.3,305.6,875.3,D,0
-27.317,148.4127,374.3,1.6,1.2,12/9/2019,0419,Aqua,MODIS,100,6.3,316.4,231.8,D,0
-27.3141,148.4287,371.2,1.6,1.2,12/9/2019,0419,Aqua,MODIS,100,6.3,312.9,211.6,D,0
-27.315,148.4177,398.7,1.6,1.2,12/9/2019,0419,Aqua,MODIS,100,6.3,317.9,457,D,0
-15.6272,135.9815,367.8,1.5,1.2,12/9/2019,0422,Aqua,MODIS,100,6.3,312.6,177.9,D,0
-12.213,134.7252,361.2,1.7,1.3,12/9/2019,0423,Aqua,MODIS,100,6.3,307.3,166.8,D,0
-12.3824,136.6007,377.1,1.3,1.1,12/9/2019,0423,Aqua,MODIS,100,6.3,308.7,187,D,0
-12.9398,130.377,373.9,3.7,1.8,12/9/2019,0423,Aqua,MODIS,100,6.3,317,768.4,D,0
-12.9438,130.3426,361.8,3.8,1.8,12/9/2019,0423,Aqua,MODIS,100,6.3,311.8,505.7,D,0
-33.7251,121.4929,382.5,1,1,12/9/2019,0556,Aqua,MODIS,100,6.3,314.6,162.8,D,0
-21.1126,118.7455,368,1.1,1,12/9/2019,0600,Aqua,MODIS,100,6.3,323.9,97.2,D,0
-14.7991,126.339,364.3,4.5,2,12/9/2019,0601,Aqua,MODIS,100,6.3,305.2,770.9,D,0
-14.7901,126.3728,369.3,4.5,2,12/9/2019,0601,Aqua,MODIS,100,6.3,306.6,900.5,D,0
-13.5615,132.2258,332.4,1,1,12/9/2019,1348,Terra,MODIS,100,6.3,297.1,29.6,N,0
-13.4205,131.1344,335.7,1,1,12/9/2019,1348,Terra,MODIS,100,6.3,295.9,38.1,N,0
-13.5609,130.1111,331.6,1.1,1.1,12/9/2019,1348,Terra,MODIS,100,6.3,289.9,39.1,N,0
-13.41,131.1426,358.6,1,1,12/9/2019,1348,Terra,MODIS,100,6.3,298.6,86.2,N,0
-13.4113,131.1331,377.7,1,1,12/9/2019,1348,Terra,MODIS,100,6.3,301.4,151.3,N,0
-13.4183,130.8095,325,1.1,1,12/9/2019,1348,Terra,MODIS,100,6.3,295.3,23.8,N,0
-13.3118,130.9164,335.5,1.1,1,12/9/2019,1348,Terra,MODIS,100,6.3,295,38.1,N,0
-13.3131,130.9067,328.6,1.1,1,12/9/2019,1348,Terra,MODIS,100,6.3,294.4,28.2,N,0
-13.3184,130.868,329.7,1.1,1,12/9/2019,1348,Terra,MODIS,100,6.3,295.3,29.7,N,0
-12.5037,132.7388,323.6,1,1,12/9/2019,1348,Terra,MODIS,100,6.3,294.9,20.8,N,0
-14.7617,126.4852,323.3,2,1.4,12/9/2019,1348,Terra,MODIS,100,6.3,290.6,59.7,N,0
-14.7638,126.4669,329.4,2.1,1.4,12/9/2019,1348,Terra,MODIS,100,6.3,291.4,80.2,N,0
-14.7603,126.4797,332.7,2,1.4,12/9/2019,1348,Terra,MODIS,100,6.3,290.9,91.9,N,0
-13.9669,130.6841,338.7,1.1,1,12/9/2019,1348,Terra,MODIS,100,6.3,297.4,45.4,N,0
-13.9683,130.6739,333.5,1.1,1,12/9/2019,1348,Terra,MODIS,100,6.3,295.5,36.6,N,0
-30.0375,152.2462,328,1.1,1.1,12/9/2019,1517,Aqua,MODIS,100,6.3,287.2,34.2,N,0
-29.776,152.1883,327.9,1.1,1.1,12/9/2019,1517,Aqua,MODIS,100,6.3,287.1,33.8,N,0
-29.7801,152.067,337.4,1.1,1.1,12/9/2019,1517,Aqua,MODIS,100,6.3,286,48.9,N,0
-29.7816,152.0789,385.8,1.1,1.1,12/9/2019,1517,Aqua,MODIS,100,6.3,297.3,213.1,N,0
-29.7831,152.0906,343.9,1.1,1.1,12/9/2019,1517,Aqua,MODIS,100,6.3,289.9,60.3,N,0
-29.7846,152.102,362.7,1.1,1.1,12/9/2019,1517,Aqua,MODIS,100,6.3,292.4,112.7,N,0
-29.7922,152.1616,322.8,1.1,1.1,12/9/2019,1517,Aqua,MODIS,100,6.3,286.3,27.2,N,0
-29.7937,152.1736,328.3,1.1,1.1,12/9/2019,1517,Aqua,MODIS,100,6.3,287.4,34.8,N,0
-29.7896,152.0654,330.7,1.1,1.1,12/9/2019,1517,Aqua,MODIS,100,6.3,287.5,35.9,N,0
-29.7911,152.077,359.9,1.1,1.1,12/9/2019,1517,Aqua,MODIS,100,6.3,292.2,100.9,N,0
-29.7926,152.0885,344.6,1.1,1.1,12/9/2019,1517,Aqua,MODIS,100,6.3,290.1,59.1,N,0
-29.8057,152.0396,321.9,1.1,1.1,12/9/2019,1517,Aqua,MODIS,100,6.3,282.3,26,N,0
-29.8162,152.1205,358,1.1,1.1,12/9/2019,1517,Aqua,MODIS,100,6.3,290.9,96.2,N,0
-29.8348,152.0879,321.1,1.1,1.1,12/9/2019,1517,Aqua,MODIS,100,6.3,284.5,25.7,N,0
-30.2234,152.1904,365.6,1.1,1.1,12/9/2019,1518,Aqua,MODIS,100,6.3,291.2,127.9,N,0
-11.5656,130.7556,323.6,1.1,1,12/9/2019,1651,Aqua,MODIS,100,6.3,290.1,24.4,N,0
-14.3627,126.8201,324,1.1,1,12/9/2019,1652,Aqua,MODIS,100,6.3,294.4,24.5,N,0
-14.3735,126.8283,325,1.1,1,12/9/2019,1652,Aqua,MODIS,100,6.3,293.5,25.1,N,0
-14.4525,126.8699,364.3,1.1,1,12/9/2019,1652,Aqua,MODIS,100,6.3,293.7,111,N,0
-14.454,126.8798,332.3,1.1,1,12/9/2019,1652,Aqua,MODIS,100,6.3,292.4,35.9,N,0
-14.7404,126.4447,339.2,1.1,1.1,12/9/2019,1652,Aqua,MODIS,100,6.3,293.7,49.4,N,0
-14.7405,126.4168,323.7,1.1,1.1,12/9/2019,1652,Aqua,MODIS,100,6.3,293.2,24.9,N,0
-14.7438,126.4374,329.2,1.1,1.1,12/9/2019,1652,Aqua,MODIS,100,6.3,291.9,31.9,N,0
-14.7454,126.4476,330.9,1.1,1.1,12/9/2019,1652,Aqua,MODIS,100,6.3,294,34.3,N,0
-14.7518,126.4881,326.7,1.1,1,12/9/2019,1652,Aqua,MODIS,100,6.3,293.8,28,N,0
-14.75,126.4153,321.9,1.1,1.1,12/9/2019,1652,Aqua,MODIS,100,6.3,292.6,23.2,N,0
-14.758,126.4665,328.5,1.1,1.1,12/9/2019,1652,Aqua,MODIS,100,6.3,290.9,30.1,N,0
-14.7596,126.4766,332,1.1,1,12/9/2019,1652,Aqua,MODIS,100,6.3,292.8,35.2,N,0
-14.766,126.517,326.4,1.1,1,12/9/2019,1652,Aqua,MODIS,100,6.3,292,28.6,N,0
-14.7389,126.4065,327.4,1.1,1.1,12/9/2019,1652,Aqua,MODIS,100,6.3,291.8,29.9,N,0
-13.3154,130.916,330.5,1.1,1.1,12/9/2019,1652,Aqua,MODIS,100,6.3,291.1,35.1,N,0
-17.2934,145.1782,360.5,1,1,13/9/2019,0039,Terra,MODIS,100,6.3,299.4,79.7,D,0
-17.2947,145.1875,399.7,1,1,13/9/2019,0039,Terra,MODIS,100,6.3,310.8,243,D,0
-17.2961,145.1969,370.4,1,1,13/9/2019,0039,Terra,MODIS,100,6.3,308.7,110.5,D,0
-13.533,130.0982,363.6,3.4,1.7,13/9/2019,0217,Terra,MODIS,100,6.3,307.9,486,D,0
-14.7332,126.4577,388.9,1.9,1.3,13/9/2019,0217,Terra,MODIS,100,6.3,318.8,429.8,D,0
-14.7354,126.4749,364.6,1.9,1.3,13/9/2019,0217,Terra,MODIS,100,6.3,318,201.8,D,0
-14.743,126.4389,362.4,1.8,1.3,13/9/2019,0217,Terra,MODIS,100,6.3,317.8,187.3,D,0
-14.7528,126.4203,403.5,1.8,1.3,13/9/2019,0217,Terra,MODIS,100,6.3,318.7,632.7,D,0
-14.755,126.4374,383.8,1.8,1.3,13/9/2019,0217,Terra,MODIS,100,6.3,316,370.4,D,0
-14.7572,126.4545,375.6,1.9,1.3,13/9/2019,0217,Terra,MODIS,100,6.3,316.8,287,D,0
-14.7366,126.4341,364.8,1.8,1.3,13/9/2019,0217,Terra,MODIS,100,6.3,317.4,204.1,D,0
-14.7466,126.4156,361.8,1.8,1.3,13/9/2019,0217,Terra,MODIS,100,6.3,317.4,185.1,D,0
-14.7486,126.4325,383.5,1.8,1.3,13/9/2019,0217,Terra,MODIS,100,6.3,321.3,368.2,D,0
-14.7585,126.414,360.4,1.8,1.3,13/9/2019,0217,Terra,MODIS,100,6.3,309.3,172.2,D,0
-14.7605,126.431,365.8,1.8,1.3,13/9/2019,0217,Terra,MODIS,100,6.3,310.4,206.5,D,0
-14.7626,126.4481,366.1,1.9,1.3,13/9/2019,0217,Terra,MODIS,100,6.3,313.2,203,D,0
-28.447,122.5607,361,1.5,1.2,13/9/2019,0221,Terra,MODIS,100,6.3,316.1,138.5,D,0
-29.7978,152.1783,400.1,1.7,1.3,13/9/2019,0323,Aqua,MODIS,100,6.3,306,520.8,D,0
-29.7942,152.1825,408.3,1.7,1.3,13/9/2019,0323,Aqua,MODIS,100,6.3,308,637,D,0
-30.0702,152.3821,379.2,1.6,1.3,13/9/2019,0323,Aqua,MODIS,100,6.3,301.2,295.7,D,0
-30.0816,152.3835,362.6,1.6,1.3,13/9/2019,0323,Aqua,MODIS,100,6.3,299.4,184.5,D,0
-30.7478,152.0647,375.6,1.7,1.3,13/9/2019,0323,Aqua,MODIS,100,6.3,302.4,301,D,0
-28.9341,152.2828,391.2,1.6,1.2,13/9/2019,0323,Aqua,MODIS,100,6.3,307.1,394.6,D,0
-29.1059,152.4818,373,1.6,1.2,13/9/2019,0323,Aqua,MODIS,100,6.3,304.6,231.9,D,0
-26.0826,153.0702,407.3,1.3,1.1,13/9/2019,0324,Aqua,MODIS,100,6.3,311.6,437.2,D,0
-26.3417,130.008,379.4,1.1,1,13/9/2019,0503,Aqua,MODIS,100,6.3,324.6,151.3,D,0
-26.3431,129.997,365.1,1.1,1,13/9/2019,0503,Aqua,MODIS,100,6.3,320.7,95.4,D,0
-15.3966,135.2094,368,1.8,1.3,13/9/2019,0505,Aqua,MODIS,100,6.3,317.3,219.5,D,0
-15.3847,135.2072,367.8,1.8,1.3,13/9/2019,0505,Aqua,MODIS,100,6.3,315.1,220.8,D,0
-15.3877,135.1902,370.1,1.8,1.3,13/9/2019,0505,Aqua,MODIS,100,6.3,312,242.5,D,0
-15.364,135.2563,362.4,1.9,1.3,13/9/2019,0505,Aqua,MODIS,100,6.3,316.3,179.9,D,0
-15.3805,135.2009,371.2,1.8,1.3,13/9/2019,0505,Aqua,MODIS,100,6.3,314.8,252.5,D,0
-15.3758,135.1881,368.7,1.8,1.3,13/9/2019,0505,Aqua,MODIS,100,6.3,310,238.1,D,0
-15.1882,131.6266,371.7,1.1,1.1,13/9/2019,0506,Aqua,MODIS,100,6.3,320.3,119.2,D,0
-14.7339,126.4676,373.3,1.2,1.1,13/9/2019,0506,Aqua,MODIS,100,6.3,322.8,140.6,D,0
-12.1069,132.8214,402.6,1.4,1.2,13/9/2019,0506,Aqua,MODIS,100,6.3,312.8,426.7,D,0
-12.1048,132.8343,395.2,1.4,1.2,13/9/2019,0506,Aqua,MODIS,100,6.3,314.3,352.1,D,0
-12.5078,131.0915,361.3,1.1,1.1,13/9/2019,0506,Aqua,MODIS,100,6.3,319.6,80.1,D,0
-14.1346,129.8556,365.3,1,1,13/9/2019,0506,Aqua,MODIS,100,6.3,317.2,84.2,D,0
-14.1202,129.8914,378.2,1,1,13/9/2019,0506,Aqua,MODIS,100,6.3,309.9,129.8,D,0
-14.1125,129.8807,386.9,1,1,13/9/2019,0506,Aqua,MODIS,100,6.3,312.5,169.2,D,0
-14.1165,129.8528,365.9,1,1,13/9/2019,0506,Aqua,MODIS,100,6.3,313.9,90,D,0
-13.974,130.6907,363.3,1.1,1,13/9/2019,0506,Aqua,MODIS,100,6.3,320.7,79.5,D,0
-14.0995,129.777,362.4,1,1,13/9/2019,0506,Aqua,MODIS,100,6.3,311,80.5,D,0
-14.0851,129.8127,370.1,1,1,13/9/2019,0506,Aqua,MODIS,100,6.3,310.7,102,D,0
-13.8653,130.6912,371.1,1.1,1,13/9/2019,0506,Aqua,MODIS,100,6.3,319.1,106.6,D,0
-13.0177,130.3732,382.1,1,1,13/9/2019,0506,Aqua,MODIS,100,6.3,320.1,156.7,D,0
-13.0191,130.3636,399.5,1,1,13/9/2019,0506,Aqua,MODIS,100,6.3,318.3,250.6,D,0
-13.0205,130.3541,365.9,1,1,13/9/2019,0506,Aqua,MODIS,100,6.3,312.2,93.1,D,0
-13.0099,130.3622,395.2,1,1,13/9/2019,0506,Aqua,MODIS,100,6.3,324.6,224.1,D,0
-13.0114,130.3526,386.5,1,1,13/9/2019,0506,Aqua,MODIS,100,6.3,315.1,176.7,D,0
-12.9186,130.3616,362,1,1,13/9/2019,0506,Aqua,MODIS,100,6.3,325.7,72.2,D,0
-12.9201,130.3521,369.3,1,1,13/9/2019,0506,Aqua,MODIS,100,6.3,323.9,94,D,0
-12.728,131.0091,374.6,1.1,1,13/9/2019,0506,Aqua,MODIS,100,6.3,319.6,132.8,D,0
-12.7295,130.9989,365.3,1.1,1,13/9/2019,0506,Aqua,MODIS,100,6.3,313.3,97.2,D,0
-12.7244,131.0027,396.5,1.1,1,13/9/2019,0506,Aqua,MODIS,100,6.3,326.6,249.7,D,0
-15.1867,131.6369,366.1,1.1,1.1,13/9/2019,0506,Aqua,MODIS,100,6.3,322.5,97.7,D,0
-11.3761,132.4107,362.7,1.4,1.2,13/9/2019,0507,Aqua,MODIS,100,6.3,309.4,119.5,D,0
-11.4159,132.2904,365,1.3,1.1,13/9/2019,0507,Aqua,MODIS,100,6.3,308.3,136.4,D,0
-11.3346,132.0116,365.4,1.3,1.1,13/9/2019,0507,Aqua,MODIS,100,6.3,308.5,131.5,D,0
-11.3328,132.0233,400.5,1.3,1.1,13/9/2019,0507,Aqua,MODIS,100,6.3,317,356.5,D,0
-11.3657,132.409,366.7,1.4,1.2,13/9/2019,0507,Aqua,MODIS,100,6.3,309.6,141.9,D,0
-30.2786,115.1274,365.5,1.9,1.4,13/9/2019,0640,Aqua,MODIS,100,6.3,300.9,246,D,0
-30.2825,115.1075,381.6,1.9,1.4,13/9/2019,0640,Aqua,MODIS,100,6.3,309.1,396.9,D,0
-30.2841,115.1132,397.4,1.9,1.4,13/9/2019,0640,Aqua,MODIS,100,6.3,310.3,602.6,D,0
-29.1033,152.4764,325.4,1.1,1.1,13/9/2019,1248,Terra,MODIS,100,6.3,288.2,29.4,N,0
-28.9256,152.2884,324.8,1.1,1.1,13/9/2019,1248,Terra,MODIS,100,6.3,285.1,29.1,N,0
-30.1959,152.6913,320.9,1.1,1.1,13/9/2019,1248,Terra,MODIS,100,6.3,282.9,25.2,N,0
-30.1533,152.1053,327.8,1.1,1,13/9/2019,1248,Terra,MODIS,100,6.3,284.6,32.8,N,0
-30.0585,152.3391,323.1,1.1,1,13/9/2019,1248,Terra,MODIS,100,6.3,284.6,26.1,N,0
-14.4448,126.9216,359.9,1.7,1.3,13/9/2019,1431,Terra,MODIS,100,6.3,298.3,189.7,N,0
-14.4474,126.9059,323.9,1.7,1.3,13/9/2019,1431,Terra,MODIS,100,6.3,295.2,46.3,N,0
-14.4333,126.9195,346,1.7,1.3,13/9/2019,1431,Terra,MODIS,100,6.3,295.2,117.7,N,0
-14.4359,126.9038,341.8,1.7,1.3,13/9/2019,1431,Terra,MODIS,100,6.3,296.5,99.2,N,0
-14.4271,126.8861,332.7,1.7,1.3,13/9/2019,1431,Terra,MODIS,100,6.3,295.9,67,N,0
-14.4369,126.9137,351,1.7,1.3,13/9/2019,1431,Terra,MODIS,100,6.3,298.5,140.5,N,0
-14.428,126.8959,329,1.7,1.3,13/9/2019,1431,Terra,MODIS,100,6.3,295.6,58.8,N,0
-14.419,126.8782,327.4,1.7,1.3,13/9/2019,1431,Terra,MODIS,100,6.3,294.1,54.7,N,0
-14.4678,126.9258,322.1,1.7,1.3,13/9/2019,1431,Terra,MODIS,100,6.3,293.1,42.7,N,0
-14.4704,126.9101,341.5,1.7,1.3,13/9/2019,1431,Terra,MODIS,100,6.3,295,100,N,0
-29.7661,152.0703,380,1.3,1.1,13/9/2019,2347,Terra,MODIS,100,6.3,301.9,223.7,D,0
-29.7683,152.083,392.5,1.3,1.1,13/9/2019,2347,Terra,MODIS,100,6.3,303.9,309.2,D,0
-29.8103,152.1422,381.5,1.3,1.1,13/9/2019,2347,Terra,MODIS,100,6.3,304.2,219.4,D,0
-29.8182,152.1271,379.6,1.3,1.1,13/9/2019,2347,Terra,MODIS,100,6.3,303,209.9,D,0
-29.8204,152.1402,402,1.3,1.1,13/9/2019,2347,Terra,MODIS,100,6.3,305.7,376,D,0
-29.8277,152.1324,366.5,1.3,1.1,13/9/2019,2347,Terra,MODIS,100,6.3,303.1,144.5,D,0
-30.0526,152.4118,408.8,1.2,1.1,13/9/2019,2347,Terra,MODIS,100,6.3,308.7,419.6,D,0
-30.0547,152.4243,373.1,1.2,1.1,13/9/2019,2347,Terra,MODIS,100,6.3,300.1,170.1,D,0
-30.0518,152.3473,365.3,1.3,1.1,13/9/2019,2347,Terra,MODIS,100,6.3,298.8,132.9,D,0
-30.0625,152.4099,373.5,1.2,1.1,13/9/2019,2347,Terra,MODIS,100,6.3,304.5,163.1,D,0
-30.0647,152.4224,363,1.2,1.1,13/9/2019,2347,Terra,MODIS,100,6.3,300.9,119.6,D,0
-30.0636,152.4168,379.7,1.2,1.1,13/9/2019,2347,Terra,MODIS,100,6.3,306.5,197.9,D,0
-11.3544,132.4589,361.6,1.3,1.1,14/9/2019,0121,Terra,MODIS,100,6.3,310.2,107.3,D,0
-11.3562,132.4702,366.9,1.3,1.1,14/9/2019,0121,Terra,MODIS,100,6.3,311.5,128.9,D,0
-11.3158,132.0195,361.5,1.3,1.1,14/9/2019,0121,Terra,MODIS,100,6.3,306.7,120.2,D,0
-11.3177,132.0316,378.4,1.3,1.1,14/9/2019,0121,Terra,MODIS,100,6.3,311.8,203.9,D,0
-11.4141,132.2538,364.2,1.3,1.1,14/9/2019,0121,Terra,MODIS,100,6.3,308.5,123.5,D,0
-12.2508,134.739,361.2,1,1,14/9/2019,0121,Terra,MODIS,100,6.3,308.4,76.7,D,0
-12.4169,134.1331,371,1,1,14/9/2019,0121,Terra,MODIS,100,6.3,314.7,111,D,0
-12.8551,130.6339,407.8,1.6,1.2,14/9/2019,0121,Terra,MODIS,100,6.3,310.2,562,D,0
-11.3435,132.3902,386,1.3,1.1,14/9/2019,0121,Terra,MODIS,100,6.3,311,237,D,0
-13.5145,132.1902,360.3,1.2,1.1,14/9/2019,0122,Terra,MODIS,100,6.3,310.2,95.8,D,0
-13.527,132.1422,369.1,1.2,1.1,14/9/2019,0122,Terra,MODIS,100,6.3,309,132.1,D,0
-13.5288,132.1534,368.3,1.2,1.1,14/9/2019,0122,Terra,MODIS,100,6.3,310.2,127.7,D,0
-13.5306,132.1646,365.6,1.2,1.1,14/9/2019,0122,Terra,MODIS,100,6.3,310.9,115.1,D,0
-13.5369,132.1406,445.8,1.2,1.1,14/9/2019,0122,Terra,MODIS,100,6.3,324,865.1,D,0
-13.5387,132.1518,404.4,1.2,1.1,14/9/2019,0122,Terra,MODIS,100,6.3,319.7,355.2,D,0
-13.3397,130.8498,368,1.5,1.2,14/9/2019,0122,Terra,MODIS,100,6.3,309.7,168.4,D,0
-13.5485,132.1502,380.2,1.2,1.1,14/9/2019,0122,Terra,MODIS,100,6.3,308.4,185.1,D,0
-13.4177,130.831,365,1.5,1.2,14/9/2019,0122,Terra,MODIS,100,6.3,309.7,153.1,D,0
-13.946,130.813,369.4,1.5,1.2,14/9/2019,0122,Terra,MODIS,100,6.3,312.6,173.1,D,0
-15.3475,135.2614,391.2,1,1,14/9/2019,0122,Terra,MODIS,100,6.3,320.5,189,D,0
-26.3816,130.0956,366.4,1.1,1,14/9/2019,0125,Terra,MODIS,100,6.3,317.2,98.9,D,0
-26.3909,130.0938,397.8,1.1,1,14/9/2019,0125,Terra,MODIS,100,6.3,318.8,254,D,0
-32.1352,146.8511,415.9,1,1,14/9/2019,0405,Aqua,MODIS,100,6.3,325.3,353.4,D,0
-32.1337,146.8618,363.9,1,1,14/9/2019,0405,Aqua,MODIS,100,6.3,313.6,85.2,D,0
-30.8018,152.1074,382.4,1.5,1.2,14/9/2019,0406,Aqua,MODIS,100,6.3,312.3,280.1,D,0
-30.2421,152.1878,373.9,1.5,1.2,14/9/2019,0406,Aqua,MODIS,100,6.3,308,228.4,D,0
-30.0608,152.4091,360.5,1.6,1.2,14/9/2019,0406,Aqua,MODIS,100,6.3,305.4,164.2,D,0
-30.06,152.4212,362.4,1.6,1.2,14/9/2019,0406,Aqua,MODIS,100,6.3,302,174.3,D,0
-30.0798,152.1866,376.6,1.6,1.2,14/9/2019,0406,Aqua,MODIS,100,6.3,310.3,251.5,D,0
-29.8326,152.1399,365.9,1.6,1.2,14/9/2019,0406,Aqua,MODIS,100,6.3,305.5,181.7,D,0
-29.8185,152.1539,370.6,1.6,1.2,14/9/2019,0406,Aqua,MODIS,100,6.3,302.8,208.6,D,0
-29.8218,152.136,417.4,1.6,1.2,14/9/2019,0406,Aqua,MODIS,100,6.3,318.2,699.7,D,0
-29.7919,152.111,385,1.6,1.2,14/9/2019,0406,Aqua,MODIS,100,6.3,308.7,317.8,D,0
-29.7807,152.1098,360.5,1.6,1.2,14/9/2019,0406,Aqua,MODIS,100,6.3,303.5,152.8,D,0
-29.7588,152.1036,364.3,1.6,1.2,14/9/2019,0406,Aqua,MODIS,100,6.3,297.1,177.9,D,0
-29.7619,152.0872,418,1.6,1.2,14/9/2019,0406,Aqua,MODIS,100,6.3,314.9,709.1,D,0
-29.751,152.084,454.2,1.6,1.2,14/9/2019,0406,Aqua,MODIS,100,6.3,323.9,1451.8,D,0
-29.7599,152.0981,381.9,1.6,1.2,14/9/2019,0406,Aqua,MODIS,100,6.3,301.4,297,D,0
-29.7628,152.0819,387,1.6,1.2,14/9/2019,0406,Aqua,MODIS,100,6.3,312.3,338.1,D,0
-29.749,152.0949,402,1.6,1.2,14/9/2019,0406,Aqua,MODIS,100,6.3,303.2,498.7,D,0
-29.7519,152.0788,442.6,1.6,1.2,14/9/2019,0406,Aqua,MODIS,100,6.3,324.5,1173.1,D,0
-28.9218,152.3089,403.4,1.7,1.3,14/9/2019,0406,Aqua,MODIS,100,6.3,311.7,561.5,D,0
-28.925,152.2919,415.2,1.7,1.3,14/9/2019,0406,Aqua,MODIS,100,6.3,320.4,728.9,D,0
-28.9281,152.2753,427.7,1.7,1.3,14/9/2019,0406,Aqua,MODIS,100,6.3,325.1,950,D,0
-28.9105,152.3062,458,1.7,1.3,14/9/2019,0406,Aqua,MODIS,100,6.3,322.8,1718.3,D,0
-28.9136,152.2895,432.9,1.7,1.3,14/9/2019,0406,Aqua,MODIS,100,6.3,320.9,1063.1,D,0
-28.9168,152.2726,423.8,1.7,1.3,14/9/2019,0406,Aqua,MODIS,100,6.3,321,875.8,D,0
-28.9198,152.2566,381.5,1.7,1.3,14/9/2019,0406,Aqua,MODIS,100,6.3,312.9,313.6,D,0
-26.6293,147.8211,364.2,1.1,1,14/9/2019,0407,Aqua,MODIS,100,6.3,317.9,88.4,D,0
-25.5199,150.473,366.1,1.5,1.2,14/9/2019,0407,Aqua,MODIS,100,6.3,308.7,165.5,D,0
-25.5225,150.4584,387.9,1.5,1.2,14/9/2019,0407,Aqua,MODIS,100,6.3,317.9,315.2,D,0
-25.5091,150.4707,411.3,1.5,1.2,14/9/2019,0407,Aqua,MODIS,100,6.3,321.4,564,D,0
-25.5117,150.4561,399.4,1.5,1.2,14/9/2019,0407,Aqua,MODIS,100,6.3,329.2,423.4,D,0
-25.5173,150.4657,379.5,1.5,1.2,14/9/2019,0407,Aqua,MODIS,100,6.3,313.7,250.4,D,0
-25.5065,150.4634,460.1,1.5,1.2,14/9/2019,0407,Aqua,MODIS,100,6.3,340.3,1496.1,D,0
-25.509,150.4488,372.9,1.5,1.2,14/9/2019,0407,Aqua,MODIS,100,6.3,320.6,205.6,D,0
-27.3308,148.4531,377.4,1.1,1,14/9/2019,0407,Aqua,MODIS,100,6.3,319.7,143,D,0
-15.4115,141.909,393.4,1.1,1,14/9/2019,0410,Aqua,MODIS,100,6.3,317.7,218.6,D,0
-14.5787,144.293,367.8,1,1,14/9/2019,0410,Aqua,MODIS,100,6.3,316.8,94.8,D,0
-15.4577,141.9863,366.1,1.1,1,14/9/2019,0410,Aqua,MODIS,100,6.3,314.4,97.4,D,0
-15.3752,135.1643,372.8,3,1.6,14/9/2019,0410,Aqua,MODIS,100,6.3,312.2,541.2,D,0
-15.426,135.1137,360.5,3,1.7,14/9/2019,0410,Aqua,MODIS,100,6.3,308.9,362.3,D,0
-15.4248,135.1179,362.4,3,1.7,14/9/2019,0410,Aqua,MODIS,100,6.3,309.4,392.3,D,0
-12.7268,143.1111,362.2,1,1,14/9/2019,0411,Aqua,MODIS,100,6.3,302.7,82.2,D,0
-12.7212,141.8531,361.6,1,1,14/9/2019,0411,Aqua,MODIS,100,6.3,306.9,82,D,0
-15.6386,131.3425,338.7,1.6,1.2,14/9/2019,1335,Terra,MODIS,100,6.3,297.2,74.3,N,0
-14.7963,130.0926,325.5,1.9,1.3,14/9/2019,1336,Terra,MODIS,100,6.3,295.7,54.6,N,0
-14.2005,130.7825,354.3,1.6,1.3,14/9/2019,1336,Terra,MODIS,100,6.3,298.2,144.5,N,0
-14.2024,130.7673,350,1.6,1.3,14/9/2019,1336,Terra,MODIS,100,6.3,298.2,124.9,N,0
-14.2043,130.7519,359,1.6,1.3,14/9/2019,1336,Terra,MODIS,100,6.3,298.5,169.4,N,0
-14.1892,130.7808,346.9,1.6,1.3,14/9/2019,1336,Terra,MODIS,100,6.3,296.8,111.2,N,0
-14.1724,130.8241,340.9,1.6,1.3,14/9/2019,1336,Terra,MODIS,100,6.3,297.1,88.2,N,0
-14.1743,130.8092,349,1.6,1.3,14/9/2019,1336,Terra,MODIS,100,6.3,298,119.3,N,0
-14.1761,130.7941,321.8,1.6,1.3,14/9/2019,1336,Terra,MODIS,100,6.3,294.9,37.1,N,0
-14.1612,130.8224,329,1.6,1.3,14/9/2019,1336,Terra,MODIS,100,6.3,296.4,53.2,N,0
-14.1482,130.835,324.6,1.6,1.2,14/9/2019,1336,Terra,MODIS,100,6.3,295.2,43.1,N,0
-14.1499,130.8208,327.4,1.6,1.3,14/9/2019,1336,Terra,MODIS,100,6.3,296,49.5,N,0
-12.8357,130.5565,355,1.6,1.3,14/9/2019,1336,Terra,MODIS,100,6.3,296.4,143.9,N,0
-12.8338,130.5712,360.3,1.6,1.2,14/9/2019,1336,Terra,MODIS,100,6.3,297.5,168.9,N,0
-12.832,130.586,369.2,1.6,1.2,14/9/2019,1336,Terra,MODIS,100,6.3,298.4,222.9,N,0
-12.8301,130.6007,356.4,1.6,1.2,14/9/2019,1336,Terra,MODIS,100,6.3,295.4,150.4,N,0
-12.1855,135.9083,325.9,1,1,14/9/2019,1336,Terra,MODIS,100,6.3,296.1,19.9,N,0
-12.1842,135.9176,330.7,1,1,14/9/2019,1336,Terra,MODIS,100,6.3,296,26.1,N,0
-12.1932,135.919,333.5,1,1,14/9/2019,1336,Terra,MODIS,100,6.3,295.6,29,N,0
-12.2113,135.9218,326.4,1,1,14/9/2019,1336,Terra,MODIS,100,6.3,294,20.5,N,0
-12.2203,135.9232,335,1,1,14/9/2019,1336,Terra,MODIS,100,6.3,294.9,31.6,N,0
-13.4153,130.8543,326.2,1.6,1.2,14/9/2019,1336,Terra,MODIS,100,6.3,294.5,43,N,0
-13.5023,132.1797,323.8,1.3,1.1,14/9/2019,1336,Terra,MODIS,100,6.3,296.3,26.6,N,0
-28.6366,152.6479,326.5,1,1,14/9/2019,1505,Aqua,MODIS,100,6.3,285.5,27.8,N,0
-29.7496,152.3915,327.5,1,1,14/9/2019,1505,Aqua,MODIS,100,6.3,286.3,26.8,N,0
-29.7363,152.0583,325.9,1,1,14/9/2019,1505,Aqua,MODIS,100,6.3,282.5,27,N,0
-29.7379,152.0687,343.4,1,1,14/9/2019,1505,Aqua,MODIS,100,6.3,286.4,51.3,N,0
-29.8293,152.1293,323.4,1,1,14/9/2019,1505,Aqua,MODIS,100,6.3,283.8,24.1,N,0
-20.7768,115.4381,323.4,1.2,1.1,14/9/2019,1513,Terra,MODIS,100,6.3,292.7,28.5,N,0
-20.7867,115.44,323.8,1.2,1.1,14/9/2019,1513,Terra,MODIS,100,6.3,294.3,29.5,N,0
-12.8094,130.5479,356,1.1,1,14/9/2019,1639,Aqua,MODIS,100,6.3,295,82.1,N,0
-12.8109,130.5575,374,1.1,1,14/9/2019,1639,Aqua,MODIS,100,6.3,298.4,140.3,N,0
-12.8186,130.5464,334.3,1.1,1,14/9/2019,1639,Aqua,MODIS,100,6.3,293.9,36.9,N,0
-12.8201,130.556,362.8,1.1,1,14/9/2019,1639,Aqua,MODIS,100,6.3,297.5,100.4,N,0
-12.8216,130.5657,336,1.1,1,14/9/2019,1639,Aqua,MODIS,100,6.3,295.2,37.9,N,0
-12.827,130.5491,331.5,1.1,1,14/9/2019,1639,Aqua,MODIS,100,6.3,295.4,32.7,N,0
-12.8285,130.5588,325.9,1.1,1,14/9/2019,1639,Aqua,MODIS,100,6.3,295,25,N,0
-15.6116,131.298,324.1,1,1,14/9/2019,1640,Aqua,MODIS,100,6.3,297.9,19.7,N,0
-15.613,131.3073,323,1,1,14/9/2019,1640,Aqua,MODIS,100,6.3,297.5,18.7,N,0
-15.622,131.3059,327.3,1,1,14/9/2019,1640,Aqua,MODIS,100,6.3,298.1,23.6,N,0
-15.6302,131.3614,328.9,1,1,14/9/2019,1640,Aqua,MODIS,100,6.3,297.3,25.8,N,0
-15.6282,131.2859,331.4,1,1,14/9/2019,1640,Aqua,MODIS,100,6.3,298.5,28.8,N,0
-12.9861,130.3938,362.6,2,1.4,15/9/2019,0204,Terra,MODIS,100,6.3,310.2,223.7,D,0
-12.9883,130.4124,361.8,2,1.4,15/9/2019,0204,Terra,MODIS,100,6.3,310.2,221,D,0
-15.6282,131.2727,363.5,2.6,1.5,15/9/2019,0205,Terra,MODIS,100,6.3,312.1,326.1,D,0
-15.6197,131.2682,364.8,2.6,1.5,15/9/2019,0205,Terra,MODIS,100,6.3,312.8,339.6,D,0
-15.645,131.2419,381.2,2.6,1.5,15/9/2019,0205,Terra,MODIS,100,6.3,308.8,577.1,D,0
-21.8996,119.54,379.9,1.2,1.1,15/9/2019,0207,Terra,MODIS,100,6.3,322.5,175.2,D,0
-21.8984,119.5464,362.7,1.2,1.1,15/9/2019,0207,Terra,MODIS,100,6.3,318.5,98.4,D,0
-21.8966,119.535,384.5,1.2,1.1,15/9/2019,0207,Terra,MODIS,100,6.3,321.1,200.2,D,0
-28.4457,122.596,379.2,1.1,1,15/9/2019,0209,Terra,MODIS,100,6.3,315.5,150.5,D,0
-28.4471,122.6069,417.7,1.1,1,15/9/2019,0209,Terra,MODIS,100,6.3,315,403,D,0
-28.4191,122.584,375.8,1.1,1,15/9/2019,0209,Terra,MODIS,100,6.3,317.2,134.4,D,0
-28.4206,122.595,385.8,1.1,1,15/9/2019,0209,Terra,MODIS,100,6.3,315.9,181.9,D,0
-28.4284,122.5825,366.7,1.1,1,15/9/2019,0209,Terra,MODIS,100,6.3,317.4,96.7,D,0
-28.4299,122.5934,360.2,1.1,1,15/9/2019,0209,Terra,MODIS,100,6.3,313.8,76.9,D,0
-28.4314,122.6044,367,1.1,1,15/9/2019,0209,Terra,MODIS,100,6.3,314.7,100.2,D,0
-28.4329,122.6154,408.4,1.1,1,15/9/2019,0209,Terra,MODIS,100,6.3,323.8,325.8,D,0
-28.4343,122.6263,381.1,1.1,1,15/9/2019,0209,Terra,MODIS,100,6.3,312.1,161.3,D,0
-28.4378,122.6085,423.4,1.1,1,15/9/2019,0209,Terra,MODIS,100,6.3,331.2,455.2,D,0
-28.4392,122.6195,419.5,1.1,1,15/9/2019,0209,Terra,MODIS,100,6.3,322.5,421.3,D,0
-26.2704,130.0102,370.4,1.6,1.3,15/9/2019,0450,Aqua,MODIS,100,6.3,323.5,196.6,D,0
-21.6387,134.5587,378.1,1,1,15/9/2019,0452,Aqua,MODIS,100,6.3,324.4,122.9,D,0
-21.628,134.5117,364.3,1,1,15/9/2019,0452,Aqua,MODIS,100,6.3,317,79.1,D,0
-15.3913,135.1447,369.8,1.2,1.1,15/9/2019,0453,Aqua,MODIS,100,6.3,316.5,115.4,D,0
-15.6532,131.2104,381.4,1.1,1,15/9/2019,0453,Aqua,MODIS,100,6.3,324.4,148.4,D,0
-15.6545,131.2005,416.6,1.1,1,15/9/2019,0453,Aqua,MODIS,100,6.3,329.6,380.4,D,0
-15.6559,131.1906,371.7,1.1,1,15/9/2019,0453,Aqua,MODIS,100,6.3,314.5,115.5,D,0
-15.6453,131.1992,378.3,1.1,1,15/9/2019,0453,Aqua,MODIS,100,6.3,325.3,139.8,D,0
-15.6466,131.1894,410.9,1.1,1,15/9/2019,0453,Aqua,MODIS,100,6.3,330.7,338.8,D,0
-15.6081,131.2639,367.7,1.1,1,15/9/2019,0453,Aqua,MODIS,100,6.3,323.8,89.3,D,0
-15.5989,131.2625,381.2,1.1,1,15/9/2019,0453,Aqua,MODIS,100,6.3,321.7,147.2,D,0
-15.636,131.1979,360.7,1.1,1,15/9/2019,0453,Aqua,MODIS,100,6.3,319.1,77,D,0
-15.6374,131.1881,388.7,1.1,1,15/9/2019,0453,Aqua,MODIS,100,6.3,323.1,194.8,D,0
-15.6227,131.2261,365.6,1.1,1,15/9/2019,0453,Aqua,MODIS,100,6.3,318.2,85.8,D,0
-15.6241,131.2162,368.3,1.1,1,15/9/2019,0453,Aqua,MODIS,100,6.3,317.7,96.9,D,0
-15.6254,131.2063,377.9,1.1,1,15/9/2019,0453,Aqua,MODIS,100,6.3,320.9,136.3,D,0
-15.6268,131.1966,382.3,1.1,1,15/9/2019,0453,Aqua,MODIS,100,6.3,317.6,158.7,D,0
-15.6281,131.1867,420.6,1.1,1,15/9/2019,0453,Aqua,MODIS,100,6.3,325.4,421.5,D,0
-15.6294,131.1769,393.1,1.1,1,15/9/2019,0453,Aqua,MODIS,100,6.3,316.8,220,D,0
-13.7622,130.3425,369.4,1.1,1,15/9/2019,0454,Aqua,MODIS,100,6.3,326.5,104.4,D,0
-13.7528,130.3411,376.4,1.1,1,15/9/2019,0454,Aqua,MODIS,100,6.3,322.8,132.8,D,0
-12.2589,132.9729,368.4,1,1,15/9/2019,0454,Aqua,MODIS,100,6.3,303,102.5,D,0
-12.268,132.9743,381.8,1,1,15/9/2019,0454,Aqua,MODIS,100,6.3,307.2,152.7,D,0
-12.5792,131.1812,375.3,1,1,15/9/2019,0454,Aqua,MODIS,100,6.3,314.7,119.4,D,0
-12.5779,131.1905,367.4,1,1,15/9/2019,0454,Aqua,MODIS,100,6.3,317.1,90.8,D,0
-12.785,130.4967,400,1.1,1,15/9/2019,0454,Aqua,MODIS,100,6.3,314.7,266.8,D,0
-12.7836,130.5065,461.2,1.1,1,15/9/2019,0454,Aqua,MODIS,100,6.3,339.6,941,D,0
-12.7823,130.5163,388.7,1.1,1,15/9/2019,0454,Aqua,MODIS,100,6.3,315.7,196.1,D,0
-12.7929,130.5078,408.9,1.1,1,15/9/2019,0454,Aqua,MODIS,100,6.3,321.9,327.7,D,0
-12.7915,130.5176,436.9,1.1,1,15/9/2019,0454,Aqua,MODIS,100,6.3,337.9,594.2,D,0
-12.7902,130.5274,376.5,1.1,1,15/9/2019,0454,Aqua,MODIS,100,6.3,319.1,132.9,D,0
-12.7888,130.5372,374.7,1.1,1,15/9/2019,0454,Aqua,MODIS,100,6.3,318,124.2,D,0
-12.7875,130.547,372.3,1.1,1,15/9/2019,0454,Aqua,MODIS,100,6.3,316.9,114.9,D,0
-12.8022,130.5092,389.1,1.1,1,15/9/2019,0454,Aqua,MODIS,100,6.3,314.3,198.4,D,0
-12.8008,130.519,457.5,1.1,1,15/9/2019,0454,Aqua,MODIS,100,6.3,338.2,876.2,D,0
-12.7995,130.5288,395.6,1.1,1,15/9/2019,0454,Aqua,MODIS,100,6.3,323.3,227.1,D,0
-12.7954,130.5581,362.3,1.1,1,15/9/2019,0454,Aqua,MODIS,100,6.3,318.5,74.2,D,0
-12.8087,130.5301,379.8,1.1,1,15/9/2019,0454,Aqua,MODIS,100,6.3,319.7,145.4,D,0
-12.8074,130.5399,376,1.1,1,15/9/2019,0454,Aqua,MODIS,100,6.3,321.9,128.3,D,0
-12.7512,130.9439,406.9,1,1,15/9/2019,0454,Aqua,MODIS,100,6.3,317.6,291.8,D,0
-12.7499,130.9534,452,1,1,15/9/2019,0454,Aqua,MODIS,100,6.3,328.3,753.7,D,0
-12.7591,130.9547,390.9,1,1,15/9/2019,0454,Aqua,MODIS,100,6.3,322.5,192.9,D,0
-12.8314,130.5034,384.5,1.1,1,15/9/2019,0454,Aqua,MODIS,100,6.3,322.7,176.1,D,0
-12.8366,130.5098,393.7,1.1,1,15/9/2019,0454,Aqua,MODIS,100,6.3,321,223,D,0
-12.8459,130.5111,390.9,1.1,1,15/9/2019,0454,Aqua,MODIS,100,6.3,313,205.9,D,0
-12.8445,130.5209,390.8,1.1,1,15/9/2019,0454,Aqua,MODIS,100,6.3,317.5,202.5,D,0
-12.8418,130.6101,389,1.1,1,15/9/2019,0454,Aqua,MODIS,100,6.3,316.7,187.4,D,0
-12.8405,130.6198,377.3,1.1,1,15/9/2019,0454,Aqua,MODIS,100,6.3,314.3,131.5,D,0
-12.8629,130.6627,387.1,1.1,1,15/9/2019,0454,Aqua,MODIS,100,6.3,319.6,177.1,D,0
-12.8882,130.5472,376.8,1.1,1,15/9/2019,0454,Aqua,MODIS,100,6.3,318.6,139.1,D,0
-12.993,130.3879,383.9,1.1,1,15/9/2019,0454,Aqua,MODIS,100,6.3,320.9,168.1,D,0
-13.0023,130.3893,385.2,1.1,1,15/9/2019,0454,Aqua,MODIS,100,6.3,319.7,175.7,D,0
-13.0009,130.3992,365.4,1.1,1,15/9/2019,0454,Aqua,MODIS,100,6.3,320.7,92.2,D,0
-13.0103,130.4006,367.6,1.1,1,15/9/2019,0454,Aqua,MODIS,100,6.3,316.1,100.9,D,0
-13.0089,130.4105,366.1,1.1,1,15/9/2019,0454,Aqua,MODIS,100,6.3,317,96.4,D,0
-13.3571,130.87,412.3,1,1,15/9/2019,0454,Aqua,MODIS,100,6.3,328,332.3,D,0
-13.3558,130.8796,407.6,1,1,15/9/2019,0454,Aqua,MODIS,100,6.3,326.7,296.7,D,0
-13.4376,130.8193,360.7,1.1,1,15/9/2019,0454,Aqua,MODIS,100,6.3,318.9,69.7,D,0
-13.4653,130.8232,361.7,1.1,1,15/9/2019,0454,Aqua,MODIS,100,6.3,319.1,73.4,D,0
-14.3647,133.0395,360.2,1,1,15/9/2019,0454,Aqua,MODIS,100,6.3,319.9,61.6,D,0
-14.3661,133.0302,362.3,1,1,15/9/2019,0454,Aqua,MODIS,100,6.3,320.2,70.4,D,0
-14.3571,133.0288,380.2,1,1,15/9/2019,0454,Aqua,MODIS,100,6.3,321.1,132.6,D,0
-31.1149,115.9064,374,1.3,1.1,15/9/2019,0628,Aqua,MODIS,100,6.3,302.4,192.2,D,0
-28.4423,122.6353,365.8,4.2,1.9,15/9/2019,0628,Aqua,MODIS,100,6.3,314,692.6,D,0
-30.8118,152.0804,322.9,1,1,15/9/2019,1235,Terra,MODIS,100,6.3,287.2,23.4,N,0
-31.3149,146.3947,320.9,2.1,1.4,15/9/2019,1235,Terra,MODIS,100,6.3,282.6,65,N,0
-29.7231,152.0646,333.3,1,1,15/9/2019,1236,Terra,MODIS,100,6.3,287.6,34.8,N,0
-29.7217,152.0752,360,1,1,15/9/2019,1236,Terra,MODIS,100,6.3,291.9,89.3,N,0
-29.7336,152.0556,327.1,1,1,15/9/2019,1236,Terra,MODIS,100,6.3,286.6,27.5,N,0
-29.7322,152.0664,341.8,1,1,15/9/2019,1236,Terra,MODIS,100,6.3,288.4,48,N,0
-29.7308,152.0771,342.1,1,1,15/9/2019,1236,Terra,MODIS,100,6.3,289.2,48,N,0
-29.7837,152.1578,330.7,1,1,15/9/2019,1236,Terra,MODIS,100,6.3,289.5,31.1,N,0
-29.7851,152.1474,328.2,1,1,15/9/2019,1236,Terra,MODIS,100,6.3,289.2,27.7,N,0
-29.776,152.1455,328.9,1,1,15/9/2019,1236,Terra,MODIS,100,6.3,288.8,28.7,N,0
-29.7701,152.0625,333.2,1,1,15/9/2019,1236,Terra,MODIS,100,6.3,288,36.3,N,0
-29.7552,152.1032,349.9,1,1,15/9/2019,1236,Terra,MODIS,100,6.3,290.3,64.7,N,0
-29.7624,152.05,326.9,1,1,15/9/2019,1236,Terra,MODIS,100,6.3,286.5,28.1,N,0
-29.7461,152.1017,333.4,1,1,15/9/2019,1236,Terra,MODIS,100,6.3,288.2,34.4,N,0
-27.0747,149.7982,326.9,1.2,1.1,15/9/2019,1236,Terra,MODIS,100,6.3,286.5,35,N,0
-27.0732,149.8099,326.5,1.2,1.1,15/9/2019,1236,Terra,MODIS,100,6.3,287.2,34.3,N,0
-27.5164,149.0753,329.3,1.3,1.1,15/9/2019,1236,Terra,MODIS,100,6.3,284,43.7,N,0
-28.8885,152.2668,335.1,1,1,15/9/2019,1236,Terra,MODIS,100,6.3,286.5,37.6,N,0
-28.8933,152.2995,326.3,1,1,15/9/2019,1236,Terra,MODIS,100,6.3,289.2,24.2,N,0
-28.8918,152.3099,361.9,1,1,15/9/2019,1236,Terra,MODIS,100,6.3,292.6,92.8,N,0
-28.8904,152.3202,337.9,1,1,15/9/2019,1236,Terra,MODIS,100,6.3,288.7,41.9,N,0
-28.9009,152.3116,338.9,1,1,15/9/2019,1236,Terra,MODIS,100,6.3,289.8,42.8,N,0
-28.8995,152.3219,380.1,1,1,15/9/2019,1236,Terra,MODIS,100,6.3,295.5,157.1,N,0
-28.9085,152.3235,339.9,1,1,15/9/2019,1236,Terra,MODIS,100,6.3,292.4,45.3,N,0
-28.9071,152.3338,335.9,1,1,15/9/2019,1236,Terra,MODIS,100,6.3,292.5,40,N,0
-28.9158,152.3306,336,1,1,15/9/2019,1236,Terra,MODIS,100,6.3,291.5,38.2,N,0
-28.9144,152.3409,331,1,1,15/9/2019,1236,Terra,MODIS,100,6.3,290.7,32.7,N,0
-29.1537,152.4073,325.3,1,1,15/9/2019,1236,Terra,MODIS,100,6.3,289.5,24,N,0
-29.1718,152.4107,328.6,1,1,15/9/2019,1236,Terra,MODIS,100,6.3,287.4,27.9,N,0
-29.1704,152.4211,335.5,1,1,15/9/2019,1236,Terra,MODIS,100,6.3,288.9,37.9,N,0
-29.1792,152.4183,334.3,1,1,15/9/2019,1236,Terra,MODIS,100,6.3,288.8,36.9,N,0
-22.4525,150.6025,332.4,1,1,15/9/2019,1238,Terra,MODIS,100,6.3,291.4,33,N,0
-28.395,122.5825,326.2,1.7,1.3,15/9/2019,1415,Terra,MODIS,100,6.3,294.6,48.1,N,0
-28.3932,122.5997,327.8,1.7,1.3,15/9/2019,1415,Terra,MODIS,100,6.3,294.5,53.7,N,0
-28.377,122.5563,328.3,1.7,1.3,15/9/2019,1415,Terra,MODIS,100,6.3,294.7,56.2,N,0
-28.3868,122.5751,320.3,1.7,1.3,15/9/2019,1415,Terra,MODIS,100,6.3,294.3,37.2,N,0
-28.4048,122.6012,341.4,1.7,1.3,15/9/2019,1415,Terra,MODIS,100,6.3,296,94,N,0
-28.4243,122.6384,328.8,1.7,1.3,15/9/2019,1415,Terra,MODIS,100,6.3,293.8,55.7,N,0
-14.827,130.0835,349.5,1.7,1.3,15/9/2019,1418,Terra,MODIS,100,6.3,297.5,131.1,N,0
-14.8243,130.0999,356.9,1.7,1.3,15/9/2019,1418,Terra,MODIS,100,6.3,298.2,170.3,N,0
-15.6677,131.185,339,2,1.4,15/9/2019,1418,Terra,MODIS,100,6.3,294.3,110.8,N,0
-15.6647,131.2031,363.5,2,1.4,15/9/2019,1418,Terra,MODIS,100,6.3,299.3,259.5,N,0
-15.6615,131.2217,331.5,2,1.4,15/9/2019,1418,Terra,MODIS,100,6.3,295.3,80.1,N,0
-15.6521,131.2771,356.7,2,1.4,15/9/2019,1418,Terra,MODIS,100,6.3,300.3,211.4,N,0
-15.6489,131.2958,352.5,2,1.4,15/9/2019,1418,Terra,MODIS,100,6.3,299.9,185.2,N,0
-15.6676,131.261,327.9,2,1.4,15/9/2019,1418,Terra,MODIS,100,6.3,297.6,69.2,N,0
-15.6697,131.1911,355.3,2,1.4,15/9/2019,1418,Terra,MODIS,100,6.3,296,199.4,N,0
-15.6665,131.2094,358.2,2,1.4,15/9/2019,1418,Terra,MODIS,100,6.3,297.6,219.2,N,0
-15.6632,131.228,321.9,2,1.4,15/9/2019,1418,Terra,MODIS,100,6.3,293.9,48.3,N,0
-15.6567,131.2647,328.1,2,1.4,15/9/2019,1418,Terra,MODIS,100,6.3,297.5,68.1,N,0
-15.6535,131.2831,366.5,2,1.4,15/9/2019,1418,Terra,MODIS,100,6.3,301.6,288.1,N,0
-15.6501,131.3019,327.6,2,1.4,15/9/2019,1418,Terra,MODIS,100,6.3,297.8,68.4,N,0
-15.6723,131.2488,320.5,2,1.4,15/9/2019,1418,Terra,MODIS,100,6.3,295.2,45.9,N,0
-15.6691,131.2668,321.3,2,1.4,15/9/2019,1418,Terra,MODIS,100,6.3,297.3,48.8,N,0
-17.3089,125.5079,328.3,1,1,15/9/2019,1418,Terra,MODIS,100,6.3,298.1,24.5,N,0
-17.3184,125.5057,328.8,1,1,15/9/2019,1418,Terra,MODIS,100,6.3,298.5,24.3,N,0
-12.5966,131.1589,375.9,2.3,1.5,15/9/2019,1419,Terra,MODIS,100,6.3,296.9,452,N,0
-12.5931,131.1797,357.1,2.3,1.5,15/9/2019,1419,Terra,MODIS,100,6.3,294.1,259.5,N,0
-28.8958,152.3333,320.4,3.5,1.8,15/9/2019,1548,Aqua,MODIS,100,6.3,287.1,125.9,N,0
-29.726,152.089,323.8,3.4,1.7,15/9/2019,1548,Aqua,MODIS,100,6.3,286.8,140.2,N,0
-28.3735,122.5213,325.4,1.5,1.2,15/9/2019,1727,Aqua,MODIS,100,6.3,289.9,45.9,N,0
-28.3718,122.5055,332,1.5,1.2,15/9/2019,1727,Aqua,MODIS,100,6.3,290.1,61.3,N,0
-16.3349,133.7765,363.1,1.4,1.2,16/9/2019,0110,Terra,MODIS,100,6.3,312.7,128.3,D,0
-30.0541,152.4246,360,1.1,1.1,16/9/2019,0353,Aqua,MODIS,100,6.3,305,92.7,D,0
-30.0635,152.4265,364.2,1.1,1.1,16/9/2019,0353,Aqua,MODIS,100,6.3,306.8,105.5,D,0
-30.0616,152.4381,374.5,1.1,1.1,16/9/2019,0353,Aqua,MODIS,100,6.3,304.5,145.5,D,0
-29.8379,152.1724,369.1,1.1,1,16/9/2019,0354,Aqua,MODIS,100,6.3,303.3,120.4,D,0
-29.8398,152.1603,386,1.1,1,16/9/2019,0354,Aqua,MODIS,100,6.3,312.5,194.2,D,0
-29.8416,152.1487,383.5,1.1,1,16/9/2019,0354,Aqua,MODIS,100,6.3,313.6,181,D,0
-29.8433,152.1382,363.4,1.1,1,16/9/2019,0354,Aqua,MODIS,100,6.3,306.3,98.7,D,0
-29.8451,152.1271,365,1.1,1,16/9/2019,0354,Aqua,MODIS,100,6.3,306.2,105.3,D,0
-29.8468,152.1159,361.4,1.1,1,16/9/2019,0354,Aqua,MODIS,100,6.3,306.5,93.9,D,0
-29.825,152.1922,439.2,1.1,1,16/9/2019,0354,Aqua,MODIS,100,6.3,311.1,655.7,D,0
-29.8267,152.1815,446.8,1.1,1,16/9/2019,0354,Aqua,MODIS,100,6.3,324.1,754.2,D,0
-29.8322,152.1469,367.5,1.1,1,16/9/2019,0354,Aqua,MODIS,100,6.3,308.9,111.7,D,0
-29.8156,152.1906,386,1.1,1,16/9/2019,0354,Aqua,MODIS,100,6.3,311.7,195.4,D,0
-29.8173,152.1798,403.6,1.1,1,16/9/2019,0354,Aqua,MODIS,100,6.3,326.1,300.5,D,0
-29.8079,152.1779,365.2,1.1,1,16/9/2019,0354,Aqua,MODIS,100,6.3,308.4,102.1,D,0
-29.7725,152.1573,368.1,1.1,1,16/9/2019,0354,Aqua,MODIS,100,6.3,304.3,114.8,D,0
-29.7743,152.1463,383.2,1.1,1,16/9/2019,0354,Aqua,MODIS,100,6.3,307.3,179.3,D,0
-29.7761,152.135,399.2,1.1,1,16/9/2019,0354,Aqua,MODIS,100,6.3,311.9,271.4,D,0
-29.7715,152.1274,378.1,1.1,1,16/9/2019,0354,Aqua,MODIS,100,6.3,308.2,156.5,D,0
-29.7732,152.1162,387,1.1,1,16/9/2019,0354,Aqua,MODIS,100,6.3,316.4,198.9,D,0
-29.7729,152.0571,383.7,1.1,1,16/9/2019,0354,Aqua,MODIS,100,6.3,307.5,181.8,D,0
-29.7746,152.046,365.5,1.1,1,16/9/2019,0354,Aqua,MODIS,100,6.3,308,106.5,D,0
-29.7453,152.109,362.7,1.1,1,16/9/2019,0354,Aqua,MODIS,100,6.3,302.3,96.4,D,0
-29.7302,152.0829,398.1,1.1,1,16/9/2019,0354,Aqua,MODIS,100,6.3,314.2,259.8,D,0
-29.732,152.0717,421.5,1.1,1,16/9/2019,0354,Aqua,MODIS,100,6.3,320.9,447.5,D,0
-29.7337,152.0607,463,1.1,1,16/9/2019,0354,Aqua,MODIS,100,6.3,331.7,996.3,D,0
-29.7226,152.07,365.7,1.1,1,16/9/2019,0354,Aqua,MODIS,100,6.3,310.5,103.2,D,0
-29.7243,152.0591,373.4,1.1,1,16/9/2019,0354,Aqua,MODIS,100,6.3,313.6,133.3,D,0
-29.6502,152.4572,388.1,1.1,1.1,16/9/2019,0354,Aqua,MODIS,100,6.3,311.9,216.9,D,0
-28.9183,152.3569,424.4,1.1,1.1,16/9/2019,0354,Aqua,MODIS,100,6.3,321.3,511.6,D,0
-28.9202,152.3452,379.6,1.1,1.1,16/9/2019,0354,Aqua,MODIS,100,6.3,313.6,169.7,D,0
-28.9068,152.3665,403.4,1.1,1.1,16/9/2019,0354,Aqua,MODIS,100,6.3,302.8,323.2,D,0
-28.9087,152.3548,504.4,1.1,1.1,16/9/2019,0354,Aqua,MODIS,100,6.3,400.1,2056.7,D,0
-28.9107,152.3431,460.2,1.1,1.1,16/9/2019,0354,Aqua,MODIS,100,6.3,400.1,1014.9,D,0
-28.9051,152.3604,424.8,1.1,1.1,16/9/2019,0354,Aqua,MODIS,100,6.3,314.5,518.1,D,0
-28.9069,152.3487,476.9,1.1,1.1,16/9/2019,0354,Aqua,MODIS,100,6.3,400.1,1347.4,D,0
-28.9088,152.3369,384.4,1.1,1.1,16/9/2019,0354,Aqua,MODIS,100,6.3,322,194.6,D,0
-28.8974,152.3467,407.8,1.1,1.1,16/9/2019,0354,Aqua,MODIS,100,6.3,314.6,354,D,0
-28.8993,152.3348,400.1,1.1,1.1,16/9/2019,0354,Aqua,MODIS,100,6.3,314.2,293.4,D,0
-28.9012,152.323,429,1.1,1.1,16/9/2019,0354,Aqua,MODIS,100,6.3,319.9,559.3,D,0
-28.9031,152.3113,364.1,1.1,1.1,16/9/2019,0354,Aqua,MODIS,100,6.3,307.8,104.1,D,0
-28.8917,152.3209,366,1.1,1.1,16/9/2019,0354,Aqua,MODIS,100,6.3,306.2,113.3,D,0
-28.8936,152.3093,415.1,1.1,1.1,16/9/2019,0354,Aqua,MODIS,100,6.3,315.2,415,D,0
-28.8954,152.2978,381.6,1.1,1.1,16/9/2019,0354,Aqua,MODIS,100,6.3,314.2,178.9,D,0
-28.8859,152.296,374.1,1.1,1.1,16/9/2019,0354,Aqua,MODIS,100,6.3,311.7,144.7,D,0
-26.1416,153.0618,389.3,1.3,1.2,16/9/2019,0354,Aqua,MODIS,100,6.3,310.9,292.6,D,0
-17.1939,143.2359,362,1.4,1.2,16/9/2019,0357,Aqua,MODIS,100,6.3,315.2,112.7,D,0
-14.6202,141.624,364.3,1.6,1.3,16/9/2019,0358,Aqua,MODIS,100,6.3,306.7,171.8,D,0
-14.6183,141.6389,360.9,1.6,1.2,16/9/2019,0358,Aqua,MODIS,100,6.3,304,149.9,D,0
-14.6186,141.629,383.6,1.6,1.3,16/9/2019,0358,Aqua,MODIS,100,6.3,307.5,309.9,D,0
-28.8876,152.3051,328.7,3.4,1.7,16/9/2019,1319,Terra,MODIS,100,6.3,288.7,164.6,N,0
-28.8779,152.2975,320.9,3.4,1.7,16/9/2019,1319,Terra,MODIS,100,6.3,286.8,117.7,N,0
-14.1999,130.8031,339.3,2.8,1.6,16/9/2019,1323,Terra,MODIS,100,6.3,282.9,186.7,N,0
-14.1975,130.7975,329.1,2.8,1.6,16/9/2019,1323,Terra,MODIS,100,6.3,282.3,124.3,N,0
-28.8817,152.3107,349.9,1.3,1.1,16/9/2019,1453,Aqua,MODIS,100,6.3,291.9,91.2,N,0
-28.884,152.3237,362.7,1.3,1.1,16/9/2019,1453,Aqua,MODIS,100,6.3,296.2,135,N,0
-28.893,152.3753,331.5,1.3,1.1,16/9/2019,1453,Aqua,MODIS,100,6.3,291.3,46,N,0
-28.8953,152.3884,325.6,1.3,1.1,16/9/2019,1453,Aqua,MODIS,100,6.3,289.8,37.6,N,0
-28.8975,152.4013,330.8,1.3,1.1,16/9/2019,1453,Aqua,MODIS,100,6.3,288.7,45.7,N,0
-28.8998,152.4142,341.9,1.3,1.1,16/9/2019,1453,Aqua,MODIS,100,6.3,289.6,70.2,N,0
-28.9053,152.386,323.5,1.3,1.1,16/9/2019,1453,Aqua,MODIS,100,6.3,291.8,32,N,0
-28.9076,152.3989,327.8,1.3,1.1,16/9/2019,1453,Aqua,MODIS,100,6.3,292.4,39,N,0
-28.9098,152.4119,333.9,1.3,1.1,16/9/2019,1453,Aqua,MODIS,100,6.3,292.4,51,N,0
-28.9154,152.3838,326.4,1.3,1.1,16/9/2019,1453,Aqua,MODIS,100,6.3,291.7,36.1,N,0
-28.9176,152.3967,330.7,1.3,1.1,16/9/2019,1453,Aqua,MODIS,100,6.3,290.5,44.7,N,0
-28.9277,152.3945,327,1.3,1.1,16/9/2019,1453,Aqua,MODIS,100,6.3,285.3,39.1,N,0
-29.7178,152.0985,326,1.3,1.1,16/9/2019,1453,Aqua,MODIS,100,6.3,289.8,34.9,N,0
-29.7619,152.1699,320.3,1.3,1.1,16/9/2019,1453,Aqua,MODIS,100,6.3,290.5,26.8,N,0
-29.7741,152.0607,333.3,1.3,1.1,16/9/2019,1453,Aqua,MODIS,100,6.3,286,50.7,N,0
-29.8058,152.2423,333,1.3,1.1,16/9/2019,1453,Aqua,MODIS,100,6.3,291.1,48.1,N,0
-29.841,152.1483,328.6,1.3,1.1,16/9/2019,1453,Aqua,MODIS,100,6.3,288.2,39.4,N,0
-30.7667,152.0872,321.9,1.2,1.1,16/9/2019,1453,Aqua,MODIS,100,6.3,289.2,29,N,0
-26.1396,153.0625,402.9,1.4,1.2,17/9/2019,0017,Terra,MODIS,100,6.3,310.2,414.7,D,0
-26.15,153.0611,371.3,1.4,1.2,17/9/2019,0017,Terra,MODIS,100,6.3,299.5,181,D,0
-26.6224,147.8241,365.2,1,1,17/9/2019,0017,Terra,MODIS,100,6.3,311.9,92.4,D,0
-41.5018,147.4946,400.4,1.1,1.1,17/9/2019,0021,Terra,MODIS,100,6.3,294,300.4,D,0
-41.5045,147.4875,367.6,1.1,1.1,17/9/2019,0021,Terra,MODIS,100,6.3,291.2,129.5,D,0
-41.5061,147.5007,366.6,1.1,1.1,17/9/2019,0021,Terra,MODIS,100,6.3,288.8,125.9,D,0
-12.8793,130.4788,384.7,1.2,1.1,17/9/2019,0152,Terra,MODIS,100,6.3,301.4,222.6,D,0
-12.8808,130.4902,366.3,1.2,1.1,17/9/2019,0152,Terra,MODIS,100,6.3,305.3,126,D,0
-13.045,130.4265,365.3,1.2,1.1,17/9/2019,0152,Terra,MODIS,100,6.3,305,120.1,D,0
-14.345,135.4608,361.1,3,1.7,17/9/2019,0152,Terra,MODIS,100,6.3,302.6,392.5,D,0
-16.3143,133.7332,368.4,2.4,1.5,17/9/2019,0153,Terra,MODIS,100,6.3,308.5,341.6,D,0
-14.3687,126.8939,375.6,1,1,17/9/2019,0153,Terra,MODIS,100,6.3,309,121,D,0
-21.6684,134.5505,368.3,1.2,1.1,17/9/2019,0439,Aqua,MODIS,100,6.3,321.5,109.9,D,0
-21.667,134.5618,368.5,1.2,1.1,17/9/2019,0439,Aqua,MODIS,100,6.3,321.1,109.4,D,0
-17.1935,143.254,365.7,2.3,1.5,17/9/2019,0440,Aqua,MODIS,100,6.3,310.2,294.3,D,0
-17.2067,143.2566,360.2,2.3,1.5,17/9/2019,0440,Aqua,MODIS,100,6.3,311.7,243.2,D,0
-17.1711,143.2271,363.8,2.3,1.5,17/9/2019,0440,Aqua,MODIS,100,6.3,313.9,273.5,D,0
-16.2498,136.2141,361.3,1,1,17/9/2019,0441,Aqua,MODIS,100,6.3,316.5,67.8,D,0
-16.2539,136.1861,390,1,1,17/9/2019,0441,Aqua,MODIS,100,6.3,317.9,176.6,D,0
-16.2552,136.1768,383.1,1,1,17/9/2019,0441,Aqua,MODIS,100,6.3,318.2,145.3,D,0
-16.2435,136.194,400.7,1,1,17/9/2019,0441,Aqua,MODIS,100,6.3,322.5,236,D,0
-16.2449,136.1847,390.8,1,1,17/9/2019,0441,Aqua,MODIS,100,6.3,319.8,180.3,D,0
-16.2462,136.1753,362.3,1,1,17/9/2019,0441,Aqua,MODIS,100,6.3,317.9,72.7,D,0
-16.2345,136.1926,400.1,1,1,17/9/2019,0441,Aqua,MODIS,100,6.3,325.5,232.4,D,0
-16.2359,136.1833,385.7,1,1,17/9/2019,0441,Aqua,MODIS,100,6.3,321.3,156,D,0
-16.2269,136.1818,367.5,1,1,17/9/2019,0441,Aqua,MODIS,100,6.3,316.7,85.5,D,0
-16.2026,136.159,383.8,1,1,17/9/2019,0441,Aqua,MODIS,100,6.3,323.2,151.3,D,0
-16.2039,136.1496,393.3,1,1,17/9/2019,0441,Aqua,MODIS,100,6.3,320.2,198.7,D,0
-16.3125,133.7053,360.3,1.1,1.1,17/9/2019,0441,Aqua,MODIS,100,6.3,324.3,74.9,D,0
-16.3139,133.6947,365.9,1.1,1.1,17/9/2019,0441,Aqua,MODIS,100,6.3,321.6,99.1,D,0
-16.3153,133.6841,376,1.1,1.1,17/9/2019,0441,Aqua,MODIS,100,6.3,317.9,144.5,D,0
-16.3029,133.7039,366.4,1.1,1.1,17/9/2019,0441,Aqua,MODIS,100,6.3,321.5,97.8,D,0
-15.4742,135.2715,364.7,1,1,17/9/2019,0441,Aqua,MODIS,100,6.3,319.2,79,D,0
-15.4651,135.2701,373.8,1,1,17/9/2019,0441,Aqua,MODIS,100,6.3,322.3,107.9,D,0
-14.3261,135.4588,378.5,1,1,17/9/2019,0441,Aqua,MODIS,100,6.3,320.9,123.8,D,0
-14.3274,135.4496,383.2,1,1,17/9/2019,0441,Aqua,MODIS,100,6.3,320.8,145,D,0
-13.0759,130.3319,369.5,1.7,1.3,17/9/2019,0442,Aqua,MODIS,100,6.3,298.8,216.3,D,0
-12.5118,134.182,370.2,1,1,17/9/2019,0442,Aqua,MODIS,100,6.3,303.3,105.6,D,0
-28.3864,122.5417,379.8,2.6,1.5,17/9/2019,0616,Aqua,MODIS,100,6.3,317.2,550.3,D,0
-28.3813,122.5325,362.4,2.6,1.5,17/9/2019,0616,Aqua,MODIS,100,6.3,315.4,311.2,D,0
-26.1542,153.0626,338.6,1.1,1.1,17/9/2019,1224,Terra,MODIS,100,6.3,288.9,47,N,0
-26.1527,153.074,352.4,1.1,1.1,17/9/2019,1224,Terra,MODIS,100,6.3,290.8,77.9,N,0
-26.1666,153.0414,336.5,1.1,1.1,17/9/2019,1224,Terra,MODIS,100,6.3,288.7,44.8,N,0
-26.1793,153.0493,343,1.1,1.1,17/9/2019,1224,Terra,MODIS,100,6.3,289.1,56,N,0
-13.5278,132.2457,338.8,1.6,1.2,17/9/2019,1406,Terra,MODIS,100,6.3,293.5,76.6,N,0
-13.5168,132.2438,348.4,1.6,1.2,17/9/2019,1406,Terra,MODIS,100,6.3,293.2,110,N,0
-13.514,132.2521,323,1.6,1.2,17/9/2019,1406,Terra,MODIS,100,6.3,291.9,37.2,N,0
-13.5162,132.2381,325.2,1.6,1.2,17/9/2019,1406,Terra,MODIS,100,6.3,292.4,41,N,0
-26.1848,153.0489,322.8,2.2,1.4,17/9/2019,1535,Aqua,MODIS,100,6.3,286.6,67,N,0
-26.1968,153.0619,336.7,2.2,1.4,17/9/2019,1535,Aqua,MODIS,100,6.3,288.7,120.6,N,0
-30.861,121.4945,326.8,1,1,17/9/2019,1715,Aqua,MODIS,100,6.3,287.7,29.3,N,2
-12.653,142.5267,388.4,1,1,18/9/2019,0056,Terra,MODIS,100,6.3,310.2,188.9,D,0
-12.0229,133.1517,372.8,3.1,1.7,18/9/2019,0057,Terra,MODIS,100,6.3,310.9,585.4,D,0
-12.024,133.1575,374.8,3.1,1.7,18/9/2019,0057,Terra,MODIS,100,6.3,310.9,613.4,D,0
-16.2393,136.1507,362.6,1.5,1.2,18/9/2019,0058,Terra,MODIS,100,6.3,312.2,144.5,D,0
-29.2783,149.3891,383.4,1.3,1.1,18/9/2019,0342,Aqua,MODIS,100,6.3,314.4,220.3,D,0
-26.276,150.8749,366.1,1,1,18/9/2019,0342,Aqua,MODIS,100,6.3,309.9,101,D,0
-25.495,150.4779,360.5,1.1,1,18/9/2019,0343,Aqua,MODIS,100,6.3,312.9,79.9,D,0
-25.4858,150.4763,397.7,1.1,1,18/9/2019,0343,Aqua,MODIS,100,6.3,321.2,245.1,D,0
-17.1339,143.2462,361.7,2.3,1.5,18/9/2019,0345,Aqua,MODIS,100,6.3,314.5,243.4,D,0
-17.1494,143.2265,360.1,2.3,1.5,18/9/2019,0345,Aqua,MODIS,100,6.3,319.6,222,D,0
-17.147,143.2478,394.8,2.3,1.5,18/9/2019,0345,Aqua,MODIS,100,6.3,324.6,675.2,D,0
-17.1362,143.2249,367.7,2.3,1.5,18/9/2019,0345,Aqua,MODIS,100,6.3,312.8,302.1,D,0
-12.7571,143.1118,372.5,2,1.4,18/9/2019,0346,Aqua,MODIS,100,6.3,305.4,317,D,0
-12.7588,143.1172,374.5,2,1.4,18/9/2019,0346,Aqua,MODIS,100,6.3,306.1,338.3,D,0
-12.6518,142.4982,375.3,2.2,1.4,18/9/2019,0346,Aqua,MODIS,100,6.3,306.2,389,D,0
-12.6493,142.5029,376.6,2.2,1.4,18/9/2019,0346,Aqua,MODIS,100,6.3,306.5,406.9,D,0
-11.8358,142.5705,369.9,2.1,1.4,18/9/2019,0347,Aqua,MODIS,100,6.3,303.6,325,D,0
-21.6785,134.5346,379.9,2.7,1.6,18/9/2019,0522,Aqua,MODIS,100,6.3,319.4,573.2,D,0
-21.6885,134.5291,369.1,2.7,1.6,18/9/2019,0522,Aqua,MODIS,100,6.3,314.7,400.5,D,0
-16.8297,122.9551,380.1,1.1,1.1,18/9/2019,0524,Aqua,MODIS,100,6.3,319.7,157.6,D,0
-16.8283,122.9657,368.4,1.1,1.1,18/9/2019,0524,Aqua,MODIS,100,6.3,320.5,106.4,D,0
-29.2661,149.3939,322.8,1.3,1.1,18/9/2019,1307,Terra,MODIS,100,6.3,287.8,34.1,N,0
-29.2764,149.3963,345.6,1.3,1.1,18/9/2019,1307,Terra,MODIS,100,6.3,290.7,85.8,N,0
-29.274,149.41,326.9,1.3,1.1,18/9/2019,1307,Terra,MODIS,100,6.3,285.9,41.8,N,0
-29.2685,149.3801,326.1,1.3,1.1,18/9/2019,1307,Terra,MODIS,100,6.3,287.3,39,N,0
-29.2582,149.3777,345.7,1.3,1.1,18/9/2019,1307,Terra,MODIS,100,6.3,292,84.6,N,0
-29.2606,149.364,366.7,1.3,1.1,18/9/2019,1307,Terra,MODIS,100,6.3,292.6,164.8,N,0
-17.1663,143.2642,321.4,1,1,18/9/2019,1310,Terra,MODIS,100,6.3,293,18.6,N,0
-17.2115,143.2681,324.3,1,1,18/9/2019,1310,Terra,MODIS,100,6.3,294.9,21.1,N,0
-17.2428,143.244,328.5,1,1,18/9/2019,1310,Terra,MODIS,100,6.3,295.9,26.4,N,0
-29.2575,149.3887,329.2,3.1,1.7,18/9/2019,1441,Aqua,MODIS,100,6.3,286.1,157.2,N,0
-29.2518,149.3618,320.6,3.1,1.7,18/9/2019,1441,Aqua,MODIS,100,6.3,283.9,107.6,N,0
-29.2587,149.3932,328.7,3.1,1.7,18/9/2019,1441,Aqua,MODIS,100,6.3,285.9,155.4,N,0
-26.1594,153.0116,360.4,1,1,19/9/2019,0005,Terra,MODIS,100,6.3,296.7,79,D,0
-26.815,147.7701,366.3,1.4,1.2,19/9/2019,0005,Terra,MODIS,100,6.3,310.3,151.2,D,0
-26.8216,147.7767,381.3,1.4,1.2,19/9/2019,0005,Terra,MODIS,100,6.3,311,239.7,D,0
-29.2691,149.4078,374.4,1.1,1,19/9/2019,0006,Terra,MODIS,100,6.3,315.6,133.5,D,0
-29.2731,149.3725,361.9,1.1,1,19/9/2019,0006,Terra,MODIS,100,6.3,312.7,89.9,D,0
-29.2785,149.4058,434.3,1.1,1,19/9/2019,0006,Terra,MODIS,100,6.3,319.5,580.6,D,0
-42.6713,145.5778,406.7,1,1,19/9/2019,0421,Aqua,MODIS,100,6.3,302.1,293.8,D,0
-42.6623,145.5755,400.5,1,1,19/9/2019,0421,Aqua,MODIS,100,6.3,299.7,253.1,D,0
-42.664,145.5632,407.3,1,1,19/9/2019,0421,Aqua,MODIS,100,6.3,303.1,296.6,D,0
-42.6549,145.5608,364.1,1,1,19/9/2019,0421,Aqua,MODIS,100,6.3,295,92.9,D,0
-42.6566,145.5485,367,1,1,19/9/2019,0421,Aqua,MODIS,100,6.3,296.6,103.1,D,0
-37.3387,141.4598,417.1,1.1,1.1,19/9/2019,0423,Aqua,MODIS,100,6.3,288.1,452.2,D,0
-21.7146,134.508,379.4,1.8,1.3,19/9/2019,0427,Aqua,MODIS,100,6.3,321.1,320.3,D,0
-21.7007,134.5242,360,1.8,1.3,19/9/2019,0427,Aqua,MODIS,100,6.3,322.1,152.8,D,0
-21.7026,134.5065,386.2,1.8,1.3,19/9/2019,0427,Aqua,MODIS,100,6.3,324.8,386.2,D,0
-21.7072,134.5181,382.8,1.8,1.3,19/9/2019,0427,Aqua,MODIS,100,6.3,325.5,343.2,D,0
-21.7092,134.5004,372.1,1.8,1.3,19/9/2019,0427,Aqua,MODIS,100,6.3,324,246.3,D,0
-16.0135,136.0743,360.2,1.2,1.1,19/9/2019,0428,Aqua,MODIS,100,6.3,317.2,90.2,D,0
-13.2107,141.8453,409.1,1.3,1.1,19/9/2019,0429,Aqua,MODIS,100,6.3,314.5,452.5,D,0
-14.3591,135.4231,415.6,1.3,1.1,19/9/2019,0429,Aqua,MODIS,100,6.3,325.2,486,D,0
-14.3606,135.4113,399.5,1.3,1.1,19/9/2019,0429,Aqua,MODIS,100,6.3,319.4,333.9,D,0
-13.4292,132.1795,362.9,2.1,1.4,19/9/2019,0429,Aqua,MODIS,100,6.3,317.8,217.8,D,0
-13.4315,132.1603,368.8,2.1,1.4,19/9/2019,0429,Aqua,MODIS,100,6.3,318.7,271.5,D,0
-13.4284,132.1726,365.7,2.1,1.4,19/9/2019,0429,Aqua,MODIS,100,6.3,318.8,244.1,D,0
-13.1088,130.3556,368.2,2.9,1.6,19/9/2019,0429,Aqua,MODIS,100,6.3,308.1,442.7,D,0
-12.3697,134.0298,361.4,1.5,1.2,19/9/2019,0430,Aqua,MODIS,100,6.3,317.1,126.8,D,0
-12.1641,134.3752,389.4,1.4,1.2,19/9/2019,0430,Aqua,MODIS,100,6.3,308.3,291.4,D,0
-12.1537,134.3738,372.9,1.4,1.2,19/9/2019,0430,Aqua,MODIS,100,6.3,309.6,179.5,D,0
-13.102,130.3366,324.9,1,1,19/9/2019,1354,Terra,MODIS,100,6.3,293.7,22.5,N,0
-13.5489,132.2726,330.5,1.1,1,19/9/2019,1354,Terra,MODIS,100,6.3,295.6,30.5,N,0
-11.5312,130.7779,341.7,1,1,19/9/2019,1355,Terra,MODIS,100,6.3,295.1,45.2,N,0
-12.4864,130.7221,322,1,1,19/9/2019,1355,Terra,MODIS,100,6.3,295.7,18.6,N,0
-11.5388,130.7884,328,1,1,19/9/2019,1355,Terra,MODIS,100,6.3,293.9,25.4,N,0
-26.8218,147.7711,320.1,1,1,19/9/2019,1523,Aqua,MODIS,100,6.3,288.2,20.3,N,0
-13.9637,132.8572,322.2,1.9,1.3,19/9/2019,1658,Aqua,MODIS,100,6.3,294.2,48.8,N,0
-26.8023,147.771,389,2,1.4,20/9/2019,0048,Terra,MODIS,100,6.3,309.7,494,D,0
-26.8044,147.7913,374.1,2,1.4,20/9/2019,0048,Terra,MODIS,100,6.3,308.5,322.4,D,0
-26.8058,147.7844,389.4,2,1.4,20/9/2019,0048,Terra,MODIS,100,6.3,309.6,502.2,D,0
-21.7262,134.6379,382.2,1.6,1.3,20/9/2019,0510,Aqua,MODIS,100,6.3,313.6,289,D,0
-21.7289,134.6223,398.2,1.6,1.3,20/9/2019,0510,Aqua,MODIS,100,6.3,321.2,453.7,D,0
-21.7177,134.62,379.9,1.6,1.3,20/9/2019,0510,Aqua,MODIS,100,6.3,319.8,270.8,D,0
-21.7206,134.615,368.4,1.6,1.3,20/9/2019,0510,Aqua,MODIS,100,6.3,321,183.9,D,0
-21.7179,134.6307,389.6,1.6,1.3,20/9/2019,0510,Aqua,MODIS,100,6.3,318.8,363.5,D,0
-21.9276,134.6101,365.4,1.6,1.3,20/9/2019,0510,Aqua,MODIS,100,6.3,310.4,175.9,D,0
-21.9303,134.5945,426.6,1.6,1.3,20/9/2019,0510,Aqua,MODIS,100,6.3,321.2,883.4,D,0
-21.9107,134.6395,408.6,1.6,1.3,20/9/2019,0510,Aqua,MODIS,100,6.3,310.6,602.9,D,0
-21.9135,134.6236,376.5,1.6,1.3,20/9/2019,0510,Aqua,MODIS,100,6.3,312.9,256.1,D,0
-21.9191,134.5922,382.4,1.6,1.3,20/9/2019,0510,Aqua,MODIS,100,6.3,314,297.7,D,0
-21.9219,134.5766,388.1,1.6,1.3,20/9/2019,0510,Aqua,MODIS,100,6.3,315.1,348.1,D,0
-21.8995,134.6371,373,1.6,1.3,20/9/2019,0510,Aqua,MODIS,100,6.3,307.1,229.8,D,0
-21.9023,134.6213,384.6,1.6,1.3,20/9/2019,0510,Aqua,MODIS,100,6.3,316.3,318.2,D,0
-21.8882,134.6349,452.8,1.6,1.3,20/9/2019,0510,Aqua,MODIS,100,6.3,327.7,1501.3,D,0
-21.891,134.6191,414.3,1.6,1.3,20/9/2019,0510,Aqua,MODIS,100,6.3,325.6,674.5,D,0
-21.9021,134.632,381.9,1.6,1.3,20/9/2019,0510,Aqua,MODIS,100,6.3,312.6,297.6,D,0
-21.8882,134.6455,378.2,1.6,1.3,20/9/2019,0510,Aqua,MODIS,100,6.3,301.2,269.8,D,0
-21.8909,134.6297,444.2,1.6,1.3,20/9/2019,0510,Aqua,MODIS,100,6.3,326.5,1275.6,D,0
-21.8936,134.614,377.6,1.6,1.3,20/9/2019,0510,Aqua,MODIS,100,6.3,318.2,251.6,D,0
-21.8769,134.6432,382.2,1.6,1.3,20/9/2019,0510,Aqua,MODIS,100,6.3,302.6,300.5,D,0
-21.8796,134.6274,464.1,1.6,1.3,20/9/2019,0510,Aqua,MODIS,100,6.3,335.3,1830.7,D,0
-21.8684,134.6251,377,1.6,1.3,20/9/2019,0510,Aqua,MODIS,100,6.3,307,248.3,D,0
-21.8487,134.6046,416.6,1.6,1.3,20/9/2019,0510,Aqua,MODIS,100,6.3,316.3,702.8,D,0
-21.8375,134.6023,463.1,1.6,1.3,20/9/2019,0510,Aqua,MODIS,100,6.3,334.8,1783.1,D,0
-21.8402,134.5866,372.7,1.6,1.3,20/9/2019,0510,Aqua,MODIS,100,6.3,318.7,207.7,D,0
-21.8094,134.6946,369.9,1.7,1.3,20/9/2019,0510,Aqua,MODIS,100,6.3,309.9,207.6,D,0
-21.8122,134.6786,380.8,1.6,1.3,20/9/2019,0510,Aqua,MODIS,100,6.3,317.1,288.7,D,0
-21.8262,134.6,397.1,1.6,1.3,20/9/2019,0510,Aqua,MODIS,100,6.3,318.6,437.4,D,0
-21.829,134.5844,393.7,1.6,1.3,20/9/2019,0510,Aqua,MODIS,100,6.3,323.4,393.7,D,0
-21.8009,134.6763,360.6,1.6,1.3,20/9/2019,0510,Aqua,MODIS,100,6.3,314.9,143,D,0
-21.815,134.5978,379.1,1.6,1.3,20/9/2019,0510,Aqua,MODIS,100,6.3,313.2,261.5,D,0
-21.8177,134.5822,390.1,1.6,1.3,20/9/2019,0510,Aqua,MODIS,100,6.3,319.4,356.4,D,0
-21.8205,134.5666,373.2,1.6,1.3,20/9/2019,0510,Aqua,MODIS,100,6.3,317.3,209.3,D,0
-21.7867,134.69,368.6,1.7,1.3,20/9/2019,0510,Aqua,MODIS,100,6.3,310.7,198.4,D,0
-21.7896,134.674,393,1.6,1.3,20/9/2019,0510,Aqua,MODIS,100,6.3,320.3,404.2,D,0
-21.8065,134.58,385.6,1.6,1.3,20/9/2019,0510,Aqua,MODIS,100,6.3,315.5,315.6,D,0
-21.816,134.5912,386.7,1.6,1.3,20/9/2019,0510,Aqua,MODIS,100,6.3,317.1,330.9,D,0
-21.8186,134.5756,368.6,1.6,1.3,20/9/2019,0510,Aqua,MODIS,100,6.3,318.8,181.6,D,0
-21.7884,134.6835,394.8,1.7,1.3,20/9/2019,0510,Aqua,MODIS,100,6.3,315.3,429.7,D,0
-21.7912,134.6675,368.8,1.6,1.3,20/9/2019,0510,Aqua,MODIS,100,6.3,317.7,192.7,D,0
-21.8047,134.5889,362.3,1.6,1.3,20/9/2019,0510,Aqua,MODIS,100,6.3,312.8,147.7,D,0
-21.8074,134.5734,382.5,1.6,1.3,20/9/2019,0510,Aqua,MODIS,100,6.3,315.8,288.1,D,0
-21.7771,134.6812,401,1.7,1.3,20/9/2019,0510,Aqua,MODIS,100,6.3,315.3,502.9,D,0
-21.7799,134.6652,409.6,1.6,1.3,20/9/2019,0510,Aqua,MODIS,100,6.3,324.8,612.1,D,0
-21.7826,134.6494,388.4,1.6,1.3,20/9/2019,0510,Aqua,MODIS,100,6.3,319,349,D,0
-21.7854,134.6336,360.7,1.6,1.3,20/9/2019,0510,Aqua,MODIS,100,6.3,316.3,137.6,D,0
-21.7962,134.5711,378.6,1.6,1.3,20/9/2019,0510,Aqua,MODIS,100,6.3,315.7,255.9,D,0
-21.7686,134.6629,426.8,1.6,1.3,20/9/2019,0510,Aqua,MODIS,100,6.3,324.1,902.9,D,0
-21.7741,134.6314,362.3,1.6,1.3,20/9/2019,0510,Aqua,MODIS,100,6.3,316.4,143.9,D,0
-21.7573,134.6606,387.6,1.6,1.3,20/9/2019,0510,Aqua,MODIS,100,6.3,312.9,344.9,D,0
-21.76,134.6449,370.3,1.6,1.3,20/9/2019,0510,Aqua,MODIS,100,6.3,316.2,194.1,D,0
-21.7819,134.5201,388.8,1.6,1.2,20/9/2019,0510,Aqua,MODIS,100,6.3,320.1,340,D,0
-21.746,134.6583,395.3,1.6,1.3,20/9/2019,0510,Aqua,MODIS,100,6.3,313.6,427.1,D,0
-21.7487,134.6426,428.1,1.6,1.3,20/9/2019,0510,Aqua,MODIS,100,6.3,329,921.6,D,0
-21.7374,134.6402,386.1,1.6,1.3,20/9/2019,0510,Aqua,MODIS,100,6.3,316,324.9,D,0
-12.8263,130.8223,399.6,1.3,1.1,20/9/2019,0512,Aqua,MODIS,100,6.3,314.6,340.6,D,0
-16.42,123.9995,371.8,1.5,1.2,20/9/2019,0512,Aqua,MODIS,100,6.3,314,190.2,D,0
-12.8791,130.6809,390.9,1.3,1.1,20/9/2019,0512,Aqua,MODIS,100,6.3,312.9,263.3,D,0
-12.1199,132.9945,361.9,1.9,1.3,20/9/2019,0513,Aqua,MODIS,100,6.3,310.4,181.3,D,0
-42.6087,145.5427,328.2,1.7,1.3,20/9/2019,1251,Terra,MODIS,100,6.3,280.3,61.9,N,0
-14.3334,143.6334,330.3,1,1,20/9/2019,1258,Terra,MODIS,100,6.3,290.3,29.2,N,0
-15.9997,144.5414,325,1,1,20/9/2019,1258,Terra,MODIS,100,6.3,291.8,22.6,N,0
-15.9894,144.5495,328.2,1,1,20/9/2019,1258,Terra,MODIS,100,6.3,291,26.2,N,0
-14.3321,143.6429,322.6,1,1,20/9/2019,1258,Terra,MODIS,100,6.3,289.2,20.5,N,0
-14.3347,143.6237,338.9,1,1,20/9/2019,1258,Terra,MODIS,100,6.3,291.3,42.8,N,0
-16.4364,124.0292,333.2,1.3,1.1,20/9/2019,1437,Terra,MODIS,100,6.3,298.6,44.9,N,0
-16.7832,122.8,336.3,1.1,1.1,20/9/2019,1437,Terra,MODIS,100,6.3,294.1,44,N,0
-16.4282,124.0152,323.2,1.3,1.1,20/9/2019,1437,Terra,MODIS,100,6.3,297.6,26.6,N,0
-15.9972,144.5318,321.1,1.4,1.2,20/9/2019,1603,Aqua,MODIS,100,6.3,290.2,31,N,0
-25.1312,127.0503,363.8,1.3,1.1,21/9/2019,0131,Terra,MODIS,100,6.3,307.9,131.4,D,0
-17.1581,143.2898,360.1,1,1,21/9/2019,0416,Aqua,MODIS,100,6.3,315.6,67.1,D,0
-17.1012,143.2455,361.6,1,1,21/9/2019,0416,Aqua,MODIS,100,6.3,312.6,74.2,D,0
-12.3423,141.7538,367.9,1,1,21/9/2019,0417,Aqua,MODIS,100,6.3,301.5,98.8,D,0
-11.8051,142.5293,367.3,1.1,1,21/9/2019,0417,Aqua,MODIS,100,6.3,303.2,104.7,D,0
-11.8072,142.4515,364.3,1,1,21/9/2019,0417,Aqua,MODIS,100,6.3,302.9,91.6,D,0
-11.7917,142.4296,361.4,1,1,21/9/2019,0417,Aqua,MODIS,100,6.3,297,85,D,0
-16.4326,124.0364,368.5,2.2,1.4,21/9/2019,0555,Aqua,MODIS,100,6.3,311.2,292.7,D,0
-16.4321,124.0435,372.8,2.2,1.4,21/9/2019,0555,Aqua,MODIS,100,6.3,309.1,343.9,D,0
-13.9861,132.8843,332.2,1,1,21/9/2019,1342,Terra,MODIS,100,6.3,294.5,29.7,N,0
-13.9379,132.8287,332.3,1,1,21/9/2019,1342,Terra,MODIS,100,6.3,296.4,30.3,N,0
-13.9288,132.8274,323.3,1,1,21/9/2019,1342,Terra,MODIS,100,6.3,294.9,19.1,N,0
-13.4097,132.1952,338.3,1.1,1,21/9/2019,1342,Terra,MODIS,100,6.3,293.8,43,N,0
-11.6859,130.3028,325.2,1.3,1.1,21/9/2019,1343,Terra,MODIS,100,6.3,292.9,31.4,N,0
-15.9544,144.5506,367.4,1.1,1.1,22/9/2019,0033,Terra,MODIS,100,6.3,305.6,116.5,D,0
-17.0753,122.4089,366.8,1,1,22/9/2019,0212,Terra,MODIS,100,6.3,322.7,89.9,D,0
-17.0803,122.3793,369.9,1,1,22/9/2019,0212,Terra,MODIS,100,6.3,315.7,98.8,D,0
-17.0816,122.3887,392.2,1,1,22/9/2019,0212,Terra,MODIS,100,6.3,320.1,194.2,D,0
-17.0843,122.4075,365.5,1,1,22/9/2019,0212,Terra,MODIS,100,6.3,316.4,85,D,0
-17.1073,122.4024,373.7,3.4,1.7,22/9/2019,0459,Aqua,MODIS,100,6.3,310.5,657.7,D,0
-17.1015,122.4062,386.1,3.4,1.7,22/9/2019,0459,Aqua,MODIS,100,6.3,314,956.9,D,0
-16.4787,124.0301,362,2.5,1.5,22/9/2019,0459,Aqua,MODIS,100,6.3,311.8,285.1,D,0
-17.0917,122.4006,366.6,3.4,1.7,22/9/2019,0459,Aqua,MODIS,100,6.3,314.7,511.9,D,0
-11.5645,132.7796,363.9,1.2,1.1,22/9/2019,0500,Aqua,MODIS,100,6.3,303.8,104.7,D,0
-33.1369,149.1342,359.4,1.2,1.1,22/9/2019,1241,Terra,MODIS,100,6.3,280.8,120.2,N,0
-27.9281,152.3207,328.8,1,1,22/9/2019,1242,Terra,MODIS,100,6.3,290.1,29.8,N,0
-27.9296,152.3105,325.5,1,1,22/9/2019,1242,Terra,MODIS,100,6.3,290.9,25.6,N,0
-22.4092,150.5624,320.6,1,1,22/9/2019,1244,Terra,MODIS,100,6.3,293,17.8,N,0
-14.3177,143.5684,327.1,1.5,1.2,22/9/2019,1246,Terra,MODIS,100,6.3,291.1,45.1,N,0
-14.3159,143.5823,337.7,1.5,1.2,22/9/2019,1246,Terra,MODIS,100,6.3,291.8,71.3,N,0
-14.3215,143.626,320.6,1.5,1.2,22/9/2019,1246,Terra,MODIS,100,6.3,290,32.8,N,0
-11.744,142.4106,327.9,1.7,1.3,22/9/2019,1247,Terra,MODIS,100,6.3,289,52.5,N,0
-11.7449,142.4207,320.8,1.7,1.3,22/9/2019,1247,Terra,MODIS,100,6.3,288.8,36.6,N,0
-16.4866,124.0282,358.7,1,1,22/9/2019,1424,Terra,MODIS,100,6.3,299,79.8,N,0
-16.506,124.0217,325.6,1,1,22/9/2019,1424,Terra,MODIS,100,6.3,296.7,21.6,N,0
-16.4943,124.039,334.6,1,1,22/9/2019,1424,Terra,MODIS,100,6.3,296.5,32.1,N,0
-16.4956,124.0297,364.4,1,1,22/9/2019,1424,Terra,MODIS,100,6.3,300.2,95.7,N,0
-16.497,124.0203,328.2,1,1,22/9/2019,1424,Terra,MODIS,100,6.3,296.4,23.8,N,0
-16.488,124.0189,322.9,1,1,22/9/2019,1424,Terra,MODIS,100,6.3,295.9,17.8,N,0
-16.5046,124.0311,385.4,1,1,22/9/2019,1424,Terra,MODIS,100,6.3,302.5,175.1,N,0
-16.5136,124.0325,339.8,1,1,22/9/2019,1424,Terra,MODIS,100,6.3,298,41.4,N,0
-14.312,143.6249,323.8,1,1,22/9/2019,1550,Aqua,MODIS,100,6.3,291.7,20.2,N,0
-11.7428,142.395,410,1.8,1.3,23/9/2019,0115,Terra,MODIS,100,6.3,295.3,746.8,D,0
-11.737,142.3902,368.8,1.8,1.3,23/9/2019,0115,Terra,MODIS,100,6.3,291.6,246.1,D,0
-11.7391,142.4068,360.2,1.8,1.3,23/9/2019,0115,Terra,MODIS,100,6.3,289.1,182.4,D,0
-11.7489,142.3887,372.9,1.8,1.3,23/9/2019,0115,Terra,MODIS,100,6.3,291.1,283.8,D,0
-11.7509,142.4052,369.8,1.8,1.3,23/9/2019,0115,Terra,MODIS,100,6.3,293.2,255.4,D,0
-11.7964,142.3826,362.3,1.8,1.3,23/9/2019,0115,Terra,MODIS,100,6.3,293.9,205.2,D,0
-12.3185,141.7396,364.5,1.7,1.3,23/9/2019,0115,Terra,MODIS,100,6.3,302.7,182.3,D,0
-12.2088,134.3086,362.2,1.2,1.1,23/9/2019,0115,Terra,MODIS,100,6.3,299,98.8,D,0
-16.3439,135.9882,376.3,1,1,23/9/2019,0116,Terra,MODIS,100,6.3,313.1,121.2,D,0
-29.7855,152.2158,371.4,1.3,1.1,23/9/2019,0400,Aqua,MODIS,100,6.3,307.3,160.4,D,0
-29.9961,152.2491,368.6,1.3,1.1,23/9/2019,0400,Aqua,MODIS,100,6.3,310.2,145.1,D,0
-29.918,152.2156,394.2,1.3,1.1,23/9/2019,0400,Aqua,MODIS,100,6.3,302.9,309.2,D,0
-29.9204,152.2024,415,1.3,1.1,23/9/2019,0400,Aqua,MODIS,100,6.3,312.4,500.2,D,0
-29.9227,152.1892,365.2,1.3,1.1,23/9/2019,0400,Aqua,MODIS,100,6.3,304.3,135.4,D,0
-29.9126,152.187,363,1.3,1.1,23/9/2019,0400,Aqua,MODIS,100,6.3,300.8,125.5,D,0
-29.9123,152.1937,373.4,1.3,1.1,23/9/2019,0400,Aqua,MODIS,100,6.3,303.7,172.4,D,0
-29.8968,152.1623,421.5,1.3,1.1,23/9/2019,0400,Aqua,MODIS,100,6.3,311.7,578,D,0
-29.899,152.149,375.7,1.3,1.1,23/9/2019,0400,Aqua,MODIS,100,6.3,306.4,187.7,D,0
-29.889,152.0253,373.4,1.3,1.1,23/9/2019,0400,Aqua,MODIS,100,6.3,306.7,170.7,D,0
-29.8768,152.036,415.8,1.3,1.1,23/9/2019,0400,Aqua,MODIS,100,6.3,313.3,496.5,D,0
-29.879,152.0232,388.5,1.3,1.1,23/9/2019,0400,Aqua,MODIS,100,6.3,312.8,256,D,0
-12.0369,142.7654,371.6,1.1,1,23/9/2019,0405,Aqua,MODIS,100,6.3,305.7,120.7,D,0
-12.0277,142.7641,374.3,1.1,1,23/9/2019,0405,Aqua,MODIS,100,6.3,304.1,130.5,D,0
-12.029,142.7544,369.9,1.1,1,23/9/2019,0405,Aqua,MODIS,100,6.3,303.5,114.5,D,0
-11.7352,142.3568,373.3,1.1,1,23/9/2019,0405,Aqua,MODIS,100,6.3,297.7,132.1,D,0
-11.7366,142.3468,372.7,1.1,1,23/9/2019,0405,Aqua,MODIS,100,6.3,299.9,130.2,D,0
-27.0466,148.2674,320.8,2.5,1.5,23/9/2019,1325,Terra,MODIS,100,6.3,284.3,83.2,N,0
-27.9262,152.2878,322,4.5,1.9,23/9/2019,1325,Terra,MODIS,100,6.3,287.5,187.5,N,0
-12.7364,130.6066,331.9,2.1,1.4,23/9/2019,1330,Terra,MODIS,100,6.3,292.4,86.6,N,0
-12.737,130.6132,346.2,2.1,1.4,23/9/2019,1330,Terra,MODIS,100,6.3,292.8,153.3,N,0
-12.7348,130.6322,320.6,2.1,1.4,23/9/2019,1330,Terra,MODIS,100,6.3,292.4,46.8,N,3
-13.3258,132.3629,335.2,1.6,1.2,23/9/2019,1330,Terra,MODIS,100,6.3,294.4,63.5,N,0
-13.3147,132.3617,328.6,1.6,1.2,23/9/2019,1330,Terra,MODIS,100,6.3,294.1,46.5,N,0
-13.3018,132.3743,322.2,1.6,1.2,23/9/2019,1330,Terra,MODIS,100,6.3,293.3,31.5,N,0
-29.8525,152.0524,321.8,1.1,1,23/9/2019,1459,Aqua,MODIS,100,6.3,281.7,25.1,N,0
-29.8689,152.1537,326.6,1.1,1,23/9/2019,1459,Aqua,MODIS,100,6.3,284.2,31.2,N,0
-29.8793,152.1804,322.4,1.1,1,23/9/2019,1459,Aqua,MODIS,100,6.3,285.9,24.2,N,0
-29.885,152.1562,323.2,1.1,1,23/9/2019,1459,Aqua,MODIS,100,6.3,285.6,26.2,N,0
-29.8979,152.2345,335.2,1.1,1,23/9/2019,1459,Aqua,MODIS,100,6.3,285.8,41.8,N,0
-27.9148,152.2974,325,1.1,1.1,23/9/2019,1459,Aqua,MODIS,100,6.3,287.2,28.6,N,0
-27.9167,152.3089,334.1,1.1,1.1,23/9/2019,1459,Aqua,MODIS,100,6.3,290.8,41.7,N,0
-27.9187,152.3207,333.7,1.1,1.1,23/9/2019,1459,Aqua,MODIS,100,6.3,290.2,40.2,N,0
-27.9206,152.3326,332.7,1.1,1.1,23/9/2019,1459,Aqua,MODIS,100,6.3,289.6,39.4,N,0
-27.9244,152.2956,328.9,1.1,1.1,23/9/2019,1459,Aqua,MODIS,100,6.3,287.7,33.9,N,0
-27.9509,152.3378,325.9,1.1,1.1,23/9/2019,1459,Aqua,MODIS,100,6.3,288.4,29.2,N,0
-11.7269,142.3167,376,3.2,1.7,24/9/2019,0020,Terra,MODIS,100,6.3,295.5,693.5,D,0
-27.5984,148.9936,364.9,1.1,1,24/9/2019,0024,Terra,MODIS,100,6.3,308.6,97.4,D,0
-32.2592,146.9758,395.7,1,1,24/9/2019,0025,Terra,MODIS,100,6.3,309.4,224.5,D,0
-13.2736,132.3648,360.6,2.2,1.4,24/9/2019,0158,Terra,MODIS,100,6.3,302.6,226.2,D,0
-16.4465,123.9604,365.4,1,1,24/9/2019,0159,Terra,MODIS,100,6.3,307.2,91.4,D,0
-16.5099,124.009,361.2,1,1,24/9/2019,0159,Terra,MODIS,100,6.3,310.4,74.9,D,0
-16.5186,124.0113,361.3,1,1,24/9/2019,0159,Terra,MODIS,100,6.3,312.3,73.2,D,0
-16.4065,123.9338,383,1,1,24/9/2019,0159,Terra,MODIS,100,6.3,306.4,164.3,D,0
-16.4079,123.9435,398.7,1,1,24/9/2019,0159,Terra,MODIS,100,6.3,311.9,246.6,D,0
-16.4312,123.9825,364.7,1,1,24/9/2019,0159,Terra,MODIS,100,6.3,310.4,85.5,D,0
-16.4359,123.9523,374.9,1,1,24/9/2019,0159,Terra,MODIS,100,6.3,308.7,125.6,D,0
-16.1104,136.0312,363.3,1.1,1,24/9/2019,0447,Aqua,MODIS,100,6.3,316.8,78.5,D,0
-16.1119,136.0213,367.7,1.1,1,24/9/2019,0447,Aqua,MODIS,100,6.3,316.8,92.5,D,0
-15.4986,134.9599,362.6,1,1,24/9/2019,0447,Aqua,MODIS,100,6.3,316.2,68.6,D,0
-15.4999,134.9505,375.3,1,1,24/9/2019,0447,Aqua,MODIS,100,6.3,318.1,113.7,D,0
-15.4895,134.9585,371.7,1,1,24/9/2019,0447,Aqua,MODIS,100,6.3,316.1,99.1,D,0
-15.4909,134.9491,370.3,1,1,24/9/2019,0447,Aqua,MODIS,100,6.3,314.2,96.5,D,0
-15.0655,133.2214,376.4,1,1,24/9/2019,0447,Aqua,MODIS,100,6.3,309.1,128.3,D,0
-13.3779,132.204,363.5,1.1,1,24/9/2019,0448,Aqua,MODIS,100,6.3,315,78.7,D,0
-13.3687,132.2027,382.1,1.1,1,24/9/2019,0448,Aqua,MODIS,100,6.3,312,153.5,D,0
-13.37,132.1929,360.2,1.1,1,24/9/2019,0448,Aqua,MODIS,100,6.3,310.8,71,D,0
-13.3634,132.172,386,1.1,1,24/9/2019,0448,Aqua,MODIS,100,6.3,313.4,177,D,0
-12.5864,132.4807,367.2,1,1,24/9/2019,0448,Aqua,MODIS,100,6.3,307.7,96.1,D,0
-13.8834,132.8055,367.5,1,1,24/9/2019,0448,Aqua,MODIS,100,6.3,313.7,89.8,D,0
-33.3162,122.9439,373.7,2.6,1.6,24/9/2019,0621,Aqua,MODIS,100,6.3,294.7,512.9,D,0
-27.9089,152.29,320.1,1.1,1,24/9/2019,1230,Terra,MODIS,100,6.3,281.7,21.8,N,0
-22.4382,150.6798,330.5,1.1,1.1,24/9/2019,1232,Terra,MODIS,100,6.3,289.2,33.5,N,0
-22.4396,150.6688,326.1,1.1,1.1,24/9/2019,1232,Terra,MODIS,100,6.3,289.5,27.3,N,0
-22.3918,150.5551,337.6,1.1,1.1,24/9/2019,1232,Terra,MODIS,100,6.3,289.9,48.2,N,0
-22.3932,150.5439,338.8,1.1,1.1,24/9/2019,1232,Terra,MODIS,100,6.3,290.5,50.3,N,0
-16.3871,123.9348,326.6,1.2,1.1,24/9/2019,1412,Terra,MODIS,100,6.3,296.4,29.4,N,0
-14.1998,126.5502,320.6,1,1,24/9/2019,1413,Terra,MODIS,100,6.3,297.4,15.1,N,0
-11.6703,142.2517,326.2,1.8,1.3,24/9/2019,1538,Aqua,MODIS,100,6.3,292.8,58.3,N,0
-11.6777,142.2603,327.1,1.8,1.3,24/9/2019,1538,Aqua,MODIS,100,6.3,293.1,60.5,N,0
-12.0488,142.318,361.2,1.1,1.1,25/9/2019,0102,Terra,MODIS,100,6.3,305,98.3,D,0
-15.5212,134.9336,361.6,1.5,1.2,25/9/2019,0104,Terra,MODIS,100,6.3,309.6,132.1,D,0
-16.1732,136.8508,375.1,1.1,1.1,25/9/2019,0104,Terra,MODIS,100,6.3,317.7,131.9,D,0
-16.862,138.4392,361.8,1,1,25/9/2019,0104,Terra,MODIS,100,6.3,314.5,74,D,0
-27.6263,148.9839,366,1.1,1,25/9/2019,0348,Aqua,MODIS,100,6.3,313.8,101,D,0
-27.6075,148.9808,367.8,1.1,1,25/9/2019,0348,Aqua,MODIS,100,6.3,312.7,105.5,D,0
-27.6061,148.9918,412.1,1.1,1,25/9/2019,0348,Aqua,MODIS,100,6.3,320.1,359.9,D,0
-27.6169,148.9824,397.5,1.1,1,25/9/2019,0348,Aqua,MODIS,100,6.3,320,253.7,D,0
-27.6155,148.9934,387,1.1,1,25/9/2019,0348,Aqua,MODIS,100,6.3,316.3,191.8,D,0
-11.7946,142.2725,393.2,1.7,1.3,25/9/2019,0353,Aqua,MODIS,100,6.3,309.1,444.6,D,0
-11.785,142.2553,362.5,1.7,1.3,25/9/2019,0353,Aqua,MODIS,100,6.3,305,176,D,0
-11.7869,142.2397,364.4,1.7,1.3,25/9/2019,0353,Aqua,MODIS,100,6.3,303.9,196.8,D,0
-11.7753,142.2381,368.8,1.7,1.3,25/9/2019,0353,Aqua,MODIS,100,6.3,302.7,223.5,D,0
-11.7793,142.2334,382.2,1.7,1.3,25/9/2019,0353,Aqua,MODIS,100,6.3,305.3,335,D,0
-12.0449,142.738,381.7,1.6,1.2,25/9/2019,0353,Aqua,MODIS,100,6.3,299,303.9,D,0
-16.6086,124.8486,360.2,1,1,25/9/2019,0530,Aqua,MODIS,100,6.3,313.6,70.7,D,0
-16.6009,124.8374,360.1,1,1,25/9/2019,0530,Aqua,MODIS,100,6.3,311.9,75.2,D,0
-16.5889,124.8552,362.5,1,1,25/9/2019,0530,Aqua,MODIS,100,6.3,316.3,75.2,D,0
-16.5903,124.8456,401.8,1,1,25/9/2019,0530,Aqua,MODIS,100,6.3,321.7,257.7,D,0
-13.3618,132.1892,374.7,3.5,1.8,25/9/2019,0531,Aqua,MODIS,100,6.3,305.6,717.8,D,0
-13.3619,132.2147,365.3,3.5,1.8,25/9/2019,0531,Aqua,MODIS,100,6.3,303.9,525,D,0
-13.3558,132.2216,368.3,3.5,1.8,25/9/2019,0531,Aqua,MODIS,100,6.3,302.6,585.1,D,0
-13.3489,132.4046,334.6,2.7,1.6,25/9/2019,1318,Terra,MODIS,100,6.3,296.1,133.4,N,0
-13.3517,132.3798,328.2,2.7,1.6,25/9/2019,1318,Terra,MODIS,100,6.3,296,99.5,N,0
-13.3448,132.3976,326.4,2.7,1.6,25/9/2019,1318,Terra,MODIS,100,6.3,295.7,88.8,N,0
-34.2226,116.2441,326,1.3,1.1,25/9/2019,1450,Terra,MODIS,100,6.3,275.1,43.2,N,0
-28.688,148.1487,369.4,1.1,1,26/9/2019,0012,Terra,MODIS,100,6.3,307.1,110.4,D,0
-12.63,130.7233,363.7,1.1,1,26/9/2019,0146,Terra,MODIS,100,6.3,312.3,86.3,D,0
-13.9051,131.8249,368.7,1.2,1.1,26/9/2019,0146,Terra,MODIS,100,6.3,318.5,121.6,D,0
-13.9035,131.8134,371.3,1.2,1.1,26/9/2019,0146,Terra,MODIS,100,6.3,316.4,136.2,D,0
-14.3296,126.9088,367.8,1.1,1,26/9/2019,0147,Terra,MODIS,100,6.3,316.4,94.6,D,0
-15.6354,134.7953,390.1,1.2,1.1,26/9/2019,0435,Aqua,MODIS,100,6.3,310.1,233.8,D,0
-15.634,134.8061,392.6,1.2,1.1,26/9/2019,0435,Aqua,MODIS,100,6.3,310.3,247.3,D,0
-15.6437,134.8074,361.9,1.2,1.1,26/9/2019,0435,Aqua,MODIS,100,6.3,311.9,94.9,D,0
-13.3658,132.391,368.5,1.5,1.2,26/9/2019,0436,Aqua,MODIS,100,6.3,314.1,173.9,D,0
-13.3748,132.1416,389.4,1.6,1.2,26/9/2019,0436,Aqua,MODIS,100,6.3,317.2,348.4,D,0
-13.3767,132.1269,403.3,1.6,1.2,26/9/2019,0436,Aqua,MODIS,100,6.3,321.1,512,D,0
-13.3654,132.1254,382.4,1.6,1.2,26/9/2019,0436,Aqua,MODIS,100,6.3,309.3,296,D,0
-11.8037,142.245,364.6,1.9,1.4,26/9/2019,0436,Aqua,MODIS,100,6.3,295.7,237.5,D,0
-13.367,132.4162,322.9,1.3,1.1,26/9/2019,1400,Terra,MODIS,100,6.3,296.3,24.2,N,0
-13.3771,132.4177,347,1.3,1.1,26/9/2019,1400,Terra,MODIS,100,6.3,298.5,76,N,0
-15.5104,130.0788,321.2,1,1,26/9/2019,1400,Terra,MODIS,100,6.3,297.8,15.5,N,0
-15.5311,130.0629,323.2,1,1,26/9/2019,1400,Terra,MODIS,100,6.3,299.1,18.3,N,0
-16.4312,124.136,325.2,1.9,1.3,26/9/2019,1400,Terra,MODIS,100,6.3,296.6,50.2,N,0
-12.8663,130.4748,350.2,1,1,26/9/2019,1401,Terra,MODIS,100,6.3,296.7,66,N,0
-12.631,130.7536,324,1.1,1,26/9/2019,1401,Terra,MODIS,100,6.3,295.4,21.4,N,0
-12.6418,130.7453,321,1.1,1,26/9/2019,1401,Terra,MODIS,100,6.3,295.8,17.5,N,0
-12.6325,130.7438,330.4,1.1,1,26/9/2019,1401,Terra,MODIS,100,6.3,295.9,29.5,N,0
-12.6403,130.7551,337.3,1.1,1,26/9/2019,1401,Terra,MODIS,100,6.3,296.9,40.7,N,0
-12.6277,130.7626,336.6,1.7,1.3,26/9/2019,1704,Aqua,MODIS,100,6.3,293.2,77.7,N,0
-16.0948,136.7165,372.5,1.8,1.3,27/9/2019,0052,Terra,MODIS,100,6.3,309.4,252.7,D,0
-17.0997,143.3114,365.3,1,1,27/9/2019,0052,Terra,MODIS,100,6.3,312.6,89.8,D,0
-16.1066,136.7144,394.2,1.8,1.3,27/9/2019,0052,Terra,MODIS,100,6.3,310,475.6,D,0
-30.8218,152.1185,369.4,1.2,1.1,27/9/2019,0335,Aqua,MODIS,100,6.3,309.8,127.6,D,0
-29.8576,152.1857,369.1,1.1,1.1,27/9/2019,0335,Aqua,MODIS,100,6.3,303.2,126.5,D,0
-29.8671,152.1875,382,1.1,1.1,27/9/2019,0335,Aqua,MODIS,100,6.3,301.3,182.8,D,0
-29.8657,152.1986,360.6,1.1,1.1,27/9/2019,0335,Aqua,MODIS,100,6.3,293.2,96.2,D,0
-30.7475,152.0647,391.3,1.2,1.1,27/9/2019,0335,Aqua,MODIS,100,6.3,305.6,249.8,D,0
-30.7377,152.0631,376.8,1.2,1.1,27/9/2019,0335,Aqua,MODIS,100,6.3,303.8,169.1,D,0
-30.4953,152.2018,389.5,1.1,1.1,27/9/2019,0335,Aqua,MODIS,100,6.3,306.3,233.2,D,0
-30.4968,152.1898,367.1,1.1,1.1,27/9/2019,0335,Aqua,MODIS,100,6.3,307.2,124.4,D,0
-27.6103,148.9967,379.1,1.6,1.2,27/9/2019,0336,Aqua,MODIS,100,6.3,310,270.1,D,0
-27.6118,148.9874,368.2,1.6,1.2,27/9/2019,0336,Aqua,MODIS,100,6.3,305.2,193.6,D,0
-27.6101,149.0034,380.7,1.6,1.2,27/9/2019,0336,Aqua,MODIS,100,6.3,303.9,281.7,D,0
-27.623,148.989,362.9,1.6,1.2,27/9/2019,0336,Aqua,MODIS,100,6.3,307.5,163.3,D,0
-16.4577,124.1452,399.2,1.2,1.1,27/9/2019,0518,Aqua,MODIS,100,6.3,317.9,290.8,D,0
-13.355,132.1088,391.1,2,1.4,27/9/2019,0518,Aqua,MODIS,100,6.3,315,504.8,D,0
-12.6241,130.7559,369.1,1.6,1.3,27/9/2019,0519,Aqua,MODIS,100,6.3,306.2,199.7,D,0
-29.8101,152.3568,321.7,1.6,1.2,27/9/2019,1300,Terra,MODIS,100,6.3,288.8,40.1,N,0
-29.8114,152.3516,323.9,1.6,1.2,27/9/2019,1300,Terra,MODIS,100,6.3,288.8,45.1,N,0
-11.7673,142.3449,320.9,1,1,27/9/2019,1305,Terra,MODIS,100,6.3,294.3,16.8,N,0
-11.766,142.354,320.5,1,1,27/9/2019,1305,Terra,MODIS,100,6.3,294.1,16.6,N,0
-11.854,142.3172,320.6,1,1,27/9/2019,1305,Terra,MODIS,100,6.3,294,16.8,N,0
-13.391,132.4411,323.2,4.6,2,27/9/2019,1305,Terra,MODIS,100,6.3,292.7,173.4,N,0
-14.2968,143.6328,325.3,1,1,27/9/2019,1305,Terra,MODIS,100,6.3,293.9,21.3,N,0
-14.2955,143.6421,320.1,1,1,27/9/2019,1305,Terra,MODIS,100,6.3,293.7,16,N,0
-14.3045,143.6435,323.9,1,1,27/9/2019,1305,Terra,MODIS,100,6.3,294.1,20,N,0
-14.3031,143.6527,324.9,1,1,27/9/2019,1305,Terra,MODIS,100,6.3,294.4,21.7,N,0
-11.761,142.194,320.3,1,1,27/9/2019,1305,Terra,MODIS,100,6.3,294.4,15.7,N,0
-16.3578,123.9163,322,1.6,1.3,27/9/2019,1443,Terra,MODIS,100,6.3,297.2,34.6,N,0
-16.3691,123.9182,347,1.6,1.3,27/9/2019,1443,Terra,MODIS,100,6.3,299.3,108.3,N,0
-16.3758,124.0819,329.7,1.7,1.3,27/9/2019,1443,Terra,MODIS,100,6.3,297.9,53.3,N,0
-16.3732,124.0973,346.6,1.7,1.3,27/9/2019,1443,Terra,MODIS,100,6.3,299,109.4,N,0
-16.5212,123.973,331.3,1.6,1.3,27/9/2019,1443,Terra,MODIS,100,6.3,299.6,55.7,N,0
-12.4031,132.8617,321.3,2.4,1.5,27/9/2019,1609,Aqua,MODIS,100,6.3,292.3,67.6,N,0
-12.5398,132.1814,370.5,1,1,28/9/2019,0134,Terra,MODIS,100,6.3,308.7,101.7,D,0
-12.5411,132.1905,367.3,1,1,28/9/2019,0134,Terra,MODIS,100,6.3,310.1,91.7,D,0
-12.5023,131.7413,386.6,1,1,28/9/2019,0134,Terra,MODIS,100,6.3,312,165.5,D,0
-12.6002,130.7383,367.7,1.1,1,28/9/2019,0134,Terra,MODIS,100,6.3,307.8,95.7,D,0
-12.9282,130.7799,391.3,1,1,28/9/2019,0134,Terra,MODIS,100,6.3,313.6,198,D,0
-12.9297,130.7894,378.9,1,1,28/9/2019,0134,Terra,MODIS,100,6.3,316.7,137.2,D,0
-12.9374,130.7784,379.3,1,1,28/9/2019,0134,Terra,MODIS,100,6.3,310.5,138.9,D,0
-13.3634,132.0858,376.2,1,1,28/9/2019,0134,Terra,MODIS,100,6.3,314.4,118.2,D,0
-13.3648,132.095,385.1,1,1,28/9/2019,0134,Terra,MODIS,100,6.3,319.6,153.6,D,0
-13.3746,132.0969,397.9,1,1,28/9/2019,0134,Terra,MODIS,100,6.3,320.6,218.6,D,0
-13.3759,132.106,373,1,1,28/9/2019,0134,Terra,MODIS,100,6.3,317.1,103.8,D,0
-14.3784,126.968,379.8,1.6,1.2,28/9/2019,0134,Terra,MODIS,100,6.3,306.9,268,D,0
-15.5856,134.7281,382,1.3,1.1,28/9/2019,0134,Terra,MODIS,100,6.3,315.4,203,D,0
-15.5871,134.7401,372.8,1.3,1.1,28/9/2019,0134,Terra,MODIS,100,6.3,315,151.1,D,0
-29.9128,152.0426,371.8,2.4,1.5,28/9/2019,0418,Aqua,MODIS,100,6.3,305,430.7,D,0
-17.069,143.2674,360.8,1.2,1.1,28/9/2019,0422,Aqua,MODIS,100,6.3,311.5,88.7,D,0
-17.0786,143.269,375.3,1.2,1.1,28/9/2019,0422,Aqua,MODIS,100,6.3,320.2,143.1,D,0
-17.0769,143.2798,362.3,1.2,1.1,28/9/2019,0422,Aqua,MODIS,100,6.3,312.9,90.1,D,0
-17.0736,143.3015,411.9,1.2,1.1,28/9/2019,0422,Aqua,MODIS,100,6.3,327.2,393.1,D,0
-17.0719,143.3124,382.2,1.2,1.1,28/9/2019,0422,Aqua,MODIS,100,6.3,315.6,182.7,D,0
-17.0865,143.2815,362.9,1.2,1.1,28/9/2019,0422,Aqua,MODIS,100,6.3,315.7,88.1,D,0
-17.0991,143.3282,364.9,1.2,1.1,28/9/2019,0422,Aqua,MODIS,100,6.3,316.8,98.6,D,0
-17.1005,143.334,379.8,1.2,1.1,28/9/2019,0422,Aqua,MODIS,100,6.3,314.8,166.9,D,0
-17.1102,143.3357,366.9,1.2,1.1,28/9/2019,0422,Aqua,MODIS,100,6.3,314.7,109.7,D,0
-17.1198,143.3374,405.2,1.2,1.1,28/9/2019,0422,Aqua,MODIS,100,6.3,327.9,332.9,D,0
-17.1181,143.3483,427.7,1.2,1.1,28/9/2019,0422,Aqua,MODIS,100,6.3,331.3,558.1,D,0
-17.1277,143.3499,366.5,1.2,1.1,28/9/2019,0422,Aqua,MODIS,100,6.3,320.1,104.7,D,0
-17.168,143.3456,367.6,1.2,1.1,28/9/2019,0422,Aqua,MODIS,100,6.3,319.8,102.1,D,0
-17.1663,143.3566,396.1,1.2,1.1,28/9/2019,0422,Aqua,MODIS,100,6.3,321.2,259.1,D,0
-15.5963,134.748,365.5,1.9,1.3,28/9/2019,0423,Aqua,MODIS,100,6.3,312.3,209.4,D,0
-15.5842,134.7464,378,1.9,1.3,28/9/2019,0423,Aqua,MODIS,100,6.3,305.1,320.7,D,0
-15.5863,134.7291,418.7,1.9,1.3,28/9/2019,0423,Aqua,MODIS,100,6.3,310.6,922.8,D,0
-14.2924,143.597,375,1.3,1.1,28/9/2019,0423,Aqua,MODIS,100,6.3,309.6,177.2,D,0
-14.2942,143.6042,360.6,1.3,1.1,28/9/2019,0423,Aqua,MODIS,100,6.3,309.4,110.5,D,0
-14.563,134.498,376.8,1.9,1.3,28/9/2019,0423,Aqua,MODIS,100,6.3,311.9,309.4,D,0
-13.0368,141.7421,372.4,1.1,1,28/9/2019,0423,Aqua,MODIS,100,6.3,308.9,124.8,D,0
-13.0259,141.7506,382.8,1.1,1,28/9/2019,0423,Aqua,MODIS,100,6.3,313.8,169.9,D,0
-13.0274,141.7406,406.6,1.1,1,28/9/2019,0423,Aqua,MODIS,100,6.3,316.9,318.6,D,0
-13.012,141.7791,364.1,1.1,1,28/9/2019,0423,Aqua,MODIS,100,6.3,311.7,91.5,D,0
-12.9973,141.7702,367.4,1.1,1,28/9/2019,0423,Aqua,MODIS,100,6.3,313,104.6,D,0
-12.0519,142.75,386.7,1.3,1.1,28/9/2019,0423,Aqua,MODIS,100,6.3,304.5,237.1,D,0
-12.0555,142.7271,410.6,1.3,1.1,28/9/2019,0423,Aqua,MODIS,100,6.3,308.1,431.5,D,0
-12.0573,142.7157,376.5,1.3,1.1,28/9/2019,0423,Aqua,MODIS,100,6.3,301.5,177,D,0
-11.858,142.289,413.5,1.2,1.1,28/9/2019,0423,Aqua,MODIS,100,6.3,309.4,430.7,D,0
-11.8466,142.2983,362.8,1.2,1.1,28/9/2019,0423,Aqua,MODIS,100,6.3,303.4,104.6,D,0
-11.8171,142.2757,375,1.2,1.1,28/9/2019,0423,Aqua,MODIS,100,6.3,305.1,156.5,D,0
-12.5615,135.6277,374.9,1.5,1.2,28/9/2019,0423,Aqua,MODIS,100,6.3,311.5,209,D,0
-12.5508,135.6262,400.8,1.5,1.2,28/9/2019,0423,Aqua,MODIS,100,6.3,316.3,426.2,D,0
-12.4846,135.6306,386.5,1.5,1.2,28/9/2019,0423,Aqua,MODIS,100,6.3,308.6,292.4,D,0
-12.4863,135.6171,388,1.5,1.2,28/9/2019,0423,Aqua,MODIS,100,6.3,311,306.8,D,0
-12.4818,135.6249,404.6,1.5,1.2,28/9/2019,0423,Aqua,MODIS,100,6.3,312.9,468.8,D,0
-12.3804,134.5478,371.4,1.7,1.3,28/9/2019,0423,Aqua,MODIS,100,6.3,313.1,236.5,D,0
-12.3688,134.5463,362.3,1.7,1.3,28/9/2019,0423,Aqua,MODIS,100,6.3,308.8,174.5,D,0
-12.559,132.0545,364.6,2.7,1.6,28/9/2019,0423,Aqua,MODIS,100,6.3,305.8,367.5,D,0
-12.5448,132.0528,364.9,2.7,1.6,28/9/2019,0423,Aqua,MODIS,100,6.3,303.8,376.5,D,0
-12.5561,132.0495,372.4,2.7,1.6,28/9/2019,0423,Aqua,MODIS,100,6.3,306.3,479,D,0
-13.4012,132.3706,343.5,1,1,28/9/2019,1348,Terra,MODIS,100,6.3,298.7,45.2,N,0
-13.3999,132.3797,349.3,1,1,28/9/2019,1348,Terra,MODIS,100,6.3,299.8,54.8,N,0
-13.3986,132.3889,340.3,1,1,28/9/2019,1348,Terra,MODIS,100,6.3,299.2,39.2,N,0
-13.4102,132.3719,327.6,1,1,28/9/2019,1348,Terra,MODIS,100,6.3,297.4,21.6,N,0
-13.4089,132.3811,357.3,1,1,28/9/2019,1348,Terra,MODIS,100,6.3,300.9,73.8,N,0
-13.4076,132.3903,349.1,1,1,28/9/2019,1348,Terra,MODIS,100,6.3,300.7,55.5,N,0
-13.4063,132.3995,338.1,1,1,28/9/2019,1348,Terra,MODIS,100,6.3,299.3,35.8,N,0
-13.4179,132.3825,384.6,1,1,28/9/2019,1348,Terra,MODIS,100,6.3,304.5,168.8,N,0
-13.4166,132.3917,377.7,1,1,28/9/2019,1348,Terra,MODIS,100,6.3,303.1,140.2,N,0
-13.4269,132.3839,375.3,1,1,28/9/2019,1348,Terra,MODIS,100,6.3,301.4,131.5,N,0
-13.4256,132.393,377.8,1,1,28/9/2019,1348,Terra,MODIS,100,6.3,302.7,141,N,0
-15.4651,126.8778,324.4,1.9,1.4,28/9/2019,1348,Terra,MODIS,100,6.3,295.1,54.3,N,0
-13.3833,132.3678,323.1,1,1,28/9/2019,1348,Terra,MODIS,100,6.3,296.4,17.3,N,0
-13.3922,132.3692,327.8,1,1,28/9/2019,1348,Terra,MODIS,100,6.3,297.7,22.5,N,0
-13.3909,132.3784,324.2,1,1,28/9/2019,1348,Terra,MODIS,100,6.3,297.4,16.9,N,0
-13.3896,132.3875,323,1,1,28/9/2019,1348,Terra,MODIS,100,6.3,298.1,16.5,N,0
-12.4053,132.8346,324.5,1,1,28/9/2019,1348,Terra,MODIS,100,6.3,293.6,22.6,N,0
-15.4896,126.8812,329.3,1.9,1.4,28/9/2019,1348,Terra,MODIS,100,6.3,296,68.5,N,0
-15.4875,126.8991,322.7,1.9,1.4,28/9/2019,1348,Terra,MODIS,100,6.3,294.8,48.3,N,0
-22.4509,150.7172,340.8,1,1,28/9/2019,1516,Aqua,MODIS,100,6.3,293.4,44.2,N,0
-13.4142,132.412,324.6,1.4,1.2,28/9/2019,1652,Aqua,MODIS,100,6.3,297.1,30,N,0
-13.9232,132.929,321.3,1.5,1.2,28/9/2019,1652,Aqua,MODIS,100,6.3,297.3,29.4,N,0
-15.4867,126.9281,321.4,1.1,1,28/9/2019,1653,Aqua,MODIS,100,6.3,281.6,22.1,N,0
-16.3589,124.0702,331.2,1.4,1.2,28/9/2019,1653,Aqua,MODIS,100,6.3,296.8,47.4,N,0
-16.3611,124.0838,333,1.4,1.2,28/9/2019,1653,Aqua,MODIS,100,6.3,297.8,51.4,N,0
-16.4516,124.2083,321.8,1.4,1.2,28/9/2019,1653,Aqua,MODIS,100,6.3,296.2,28,N,0
-13.3255,141.9728,364,1.4,1.2,29/9/2019,0038,Terra,MODIS,100,6.3,303.2,144.3,D,0
-13.315,141.9745,382,1.4,1.2,29/9/2019,0038,Terra,MODIS,100,6.3,308.1,250,D,0
-15.912,144.5693,379.6,1,1,29/9/2019,0039,Terra,MODIS,100,6.3,312.9,141.2,D,0
-15.9346,144.5982,404.5,1,1,29/9/2019,0039,Terra,MODIS,100,6.3,321,270.1,D,0
-17.0404,143.2795,376,1.1,1,29/9/2019,0039,Terra,MODIS,100,6.3,313.6,131.7,D,0
-17.042,143.2896,360.7,1.1,1,29/9/2019,0039,Terra,MODIS,100,6.3,316.5,74.5,D,0
-16.4603,123.8686,387.4,1.3,1.1,29/9/2019,0218,Terra,MODIS,100,6.3,318.4,249.8,D,0
-28.2775,128.443,392.9,1.4,1.2,29/9/2019,0502,Aqua,MODIS,100,6.3,313.6,316.2,D,0
-28.2791,128.4288,387.7,1.4,1.2,29/9/2019,0502,Aqua,MODIS,100,6.3,312,277.6,D,0
-28.2686,128.4273,365.6,1.4,1.2,29/9/2019,0502,Aqua,MODIS,100,6.3,310.6,140.1,D,0
-15.6107,134.671,370.9,1.7,1.3,29/9/2019,0505,Aqua,MODIS,100,6.3,321.8,199,D,0
-15.52,134.7279,376.8,1.7,1.3,29/9/2019,0505,Aqua,MODIS,100,6.3,315.3,256.1,D,0
-15.5174,134.7437,366.2,1.7,1.3,29/9/2019,0505,Aqua,MODIS,100,6.3,314.4,175.9,D,0
-15.5391,134.6833,390.9,1.7,1.3,29/9/2019,0505,Aqua,MODIS,100,6.3,320.5,385.3,D,0
-15.537,134.6899,387.8,1.7,1.3,29/9/2019,0505,Aqua,MODIS,100,6.3,320.5,348.3,D,0
-15.529,134.7366,361.5,1.7,1.3,29/9/2019,0505,Aqua,MODIS,100,6.3,319.3,125.7,D,0
-13.4053,132.3442,360.7,1.3,1.1,29/9/2019,0506,Aqua,MODIS,100,6.3,319,85.8,D,0
-12.6246,135.7715,366.6,2.3,1.5,29/9/2019,0506,Aqua,MODIS,100,6.3,306.2,316.1,D,0
-13.3495,132.3042,375.7,1.3,1.1,29/9/2019,0506,Aqua,MODIS,100,6.3,317.8,169.1,D,0
-13.3478,132.3159,362.9,1.3,1.1,29/9/2019,0506,Aqua,MODIS,100,6.3,318,102.2,D,0
-13.346,132.3276,378.3,1.3,1.1,29/9/2019,0506,Aqua,MODIS,100,6.3,321.5,175.4,D,0
-13.3506,132.2993,389,1.3,1.1,29/9/2019,0506,Aqua,MODIS,100,6.3,315.5,253.8,D,0
-13.3469,132.3225,399.3,1.3,1.1,29/9/2019,0506,Aqua,MODIS,100,6.3,321.5,324.9,D,0
-13.3606,132.3009,380.9,1.3,1.1,29/9/2019,0506,Aqua,MODIS,100,6.3,317.4,201.3,D,0
-13.3588,132.3125,404.9,1.3,1.1,29/9/2019,0506,Aqua,MODIS,100,6.3,327.5,376.9,D,0
-13.3569,132.3242,364.7,1.3,1.1,29/9/2019,0506,Aqua,MODIS,100,6.3,321.3,110.8,D,0
-13.3688,132.3141,401.4,1.3,1.1,29/9/2019,0506,Aqua,MODIS,100,6.3,323.2,346.8,D,0
-13.3789,132.3157,374.6,1.3,1.1,29/9/2019,0506,Aqua,MODIS,100,6.3,317.9,166.3,D,0
-15.6575,130.4759,366.4,1,1,29/9/2019,0506,Aqua,MODIS,100,6.3,319.7,81.3,D,0
-15.6589,130.4664,389.1,1,1,29/9/2019,0506,Aqua,MODIS,100,6.3,321.9,175.3,D,0
-16.3605,124.0459,364.8,1.9,1.3,29/9/2019,0506,Aqua,MODIS,100,6.3,314.1,207.7,D,0
-33.5995,115.7533,369.1,1.8,1.3,29/9/2019,0639,Aqua,MODIS,100,6.3,303.4,246.9,D,0
-33.584,115.7694,360.7,1.8,1.3,29/9/2019,0639,Aqua,MODIS,100,6.3,301.4,190,D,0
-33.5935,115.7588,379.4,1.8,1.3,29/9/2019,0639,Aqua,MODIS,100,6.3,305.1,337.2,D,0
-28.3978,150.5721,332.3,1,1,29/9/2019,1248,Terra,MODIS,100,6.3,288.9,34.7,N,0
-22.4678,150.7209,320.8,1.1,1.1,29/9/2019,1250,Terra,MODIS,100,6.3,292.6,21.6,N,0
-22.4582,150.7191,328.6,1.1,1.1,29/9/2019,1250,Terra,MODIS,100,6.3,293.1,32.5,N,0
-12.4138,141.7199,334.1,1.5,1.2,29/9/2019,1253,Terra,MODIS,100,6.3,293.4,59.1,N,0
-12.4116,141.7139,327.8,1.5,1.2,29/9/2019,1253,Terra,MODIS,100,6.3,293.3,43.6,N,0
-12.4098,141.7276,328.9,1.5,1.2,29/9/2019,1253,Terra,MODIS,100,6.3,293,45.6,N,0
-12.408,141.7413,323.1,1.5,1.2,29/9/2019,1253,Terra,MODIS,100,6.3,292.5,34.8,N,0
-12.4225,141.7153,329.3,1.5,1.2,29/9/2019,1253,Terra,MODIS,100,6.3,293.2,48.6,N,0
-12.4121,141.7336,333.6,1.5,1.2,29/9/2019,1253,Terra,MODIS,100,6.3,292.8,58.1,N,0
-15.479,126.9394,352.6,1.7,1.3,29/9/2019,1431,Terra,MODIS,100,6.3,297.6,134.6,N,0
-15.4765,126.9546,389.6,1.7,1.3,29/9/2019,1431,Terra,MODIS,100,6.3,301.8,406.6,N,0
-15.4878,126.9568,387.7,1.7,1.3,29/9/2019,1431,Terra,MODIS,100,6.3,304.7,385.2,N,0
-15.4853,126.9722,412.8,1.7,1.3,29/9/2019,1431,Terra,MODIS,100,6.3,306.1,707.1,N,0
-15.4992,126.9588,340.9,1.7,1.3,29/9/2019,1431,Terra,MODIS,100,6.3,298.2,85.1,N,0
-15.4966,126.9743,425.4,1.7,1.3,29/9/2019,1431,Terra,MODIS,100,6.3,309.1,927.3,N,0
-15.508,126.9763,343.2,1.7,1.3,29/9/2019,1431,Terra,MODIS,100,6.3,297.9,97.4,N,0
-14.2732,143.5831,326.8,1,1,29/9/2019,1557,Aqua,MODIS,100,6.3,293.2,25.8,N,0
-14.2796,143.5628,323.5,1,1,29/9/2019,1557,Aqua,MODIS,100,6.3,292.3,22.3,N,0
-17.0184,143.3112,326.8,1.1,1,29/9/2019,1557,Aqua,MODIS,100,6.3,293.5,25.4,N,0
-12.1634,136.3468,360.5,1,1,30/9/2019,0121,Terra,MODIS,100,6.3,309,73.7,D,0
-15.5145,134.6487,406.1,1,1,30/9/2019,0122,Terra,MODIS,100,6.3,322.2,271.7,D,0
-15.5159,134.658,437.5,1,1,30/9/2019,0122,Terra,MODIS,100,6.3,335.1,541.2,D,0
-15.5235,134.6473,372,1,1,30/9/2019,0122,Terra,MODIS,100,6.3,315.9,103,D,0
-15.5249,134.6566,384.8,1,1,30/9/2019,0122,Terra,MODIS,100,6.3,319.8,151.3,D,0
-15.5393,134.6289,422.6,1,1,30/9/2019,0122,Terra,MODIS,100,6.3,333.4,398.9,D,0
-15.5407,134.6382,459.7,1,1,30/9/2019,0122,Terra,MODIS,100,6.3,351.7,826.2,D,0
-15.5421,134.6474,382.3,1,1,30/9/2019,0122,Terra,MODIS,100,6.3,327.3,142.4,D,0
-15.5469,134.6183,361.4,1,1,30/9/2019,0122,Terra,MODIS,100,6.3,308.7,72.8,D,0
-15.5483,134.6275,500,1,1,30/9/2019,0122,Terra,MODIS,100,6.3,352.1,1587.2,D,0
-15.5497,134.6368,410.4,1,1,30/9/2019,0122,Terra,MODIS,100,6.3,329,301.7,D,0
-15.551,134.646,368.8,1,1,30/9/2019,0122,Terra,MODIS,100,6.3,319.6,91.7,D,0
-15.5842,134.622,367.8,1,1,30/9/2019,0122,Terra,MODIS,100,6.3,317.7,86.1,D,0
-15.5856,134.6313,408,1,1,30/9/2019,0122,Terra,MODIS,100,6.3,326.3,279.8,D,0
-15.587,134.6405,360.6,1,1,30/9/2019,0122,Terra,MODIS,100,6.3,320.4,61.7,D,0
-15.5918,134.6114,382.1,1,1,30/9/2019,0122,Terra,MODIS,100,6.3,320.5,138.7,D,0
-15.5995,134.6008,389.1,1,1,30/9/2019,0122,Terra,MODIS,100,6.3,321.2,170.4,D,0
-15.6008,134.61,373.2,1,1,30/9/2019,0122,Terra,MODIS,100,6.3,322.4,101,D,0
-15.6057,134.5809,365.2,1,1,30/9/2019,0122,Terra,MODIS,100,6.3,313.1,81.4,D,0
-15.6071,134.5901,398.4,1,1,30/9/2019,0122,Terra,MODIS,100,6.3,321.6,220.2,D,0
-15.6084,134.5994,397.6,1,1,30/9/2019,0122,Terra,MODIS,100,6.3,325.6,211.9,D,0
-15.6147,134.5795,380.3,1,1,30/9/2019,0122,Terra,MODIS,100,6.3,318.6,135.5,D,0
-15.6161,134.5887,395.6,1,1,30/9/2019,0122,Terra,MODIS,100,6.3,324.2,203.3,D,0
-15.6321,134.5708,375.7,1,1,30/9/2019,0122,Terra,MODIS,100,6.3,319.8,117.7,D,0
-15.6334,134.5801,363.9,1,1,30/9/2019,0122,Terra,MODIS,100,6.3,320.5,76.3,D,0
-15.4455,126.8828,360.8,2.7,1.6,30/9/2019,0122,Terra,MODIS,100,6.3,308.7,297.2,D,0
-15.4497,126.8758,370.9,2.7,1.6,30/9/2019,0122,Terra,MODIS,100,6.3,306.3,426.9,D,0
-26.1927,146.6512,384.4,1,1,30/9/2019,0407,Aqua,MODIS,100,6.3,315.5,158.2,D,0
-18.2855,142.4448,361.7,1.1,1,30/9/2019,0409,Aqua,MODIS,100,6.3,319.4,70.9,D,0
-18.2762,142.4435,365,1.1,1,30/9/2019,0409,Aqua,MODIS,100,6.3,316.9,85.6,D,0
-18.2934,142.4563,364.2,1.1,1,30/9/2019,0409,Aqua,MODIS,100,6.3,323.6,74.9,D,0
-17.0041,143.2801,369.1,1,1,30/9/2019,0410,Aqua,MODIS,100,6.3,316,91.5,D,0
-17.0017,143.2315,381.8,1,1,30/9/2019,0410,Aqua,MODIS,100,6.3,314.6,146.9,D,0
-16.9913,143.2396,370.1,1,1,30/9/2019,0410,Aqua,MODIS,100,6.3,312.9,101.2,D,0
-16.9927,143.2301,409.6,1,1,30/9/2019,0410,Aqua,MODIS,100,6.3,319.6,303.8,D,0
-16.981,143.2476,362,1,1,30/9/2019,0410,Aqua,MODIS,100,6.3,307.3,77.1,D,0
-16.9823,143.2382,385.7,1,1,30/9/2019,0410,Aqua,MODIS,100,6.3,313.2,164.3,D,0
-16.9836,143.2288,421.7,1,1,30/9/2019,0410,Aqua,MODIS,100,6.3,321.1,399.6,D,0
-16.9849,143.2193,375.4,1,1,30/9/2019,0410,Aqua,MODIS,100,6.3,313.5,122.4,D,0
-15.9722,144.6349,375.9,1,1,30/9/2019,0410,Aqua,MODIS,100,6.3,320.2,123.9,D,0
-15.9736,144.6254,380.1,1,1,30/9/2019,0410,Aqua,MODIS,100,6.3,321,139.4,D,0
-15.975,144.6159,385.2,1,1,30/9/2019,0410,Aqua,MODIS,100,6.3,318.4,163.1,D,0
-15.9268,144.6275,369.8,1,1,30/9/2019,0410,Aqua,MODIS,100,6.3,319.8,101.5,D,0
-15.9282,144.618,361.4,1,1,30/9/2019,0410,Aqua,MODIS,100,6.3,320.2,73.3,D,0
-15.919,144.6195,371.7,1,1,30/9/2019,0410,Aqua,MODIS,100,6.3,316.7,111,D,0
-15.9204,144.61,360,1,1,30/9/2019,0410,Aqua,MODIS,100,6.3,316.3,73.9,D,0
-15.4095,141.9252,370.7,1.1,1,30/9/2019,0410,Aqua,MODIS,100,6.3,322.1,104.4,D,0
-15.4108,141.9154,386.9,1.1,1,30/9/2019,0410,Aqua,MODIS,100,6.3,322.6,175.7,D,0
-15.6842,135.0663,368.9,3.1,1.7,30/9/2019,0410,Aqua,MODIS,100,6.3,311.1,479.7,D,0
-15.6872,135.0374,391.4,3.1,1.7,30/9/2019,0410,Aqua,MODIS,100,6.3,310.3,963.8,D,0
-15.6722,135.0357,383.1,3.1,1.7,30/9/2019,0410,Aqua,MODIS,100,6.3,315.2,760.4,D,0
-15.6851,135.0591,386.6,3.1,1.7,30/9/2019,0410,Aqua,MODIS,100,6.3,311.7,836.4,D,0
-15.6883,135.0301,372.6,3.1,1.7,30/9/2019,0410,Aqua,MODIS,100,6.3,307.9,552.3,D,0
-15.6701,135.0574,366.5,3.1,1.7,30/9/2019,0410,Aqua,MODIS,100,6.3,315.1,440.4,D,0
-15.6733,135.0285,379.1,3.1,1.7,30/9/2019,0410,Aqua,MODIS,100,6.3,313.9,673.8,D,0
-14.7768,141.7089,367.3,1.1,1,30/9/2019,0410,Aqua,MODIS,100,6.3,324.6,84.6,D,0
-14.7782,141.699,380.8,1.1,1,30/9/2019,0410,Aqua,MODIS,100,6.3,322,142.4,D,0
-14.7634,141.7618,362.1,1.1,1,30/9/2019,0410,Aqua,MODIS,100,6.3,322.1,71.8,D,0
-14.7716,141.7027,377.8,1.1,1,30/9/2019,0410,Aqua,MODIS,100,6.3,323.8,133.3,D,0
-15.5072,134.6086,406,3.3,1.7,30/9/2019,0410,Aqua,MODIS,100,6.3,316.9,1544.4,D,0
-15.5105,134.5779,360,3.3,1.7,30/9/2019,0410,Aqua,MODIS,100,6.3,306.7,405,D,0
-15.4917,134.6069,403.6,3.3,1.7,30/9/2019,0410,Aqua,MODIS,100,6.3,315.4,1470.8,D,0
-14.2907,143.548,398.9,1,1,30/9/2019,0410,Aqua,MODIS,100,6.3,310.8,231.1,D,0
-14.292,143.5388,420.4,1,1,30/9/2019,0410,Aqua,MODIS,100,6.3,315.5,385.7,D,0
-14.2933,143.5296,365.2,1,1,30/9/2019,0410,Aqua,MODIS,100,6.3,302.3,89.5,D,0
-12.3968,141.7911,361.5,1,1,30/9/2019,0411,Aqua,MODIS,100,6.3,303.7,82.1,D,0
-12.3877,141.7898,366.9,1,1,30/9/2019,0411,Aqua,MODIS,100,6.3,303.7,99.6,D,0
-12.376,141.8072,369.3,1,1,30/9/2019,0411,Aqua,MODIS,100,6.3,306.1,106.9,D,0
-12.3773,141.7978,360,1,1,30/9/2019,0411,Aqua,MODIS,100,6.3,304.2,79.1,D,0
-12.0852,141.8547,365.3,1,1,30/9/2019,0411,Aqua,MODIS,100,6.3,303.1,96.5,D,0
-11.7812,142.1187,360.9,1,1,30/9/2019,0411,Aqua,MODIS,100,6.3,300.8,82.1,D,0
-13.337,141.9713,369.7,1,1,30/9/2019,0411,Aqua,MODIS,100,6.3,313.8,99.4,D,0
-13.3384,141.9618,393.6,1,1,30/9/2019,0411,Aqua,MODIS,100,6.3,316.4,207.5,D,0
-13.3397,141.9524,395.7,1,1,30/9/2019,0411,Aqua,MODIS,100,6.3,314.9,222.2,D,0
-28.2961,128.4504,368.1,2,1.4,30/9/2019,0545,Aqua,MODIS,100,6.3,320.3,237.9,D,0
-28.2843,128.5099,368.4,2,1.4,30/9/2019,0545,Aqua,MODIS,100,6.3,317,243.7,D,0
-28.3083,128.4536,377.8,2,1.4,30/9/2019,0545,Aqua,MODIS,100,6.3,321.3,331.4,D,0
-28.3044,128.4733,372.7,2,1.4,30/9/2019,0545,Aqua,MODIS,100,6.3,316.9,279.6,D,0
-28.2927,128.5328,378.5,2,1.4,30/9/2019,0545,Aqua,MODIS,100,6.3,312.4,356.3,D,0
-28.3166,128.4763,363.8,2,1.4,30/9/2019,0545,Aqua,MODIS,100,6.3,314.4,210.2,D,0
-28.3049,128.5359,409,2,1.4,30/9/2019,0545,Aqua,MODIS,100,6.3,319.1,812.2,D,0
-28.301,128.556,363.9,2,1.4,30/9/2019,0545,Aqua,MODIS,100,6.3,304.7,228.6,D,0
-31.0784,115.6346,418,2,1.4,30/9/2019,0545,Aqua,MODIS,100,6.3,317.7,1027.1,D,0
-31.0764,115.6559,398.6,2,1.4,30/9/2019,0545,Aqua,MODIS,100,6.3,303.6,655.9,D,0
-28.2737,128.3568,369.6,1.9,1.4,30/9/2019,0545,Aqua,MODIS,100,6.3,318.2,246.3,D,0
-28.3072,128.4482,369.9,2,1.4,30/9/2019,0545,Aqua,MODIS,100,6.3,322.7,254.2,D,0
-28.3034,128.4678,361.3,2,1.4,30/9/2019,0545,Aqua,MODIS,100,6.3,317.2,181.8,D,0
-15.9083,144.5877,320.2,3.1,1.7,30/9/2019,1335,Terra,MODIS,100,6.3,291.4,94,N,0
-14.928,133.9093,321.8,1.1,1,30/9/2019,1335,Terra,MODIS,100,6.3,300.9,17.3,N,0
-14.9267,133.9193,328.6,1.1,1,30/9/2019,1335,Terra,MODIS,100,6.3,301,25.9,N,0
-14.9254,133.9293,328.2,1.1,1,30/9/2019,1335,Terra,MODIS,100,6.3,300.7,25.6,N,0
-13.463,132.4201,325.5,1.2,1.1,30/9/2019,1336,Terra,MODIS,100,6.3,297.4,27.4,N,0
-13.4618,132.4251,324.1,1.2,1.1,30/9/2019,1336,Terra,MODIS,100,6.3,297.5,25.2,N,0
-11.6539,142.1637,321.9,2.5,1.5,30/9/2019,1336,Terra,MODIS,100,6.3,292,66.8,N,0
-20.5958,116.7834,320.9,1.5,1.2,30/9/2019,1512,Terra,MODIS,100,6.3,295,31.7,N,0
-14.943,133.9157,333.8,1.1,1.1,30/9/2019,1640,Aqua,MODIS,100,6.3,296.9,38.7,N,0
-14.9348,133.9277,322.8,1.1,1.1,30/9/2019,1640,Aqua,MODIS,100,6.3,296.2,22,N,0
-13.92,132.959,322,1,1,30/9/2019,1640,Aqua,MODIS,100,6.3,298.2,18,N,0
-16.687,127.609,320.8,1.3,1.1,30/9/2019,1641,Aqua,MODIS,100,6.3,297.4,25,N,0
-16.7241,124.8292,328.5,2.1,1.4,30/9/2019,1641,Aqua,MODIS,100,6.3,295.1,73.4,N,0
-16.7134,124.8259,343.2,2.1,1.4,30/9/2019,1641,Aqua,MODIS,100,6.3,295.4,136,N,0
-16.7117,124.8318,325,2.1,1.4,30/9/2019,1641,Aqua,MODIS,100,6.3,294.9,60.9,N,0
-28.064,131.6209,323.5,1.2,1.1,30/9/2019,1644,Aqua,MODIS,100,6.3,293.9,27.4,N,0